champion,rank,player_name,score,games,winrate,captured_at
Aatrox,1,Firist15,10489,60,60.0,2026-10-05T10:24:36
Aatrox,2,ODENSTS,10271,45,57.8,2026-10-05T10:24:46
Aatrox,3,Only Gabael,10271,72,65.3,2026-10-05T10:25:12
Aatrox,4,only4 her,10271,66,72.7,2026-10-05T10:25:23
Aatrox,5,上帝 Naayil,9906,57,59.6,2026-10-05T10:25:35
Aatrox,6,Caalyxto,9979,65,58.5,2026-10-05T10:25:44
Aatrox,7,,9382,20,75.0,2026-10-05T10:25:55
Aatrox,8,fabz,9390,37,70.3,2026-10-05T10:26:06
Aatrox,9,Xala12,9348,31,71.0,2026-10-05T10:26:15
Aatrox,10,Juanzin,9177,51,60.8,2026-10-05T10:26:27
Aatrox,11,ApTém TéMHbIH,9141,17,94.1,2026-10-05T10:26:35
Aatrox,12,Aatryo,9254,33,81.8,2026-10-05T10:26:46
Aatrox,13,shion,9213,44,61.4,2026-10-05T10:26:57
Aatrox,14,MordekaiserSigma,8841,17,82.4,2026-10-05T10:27:07
Aatrox,15,NOG Zé Do Poste,8785,32,65.6,2026-10-05T10:27:18
Aatrox,16,电玩咕咕枭,8771,51,60.8,2026-10-05T10:27:27
Aatrox,17,CRAZY,8579,27,63.0,2026-10-05T10:27:38
Aatrox,18,wpopoff glazer,8579,43,53.5,2026-10-05T10:27:50
Aatrox,19,倒一剑魔,8785,29,58.6,2026-10-05T10:27:59
Aatrox,20,TARGONホ,8429,24,75.0,2026-10-05T10:28:09
Aatrox,21,Pantera,8137,73,68.5,2026-10-05T10:28:20
Aatrox,22,siiisiiisiii,8579,106,49.1,2026-10-05T10:28:32
Aatrox,23,SpeedWagon,7958,33,57.6,2026-10-05T10:28:47
Aatrox,24,聖Diablo桃,7952,29,58.6,2026-10-05T10:28:58
Aatrox,25,Shimmon,7884,39,61.5,2026-10-05T10:29:09
Aatrox,26,noemoises1022,7946,39,64.1,2026-10-05T10:29:19
Aatrox,27,Tiumaiss,7798,10,90.0,2026-10-05T10:29:28
Aatrox,28,Bkey,7859,48,60.4,2026-10-05T10:29:40
Aatrox,29,Bennimaru,8047,40,62.5,2026-10-05T10:29:51
Aatrox,30,ジェーンJane Juliet,7736,16,62.5,2026-10-05T10:30:00
Ahri,1,anxietyzxs,10552,54,63.0,2026-10-05T16:41:43
Ahri,2,Gedu,10260,43,60.5,2026-10-05T16:41:53
Ahri,3,一人一,10031,64,64.1,2026-10-05T16:42:08
Ahri,4,Twitch ShxdowWr,9907,19,84.2,2026-10-05T16:42:17
Ahri,5,desvairar,9866,41,75.6,2026-10-05T16:42:31
Ahri,6,JungleKingdom225,9540,13,84.6,2026-10-05T16:42:41
Ahri,7,Chaugnar666,9813,61,62.3,2026-10-05T16:42:53
Ahri,8,Sailor Jinx,9264,32,53.1,2026-10-05T16:43:08
Ahri,9,Giovanna Grave,9261,61,50.8,2026-10-05T16:43:17
Ahri,10,VR Vito,9160,25,84.0,2026-10-05T16:43:28
Ahri,11,TSTN Tadashi,9343,127,61.4,2026-10-05T16:43:41
Ahri,12,OTP MID,8882,22,68.2,2026-10-05T16:43:51
Ahri,13,TheKingOkami,9338,85,50.6,2026-10-05T16:44:03
Ahri,14,Kanto Terror,8787,58,77.6,2026-10-05T16:44:16
Ahri,15,小小羊羔,8785,44,77.3,2026-10-05T16:44:26
Ahri,16,Ryujin,8785,47,66.0,2026-10-05T16:44:40
Ahri,17,bunny boy,8735,48,64.6,2026-10-05T16:44:54
Ahri,18,sleepyhead,8766,12,83.3,2026-10-05T16:45:08
Ahri,19,Trixster,8718,19,68.4,2026-10-05T16:45:20
Ahri,20,11xAug,9116,51,54.9,2026-10-05T16:45:30
Ahri,21,Hade,2354,1,100.0,2026-10-05T16:45:49
Ahri,22,NoFanzy,8633,57,63.2,2026-10-05T16:46:02
Ahri,23,Draco,8706,32,65.6,2026-10-05T16:46:14
Ahri,24,Gatita De Coco,8517,19,63.2,2026-10-05T16:46:25
Ahri,25,Alanishyy,8614,24,58.3,2026-10-05T16:46:35
Ahri,26,Seigen,8350,14,78.6,2026-10-05T16:46:47
Ahri,27,izoe,8414,20,60.0,2026-10-05T16:46:59
Ahri,28,g0rdinha,8316,28,57.1,2026-10-05T16:47:08
Ahri,29,JLGA11,8366,29,75.9,2026-10-05T16:47:21
Ahri,30,么GOT么Joiner,8381,21,57.1,2026-10-05T16:47:34
Akali,1,Green Minion 怒,10271,95,57.9,2026-10-05T15:22:15
Akali,2,Bankai,10031,55,67.3,2026-10-05T15:22:31
Akali,3,AKYZN,10031,119,57.1,2026-10-05T15:22:47
Akali,4,tea,9534,60,75.0,2026-10-05T15:22:59
Akali,5,sythe,9519,51,72.5,2026-10-05T15:23:12
Akali,6,heursy,10031,64,60.9,2026-10-05T15:23:23
Akali,7,Siqueira,9343,86,65.1,2026-10-05T15:23:35
Akali,8,黒脚アカリ,9649,107,54.2,2026-10-05T15:23:47
Akali,9,show,8980,23,60.9,2026-10-05T15:23:57
Akali,10,Gregor Samsa,9160,207,54.6,2026-10-05T15:24:11
Akali,11,Tacuache69,8857,50,54.0,2026-10-05T15:24:25
Akali,12,Ksokédichmanh,8763,37,64.9,2026-10-05T15:24:35
Akali,13,FemboyDeAkali,8912,129,55.0,2026-10-05T15:24:48
Akali,14,BotKing ヤギッ,8872,86,59.3,2026-10-05T15:24:59
Akali,15,Time as Twilight,8679,12,91.7,2026-10-05T15:25:11
Akali,16,火Stark火,8654,23,69.6,2026-10-05T15:25:27
Akali,17,TchunailendA,9157,98,51.0,2026-10-05T15:25:40
Akali,18,Gedu,8858,49,42.9,2026-10-05T15:25:58
Akali,19,Losestreak,8506,58,50.0,2026-10-05T15:26:20
Akali,20,Veylor,8579,107,46.7,2026-10-05T15:26:29
Akali,21,Prototype,8466,45,66.7,2026-10-05T15:26:44
Akali,22,Gloxi,8471,25,64.0,2026-10-05T15:26:55
Akali,23,bumbum guloso,8422,20,65.0,2026-10-05T15:27:20
Akali,24,Teagaxis,8347,14,78.6,2026-10-05T15:27:32
Akali,25,AkaliSiamela TTK,3278,8,50.0,2026-10-05T15:27:44
Akali,26,Last Flanck,8431,23,73.9,2026-10-05T15:27:54
Akali,27,Shibuya 你好,8263,33,57.6,2026-10-05T15:28:07
Akali,28,Withdeath,8218,20,70.0,2026-10-05T15:28:19
Akali,29,OGURI CAP,8282,68,58.8,2026-10-05T15:28:29
Akali,30,Divino Sexual,8154,36,66.7,2026-10-05T15:28:41
Akshan,1,L4E FurryKshan,10271,129,54.3,2026-10-06T02:47:29
Akshan,2,Felxlayer,9840,103,57.3,2026-10-06T02:47:39
Akshan,3,ColonellMustang,8785,76,57.9,2026-10-06T02:47:50
Akshan,4,SOPINHA the HERO,8692,18,83.3,2026-10-06T02:48:03
Akshan,6,Yik,8474,31,58.1,2026-10-06T02:48:35
Akshan,7,KelpieCreed,7985,59,66.1,2026-10-06T02:48:46
Akshan,8,小青蛙人,7909,73,45.2,2026-10-06T02:48:58
Akshan,9,LW TheAngel,7834,43,72.1,2026-10-06T02:49:08
Akshan,10,Suco,7834,63,69.8,2026-10-06T02:49:23
Akshan,11,Akshan OneShot,7834,92,53.3,2026-10-06T02:49:35
Akshan,12,GBu3No,7802,36,52.8,2026-10-06T02:49:46
Akshan,13,Tarzan,8031,37,70.3,2026-10-06T02:49:56
Akshan,14,Skywalker,7834,109,51.4,2026-10-06T02:50:04
Akshan,15,Raijin,7708,17,70.6,2026-10-06T02:50:16
Akshan,16,Jhon Wis,7671,57,66.7,2026-10-06T02:50:26
Akshan,17,Tarzan Da Shopee,7515,90,57.8,2026-10-06T02:50:35
Akshan,18,phonsynunes,3523,1,100.0,2026-10-06T02:50:47
Akshan,19,EXO Rengoku愛,7427,43,60.5,2026-10-06T02:50:59
Akshan,20,Fr0sty,7352,72,58.3,2026-10-06T02:51:14
Akshan,21,POMBO,7500,59,45.8,2026-10-06T02:51:28
Akshan,22,Leif Erikson,7626,47,66.0,2026-10-06T02:51:38
Akshan,23,Ferreira,7671,60,56.7,2026-10-06T02:51:49
Akshan,24,OP AKSHAN,7358,57,54.4,2026-10-06T02:51:57
Akshan,25,Kaien,4302,4,50.0,2026-10-06T02:52:08
Akshan,26,CLTransudo,7268,59,64.4,2026-10-06T02:52:18
Akshan,27,Anh JAY say bye,7361,54,55.6,2026-10-06T02:52:27
Akshan,28,ROKz,7273,142,49.3,2026-10-06T02:52:37
Akshan,29,DavidLuis,7056,66,59.1,2026-10-06T02:52:47
Akshan,30,Erik Lanister,6999,36,55.6,2026-10-06T02:52:56
Alistar,1,davixx,10271,83,63.9,2026-10-06T00:53:55
Alistar,2,Apo,8924,51,60.8,2026-10-06T00:54:05
Alistar,4,Albanian tired,8579,19,84.2,2026-10-06T00:54:32
Alistar,5,leite,8140,22,68.2,2026-10-06T00:54:44
Alistar,6,Bathory,7972,34,35.3,2026-10-06T00:54:54
Alistar,7,KDN Taquito21,7834,55,54.5,2026-10-06T00:55:04
Alistar,8,FLUIDO CORPORAL,8252,57,50.9,2026-10-06T00:55:15
Alistar,9,WoahZekey,7795,51,62.7,2026-10-06T00:55:24
Alistar,10,Mr0d1nstycK,7559,46,52.2,2026-10-06T00:55:40
Alistar,11,UrPathetic,7505,49,61.2,2026-10-06T00:55:57
Alistar,12,極iu,7215,24,58.3,2026-10-06T00:56:10
Alistar,13,is Noah,7305,63,54.0,2026-10-06T00:56:23
Alistar,14,Xazo,7090,44,65.9,2026-10-06T00:56:34
Alistar,15,XmegalukeX,7303,94,47.9,2026-10-06T00:56:47
Alistar,16,Pastor,7148,91,57.1,2026-10-06T00:57:01
Alistar,17,BobMarley,7324,74,54.1,2026-10-06T00:57:09
Alistar,18,Rainbow97,6879,8,87.5,2026-10-06T00:57:24
Alistar,19,NMS Minato12,6745,19,57.9,2026-10-06T00:57:35
Alistar,20,xooki,6702,21,90.5,2026-10-06T00:57:50
Alistar,21,HOLIDAY,6614,27,51.9,2026-10-06T00:58:03
Alistar,22,NtK TrucuTru,1806,2,50.0,2026-10-06T00:58:12
Alistar,23,Egorythmia,6902,33,54.5,2026-10-06T00:58:28
Alistar,24,FabricaMuebles,6718,31,54.8,2026-10-06T00:58:39
Alistar,26,ABK,6448,30,70.0,2026-10-06T00:58:58
Alistar,27,CesinhaXr,7174,96,55.2,2026-10-06T00:59:06
Alistar,28,Nath,6497,41,56.1,2026-10-06T00:59:17
Alistar,29,朱 kento nanami,6482,45,62.2,2026-10-06T00:59:28
Alistar,30,donquichi,6358,47,66.0,2026-10-06T00:59:38
Ambessa,1,THINJORDAN,10271,140,57.9,2026-10-06T01:00:02
Ambessa,2,LGX TheKiller114,9887,56,57.1,2026-10-06T01:00:18
Ambessa,3,Firist15,9750,45,51.1,2026-10-06T01:00:35
Ambessa,5,Couddyzx,10342,139,48.2,2026-10-06T01:01:05
Ambessa,6,Riruka Gamine,4634,12,41.7,2026-10-06T01:01:14
Ambessa,7,NIKOLAI,10271,147,53.7,2026-10-06T01:01:25
Ambessa,8,Khosan,9285,80,57.5,2026-10-06T01:01:35
Ambessa,9,铁皮人大王,9278,52,57.7,2026-10-06T01:01:44
Ambessa,10,AUDAX,3096,8,37.5,2026-10-06T01:01:54
Ambessa,11,BLKN Tío keria,10031,94,58.5,2026-10-06T01:02:05
Ambessa,12,,8977,18,72.2,2026-10-06T01:02:14
Ambessa,13,Mono Félleps,9171,62,50.0,2026-10-06T01:02:24
Ambessa,14,BLKN Ángel,8631,28,57.1,2026-10-06T01:02:36
Ambessa,15,Bunny Princess,8617,34,67.6,2026-10-06T01:02:53
Ambessa,16,shaclone,8959,75,64.0,2026-10-06T01:03:10
Ambessa,17,fxxxxxxx,8554,24,54.2,2026-10-06T01:03:20
Ambessa,18,s cug dc,8673,96,55.2,2026-10-06T01:03:31
Ambessa,19,她未婚说等我,8496,28,64.3,2026-10-06T01:03:42
Ambessa,20,Zest,8431,20,60.0,2026-10-06T01:03:51
Ambessa,21,Wiil,8637,22,81.8,2026-10-06T01:04:04
Ambessa,22,Kyrie11,8379,35,71.4,2026-10-06T01:04:12
Ambessa,23,lust,8310,16,62.5,2026-10-06T01:04:21
Ambessa,24,012110,8579,59,67.8,2026-10-06T01:04:32
Ambessa,25,TTV Notoriouswr,8416,56,53.6,2026-10-06T01:04:43
Ambessa,26,EmideH,8154,36,50.0,2026-10-06T01:04:51
Ambessa,27,Prime,8253,31,58.1,2026-10-06T01:05:01
Ambessa,28,GrexM,7985,86,59.3,2026-10-06T01:05:10
Ambessa,29,Kings Solace,7941,97,55.7,2026-10-06T01:05:21
Ambessa,30,MTD Jc,7969,63,58.7,2026-10-06T01:05:33
Amumu,1,Azmuth,10031,70,60.0,2026-10-05T10:36:36
Amumu,2,VM Riyan,10031,67,67.2,2026-10-05T10:36:45
Amumu,3,レ Rĩntaro イ,3497,13,38.5,2026-10-05T10:36:55
Amumu,4,TT 1V9 JAX BR,9546,42,57.1,2026-10-05T10:37:05
Amumu,5,8 Pack Genetics,9426,30,56.7,2026-10-05T10:37:22
Amumu,6,Rexpeita o rato,9516,66,63.6,2026-10-05T10:37:50
Amumu,7,MajesticPumpking,8918,29,65.5,2026-10-05T10:38:16
Amumu,8,Voltio,8785,87,62.1,2026-10-05T10:38:32
Amumu,9,Swokowsky28,8651,33,75.8,2026-10-05T10:38:43
Amumu,10,full clear,8597,70,61.4,2026-10-05T10:38:56
Amumu,11,Emaster777,8154,27,70.4,2026-10-05T10:39:06
Amumu,12,ゆうじ,8154,72,59.7,2026-10-05T10:39:19
Amumu,13,WIND M4STER,8033,94,61.7,2026-10-05T10:39:32
Amumu,14,RD Bolanta,7991,55,56.4,2026-10-05T10:39:41
Amumu,15,EC AMUMU 1K SMIT,8366,123,56.9,2026-10-05T10:39:54
Amumu,16,Kevin Depressão,7451,18,66.7,2026-10-05T10:40:05
Amumu,17,Sensei GAP,7941,49,55.1,2026-10-05T10:40:16
Amumu,18,srSoneca,8314,119,58.0,2026-10-05T10:40:30
Amumu,19,Fleuberth,7834,72,58.3,2026-10-05T10:40:45
Amumu,20,Danielo,7671,93,57.0,2026-10-05T10:40:58
Amumu,21,Mazusuki,7658,21,52.4,2026-10-05T10:41:12
Amumu,22,SÓ FUMO SKANK,7599,47,70.2,2026-10-05T10:41:23
Amumu,23,Ferrijit,7597,20,80.0,2026-10-05T10:41:36
Amumu,24,Leonidas,8005,23,65.2,2026-10-05T10:41:50
Amumu,25,Smart Torto,2754,13,23.1,2026-10-05T10:42:00
Amumu,26,Profit,7565,59,74.6,2026-10-05T10:42:12
Amumu,27,RGK Caju,7533,36,63.9,2026-10-05T10:42:21
Amumu,28,Pappoy,7699,38,60.5,2026-10-05T10:42:31
Amumu,29,Hunter OMG,7515,30,63.3,2026-10-05T10:42:43
Amumu,30,iTSB Balakinha,7515,29,65.5,2026-10-05T10:42:54
Annie,1,RCTL伯爵哥哥,9967,49,63.3,2026-10-05T16:20:16
Annie,2,Nivoxxz,9175,66,69.7,2026-10-05T16:20:47
Annie,3,jenny,8785,23,82.6,2026-10-05T16:21:01
Annie,4,Hatsu,8827,94,52.1,2026-10-05T16:21:15
Annie,5,Sleepy,8695,46,60.9,2026-10-05T16:21:30
Annie,6,Sophieeeeee,8631,100,58.0,2026-10-05T16:21:41
Annie,7,Escanor,8366,50,64.0,2026-10-05T16:22:17
Annie,8,CTRx Aizen,8532,62,61.3,2026-10-05T16:22:31
Annie,9,ARACAJU,8539,149,55.0,2026-10-05T16:22:41
Annie,10,ZETA,3575,10,40.0,2026-10-05T16:22:54
Annie,11,Annth019,7990,30,70.0,2026-10-05T16:23:49
Annie,12,AuraMáxima,8223,148,53.4,2026-10-05T16:24:00
Annie,13,TLT Olympus,7605,40,67.5,2026-10-05T16:24:13
Annie,14,reyes08,7773,28,46.4,2026-10-05T16:24:24
Annie,15,Hezi360,7448,37,64.9,2026-10-05T16:24:38
Annie,17,Auswählen,7931,79,55.7,2026-10-05T16:26:38
Annie,18,Artested,7467,29,72.4,2026-10-05T16:26:48
Annie,19,Alma Sorridente,7352,70,67.1,2026-10-05T16:27:00
Annie,20,ねねね,7673,39,59.0,2026-10-05T16:27:14
Annie,21,T1 wili,7347,50,64.0,2026-10-05T16:27:27
Annie,22,DRKZ SCYLLA,8260,96,45.8,2026-10-05T16:27:38
Annie,23,Stitch,7352,90,63.3,2026-10-05T16:27:51
Annie,24,joselillo080809,7239,34,64.7,2026-10-05T16:28:02
Annie,25,Tea,7213,38,60.5,2026-10-05T16:28:16
Annie,26,Jelios,7202,12,66.7,2026-10-05T16:28:32
Annie,27,Marethyu,7186,9,77.8,2026-10-05T16:28:43
Annie,28,Kim,7180,34,61.8,2026-10-05T16:28:56
Annie,29,Leozinho,7520,37,54.1,2026-10-05T16:29:09
Annie,30,STS Dxvid,7048,35,51.4,2026-10-05T16:29:20
Ashe,1,QMA Blessed,10624,40,65.0,2026-10-06T00:42:21
Ashe,2,NØIR,10472,24,95.8,2026-10-06T00:42:31
Ashe,3,Hiko,9846,58,63.8,2026-10-06T00:42:42
Ashe,4,Azh,10188,85,52.9,2026-10-06T00:43:00
Ashe,5,Brandon,9222,17,82.4,2026-10-06T00:43:12
Ashe,6,stenio latario,2066,2,50.0,2026-10-06T00:43:23
Ashe,7,DR拉斐尔弗拉图斯991,8887,32,75.0,2026-10-06T00:43:37
Ashe,8,喜茶不喜你,8765,58,58.6,2026-10-06T00:43:51
Ashe,9,CarecaNaEscuta,8886,126,53.2,2026-10-06T00:44:01
Ashe,10,ASHE,9098,50,62.0,2026-10-06T00:44:14
Ashe,11,BELGAAAAA,8446,94,61.7,2026-10-06T00:44:27
Ashe,12,Hola Yewen,8469,34,52.9,2026-10-06T00:44:38
Ashe,13,Kamehameha,8568,41,65.9,2026-10-06T00:44:50
Ashe,14,TTK DRAVEDEXRE,8366,55,65.5,2026-10-06T00:44:58
Ashe,15,Nissan GTR R35,8262,78,61.5,2026-10-06T00:45:08
Ashe,16,O melhor Gatinho,8237,40,55.0,2026-10-06T00:45:19
Ashe,17,Toy Sad,8371,26,65.4,2026-10-06T00:45:29
Ashe,18,Filho do BBZ,8061,39,59.0,2026-10-06T00:45:43
Ashe,19,LifeS,8037,20,60.0,2026-10-06T00:45:57
Ashe,20,Diclonius,8304,67,55.2,2026-10-06T00:46:09
Ashe,21,굶주림V aresa,7884,26,57.7,2026-10-06T00:46:21
Ashe,22,FiscalDeGameplay,7833,32,59.4,2026-10-06T00:46:29
Ashe,23,LW≡AIMaTaD0r,8028,69,66.7,2026-10-06T00:46:40
Ashe,24,Midori Kurotani,7740,18,94.4,2026-10-06T00:46:50
Ashe,25,Guilherme CHEFE,8309,144,58.3,2026-10-06T00:46:58
Ashe,26,PENTAKIL,7718,100,62.0,2026-10-06T00:47:09
Ashe,27,By Dann,7701,27,66.7,2026-10-06T00:47:20
Ashe,28,Ashe de Souza,7834,52,59.6,2026-10-06T00:47:29
Ashe,29,LMD,6103,8,50.0,2026-10-06T00:47:39
Ashe,30,Profe en paro,7834,61,63.9,2026-10-06T00:47:50
Aurelion Sol,1,Arishem,10271,39,69.2,2026-10-05T14:07:41
Aurelion Sol,2,T1 Oner,10031,82,59.8,2026-10-05T14:07:52
Aurelion Sol,3,qawqerl,10038,29,72.4,2026-10-05T14:10:06
Aurelion Sol,4,ASOL ONLY FANS,9608,50,64.0,2026-10-05T14:10:26
Aurelion Sol,5,MJJONÁS,9530,17,94.1,2026-10-05T14:10:47
Aurelion Sol,6,AdamantiumK,9554,45,62.2,2026-10-05T14:11:01
Aurelion Sol,7,SpacePuppy,9032,132,54.5,2026-10-05T14:11:28
Aurelion Sol,8,SGC ASOL,8975,48,60.4,2026-10-05T14:11:37
Aurelion Sol,9,劉璋Liu Zhigang,8579,36,69.4,2026-10-05T14:11:52
Aurelion Sol,10,MIKAOツ,8520,18,83.3,2026-10-05T14:12:11
Aurelion Sol,11,Sitzo,8516,17,76.5,2026-10-05T14:12:27
Aurelion Sol,12,Hollywood,8627,28,60.7,2026-10-05T14:12:43
Aurelion Sol,13,Destruidor 674,8361,24,62.5,2026-10-05T14:12:55
Aurelion Sol,14,Fxel,8341,56,62.5,2026-10-05T14:13:06
Aurelion Sol,15,Lord Roan,8154,49,61.2,2026-10-05T14:13:17
Aurelion Sol,16,Sashenka,8076,57,77.2,2026-10-05T14:13:29
Aurelion Sol,17,SIN MERCY,8073,56,57.1,2026-10-05T14:13:41
Aurelion Sol,18,Sucub0y,7959,13,69.2,2026-10-05T14:13:50
Aurelion Sol,19,Aegon II Usurper,7922,44,65.9,2026-10-05T14:14:04
Aurelion Sol,20,carloneytor161,7909,28,64.3,2026-10-05T14:14:13
Aurelion Sol,21,RD Anúbis,8051,31,64.5,2026-10-05T14:14:24
Aurelion Sol,22,RNK Thundex,8003,29,55.2,2026-10-05T14:14:40
Aurelion Sol,23,AlissonFive,7746,13,69.2,2026-10-05T14:14:50
Aurelion Sol,24,Volvagia,7686,98,52.0,2026-10-05T14:15:00
Aurelion Sol,25,Like Dejavu,7671,31,77.4,2026-10-05T14:15:11
Aurelion Sol,26,CaféZin,7664,11,81.8,2026-10-05T14:15:21
Aurelion Sol,27,TheKingOkami,7657,19,57.9,2026-10-05T14:15:33
Aurelion Sol,28,Julia picpic,7636,14,92.9,2026-10-05T14:15:45
Aurelion Sol,29,Divine,7834,63,57.1,2026-10-05T14:15:54
Aurelion Sol,30,DRX Velvet,7565,70,52.9,2026-10-05T14:16:08
Aurora,1,Mõm tp đi Mid,10129,37,67.6,2026-10-06T01:17:15
Aurora,2,RamboJordan715,9476,53,81.1,2026-10-06T01:17:27
Aurora,3,THC Bruno,9191,27,70.4,2026-10-06T01:17:38
Aurora,4,dinossauro vex,9177,59,54.2,2026-10-06T01:18:01
Aurora,5,Lammacornド,8842,38,68.4,2026-10-06T01:18:16
Aurora,6,北極光,8918,77,64.9,2026-10-06T01:18:28
Aurora,7,悪魔の手,8785,39,53.8,2026-10-06T01:18:43
Aurora,8,Billy,8785,34,70.6,2026-10-06T01:18:54
Aurora,9,Jacob XX,8749,27,70.4,2026-10-06T01:19:03
Aurora,10,A d1 đà pht,8652,37,56.8,2026-10-06T01:19:15
Aurora,11,Spinel Joking,8594,44,50.0,2026-10-06T01:19:23
Aurora,12,nino,8619,53,58.5,2026-10-06T01:19:34
Aurora,13,MatSHOW,8712,39,61.5,2026-10-06T01:19:45
Aurora,14,,8394,23,60.9,2026-10-06T01:19:53
Aurora,15,AHYEONJUNG,8346,36,50.0,2026-10-06T01:20:03
Aurora,16,É a Pipokiis,8257,36,61.1,2026-10-06T01:20:14
Aurora,17,HAPPY ENDING,8309,46,60.9,2026-10-06T01:20:27
Aurora,18,aqua,8177,13,92.3,2026-10-06T01:20:43
Aurora,19,ZachT,8260,33,75.8,2026-10-06T01:20:56
Aurora,20,FearJv,8053,39,56.4,2026-10-06T01:21:10
Aurora,21,Mista,6849,12,75.0,2026-10-06T01:21:20
Aurora,22,미드승리,7884,60,60.0,2026-10-06T01:21:29
Aurora,23,AznYangster,7834,52,67.3,2026-10-06T01:21:39
Aurora,24,Tiktok balinhawr,7809,45,64.4,2026-10-06T01:21:49
Aurora,25,爷爷gakm,8154,32,71.9,2026-10-06T01:21:58
Aurora,26,Twitch ShxdowWr,7716,8,87.5,2026-10-06T01:22:08
Aurora,27,SamiEzz,7837,51,52.9,2026-10-06T01:22:17
Aurora,28,Kaiser青薔薇の皇帝,7613,25,68.0,2026-10-06T01:22:27
Aurora,29,맞납피,7673,31,51.6,2026-10-06T01:22:37
Aurora,30,Zhesath,7834,69,50.7,2026-10-06T01:22:46
Bard,1,Neerui,10213,40,57.5,2026-10-06T03:10:43
Bard,2,Felipeks,10031,52,65.4,2026-10-06T03:10:56
Bard,3,Versace,9142,23,65.2,2026-10-06T03:11:08
Bard,4,BANDTZ Tasumi,8685,27,77.8,2026-10-06T03:11:20
Bard,5,Elio,8414,14,71.4,2026-10-06T03:11:33
Bard,6,DRAKO SLAYER,8255,32,75.0,2026-10-06T03:11:42
Bard,7,Dai,8275,37,75.7,2026-10-06T03:11:52
Bard,8,xGabiiCans,8099,28,60.7,2026-10-06T03:12:02
Bard,9,Blon,8238,85,51.8,2026-10-06T03:12:10
Bard,10,ITS OV3R 9000,7998,40,55.0,2026-10-06T03:12:21
Bard,11,MESTRE KAI,7884,53,58.5,2026-10-06T03:12:31
Bard,12,Sino de Belem,7834,60,53.3,2026-10-06T03:12:39
Bard,13,Hanson,7915,66,51.5,2026-10-06T03:12:49
Bard,14,ruler slayer,8033,19,68.4,2026-10-06T03:12:58
Bard,15,Gesterlo,7623,36,66.7,2026-10-06T03:13:11
Bard,16,Huligi,7601,33,60.6,2026-10-06T03:13:26
Bard,17,Exterminador9000,7622,51,62.7,2026-10-06T03:13:38
Bard,18,Jota the Jhony,7821,61,63.9,2026-10-06T03:13:55
Bard,19,Leal In,7515,52,67.3,2026-10-06T03:14:06
Bard,20,HooK,7505,16,75.0,2026-10-06T03:14:14
Bard,21,No handS,7634,26,69.2,2026-10-06T03:14:24
Bard,22,Ruperts,7424,12,91.7,2026-10-06T03:14:32
Bard,23,El meromero,7695,52,51.9,2026-10-06T03:14:42
Bard,24,InspectorBunny,7335,30,60.0,2026-10-06T03:14:53
Bard,25,Linklogi,7490,80,53.8,2026-10-06T03:15:01
Bard,26,MB Leozin,7324,8,75.0,2026-10-06T03:15:12
Bard,27,PhilWasHere,7664,47,57.4,2026-10-06T03:15:20
Bard,28,Boi de Chinelo,7409,75,58.7,2026-10-06T03:15:30
Bard,29,WiseLongman,7464,11,72.7,2026-10-06T03:15:41
Bard,30,BARDO,7493,84,52.4,2026-10-06T03:15:49
Blitzcrank,1,LW Mouse,9313,55,54.5,2026-10-05T15:36:49
Blitzcrank,2,VM Riyan,8003,47,66.0,2026-10-05T15:37:01
Blitzcrank,3,PATATI,7845,34,85.3,2026-10-05T15:37:14
Blitzcrank,4,VolinRabah67,7775,85,50.6,2026-10-05T15:37:35
Blitzcrank,5,andyal,7671,26,76.9,2026-10-05T15:37:56
Blitzcrank,6,JIAF,7515,67,58.2,2026-10-05T15:38:12
Blitzcrank,7,VTXR SEIYA,7834,90,52.2,2026-10-05T15:38:29
Blitzcrank,8,Not Freindly,7565,67,55.2,2026-10-05T15:38:46
Blitzcrank,9,Axeel,3205,13,61.5,2026-10-05T15:38:59
Blitzcrank,10,BadjujuChicken,7352,64,64.1,2026-10-05T15:39:21
Blitzcrank,11,Jooners,7515,82,50.0,2026-10-05T15:39:39
Blitzcrank,12,GDK Mario,7316,65,56.9,2026-10-05T15:39:55
Blitzcrank,13,zSelunixz,7313,57,49.1,2026-10-05T15:40:10
Blitzcrank,14,Dienner,7297,26,65.4,2026-10-05T15:40:26
Blitzcrank,15,Nfo5o,7196,43,67.4,2026-10-05T15:40:37
Blitzcrank,16,Idsgeminix,7196,73,56.2,2026-10-05T15:41:00
Blitzcrank,17,rey062,7196,71,54.9,2026-10-05T15:41:20
Blitzcrank,18,lilfattony,7041,74,47.3,2026-10-05T15:41:35
Blitzcrank,19,JULIO NA GAITA,7195,67,50.7,2026-10-05T15:42:00
Blitzcrank,20,ElCarpintero,1275,8,37.5,2026-10-05T15:42:21
Blitzcrank,21,AlxDjs,7144,102,52.0,2026-10-05T15:44:47
Blitzcrank,22,EnzoSentaNoBico,7880,203,53.7,2026-10-05T15:44:59
Blitzcrank,23,IFatalian,6842,71,54.9,2026-10-05T15:45:07
Blitzcrank,24,lucardo2000,6998,36,66.7,2026-10-05T15:45:19
Blitzcrank,25,Angel24kl,6962,36,52.8,2026-10-05T15:45:30
Blitzcrank,26,BlitzThreshoe,7152,42,52.4,2026-10-05T15:45:42
Blitzcrank,27,Alphamlz,6911,52,65.4,2026-10-05T15:45:54
Blitzcrank,28,Dino,6591,96,45.8,2026-10-05T15:46:03
Blitzcrank,29,Juba,6588,43,60.5,2026-10-05T15:46:14
Blitzcrank,30,Carterkhan22,6698,32,43.8,2026-10-05T15:46:26
Brand,1,终焉Mińgwæńg,9658,68,64.7,2026-10-06T03:57:30
Brand,2,小熊软糖,9556,59,64.4,2026-10-06T03:57:39
Brand,3,Mast3rpiece2,9284,60,55.0,2026-10-06T03:57:49
Brand,4,AsB TrUeBlOoD,9395,45,62.2,2026-10-06T03:58:09
Brand,5,Preciso De Gank,8718,24,79.2,2026-10-06T03:58:24
Brand,6,LòL,8450,71,63.4,2026-10-06T03:58:37
Brand,7,Zero星野,8160,25,76.0,2026-10-06T03:58:51
Brand,8,RSG,7985,118,53.4,2026-10-06T03:59:04
Brand,9,Gary Oso,7830,38,47.4,2026-10-06T03:59:13
Brand,10,Brizz75,2018,5,60.0,2026-10-06T03:59:26
Brand,11,mapa02,7598,44,63.6,2026-10-06T03:59:39
Brand,12,lirulrs,7649,32,62.5,2026-10-06T03:59:48
Brand,13,bloodENKO,7507,106,50.0,2026-10-06T03:59:58
Brand,14,Saturogojo,7699,97,49.5,2026-10-06T04:00:08
Brand,15,ChocoRon,7494,90,57.8,2026-10-06T04:00:16
Brand,16,MyStyleZ,6053,14,50.0,2026-10-06T04:00:27
Brand,17,Betinha67,2258,8,25.0,2026-10-06T04:00:39
Brand,18,Czk Não Sou Bom,7515,57,49.1,2026-10-06T04:00:54
Brand,19,samuelxfigue,2284,12,50.0,2026-10-06T04:01:08
Brand,20,Yordle MELADO,7342,48,54.2,2026-10-06T04:01:19
Brand,21,TheZeroLoot,7622,83,60.2,2026-10-06T04:01:31
Brand,22,Codicia,7312,49,65.3,2026-10-06T04:01:41
Brand,23,LordIndhor,7389,66,66.7,2026-10-06T04:01:50
Brand,24,italia07,7519,68,48.5,2026-10-06T04:02:00
Brand,25,miguel,7366,72,52.8,2026-10-06T04:02:08
Brand,26,CHUONG TÔN,7262,173,54.3,2026-10-06T04:02:19
Brand,27,BrMiixXx,7284,68,70.6,2026-10-06T04:02:29
Brand,28,FdB MachoPeldo2,7140,16,81.2,2026-10-06T04:02:37
Brand,29,BJDementor,7138,50,64.0,2026-10-06T04:02:48
Brand,30,CaptainJv,7128,81,54.3,2026-10-06T04:02:59
Braum,1,Haderman,9452,51,62.7,2026-10-06T04:50:46
Braum,2,xRamita,9329,51,64.7,2026-10-06T04:50:54
Braum,3,MarcecGD,8770,94,56.4,2026-10-06T04:51:03
Braum,4,Imbored,8296,79,58.2,2026-10-06T04:51:17
Braum,5,DrPankekes,8579,86,60.5,2026-10-06T04:51:33
Braum,6,ECK zipeR,8154,26,69.2,2026-10-06T04:51:42
Braum,7,LOSSBOT,7915,28,57.1,2026-10-06T04:51:52
Braum,8,Vlad,7834,53,62.3,2026-10-06T04:52:02
Braum,9,davixx,7896,18,55.6,2026-10-06T04:52:10
Braum,10,Rogerin Do P U,7984,29,62.1,2026-10-06T04:52:20
Braum,11,Sae 신성,7747,13,76.9,2026-10-06T04:52:35
Braum,12,ビクター,7806,19,73.7,2026-10-06T04:52:46
Braum,13,Aqua,7898,154,56.5,2026-10-06T04:53:01
Braum,14,Cirplos,7717,39,66.7,2026-10-06T04:53:12
Braum,15,Nothing,8693,79,53.2,2026-10-06T04:53:22
Braum,16,II CHICHON,7576,36,55.6,2026-10-06T04:53:32
Braum,17,MADPistolero777,7565,50,64.0,2026-10-06T04:53:40
Braum,18,DTN S0LAM3NT0,7565,82,61.0,2026-10-06T04:53:50
Braum,19,Kira,7849,49,57.1,2026-10-06T04:54:00
Braum,20,上帝 Dama da luz,7521,44,63.6,2026-10-06T04:54:08
Braum,21,Ethan1826z,7354,79,58.2,2026-10-06T04:54:18
Braum,22,JuanDavid55,7352,42,66.7,2026-10-06T04:54:27
Braum,23,Petrus,7309,48,68.8,2026-10-06T04:54:37
Braum,24,WaitAndBleedXF,7409,47,66.0,2026-10-06T04:54:47
Braum,25,only you shawty,7311,30,66.7,2026-10-06T04:54:57
Braum,26,iSul,7398,72,59.7,2026-10-06T04:55:10
Braum,27,Jøttapê,7193,22,63.6,2026-10-06T04:55:22
Braum,28,Desaliento,7209,68,60.3,2026-10-06T04:55:32
Braum,29,TooFastTooGood,7472,30,50.0,2026-10-06T04:55:43
Braum,30,XxSpartacos,7224,34,76.5,2026-10-06T04:55:52
Caitlyn,1,minimeow,11771,31,93.5,2026-10-06T03:39:25
Caitlyn,2,Klover,11306,77,54.5,2026-10-06T03:39:38
Caitlyn,3,kw1122,10271,28,78.6,2026-10-06T03:39:50
Caitlyn,4,TSTN Zenithy,10162,44,68.2,2026-10-06T03:40:04
Caitlyn,5,vermiliøn,10062,58,58.6,2026-10-06T03:40:21
Caitlyn,6,xiao ni wa,9870,18,88.9,2026-10-06T03:40:33
Caitlyn,7,Let me cook,9735,26,76.9,2026-10-06T03:40:48
Caitlyn,8,Spellfire 羊灵,9696,55,60.0,2026-10-06T03:41:01
Caitlyn,9,So BQT PARAFUSO,9628,33,57.6,2026-10-06T03:41:09
Caitlyn,10,Locolo,9315,35,71.4,2026-10-06T03:41:20
Caitlyn,11,AF Kase,9324,95,61.1,2026-10-06T03:41:30
Caitlyn,12,Expecto Patronum,9237,28,60.7,2026-10-06T03:41:38
Caitlyn,13,友 Klaus,8785,42,61.9,2026-10-06T03:41:49
Caitlyn,14,i wanna crashout,8785,40,65.0,2026-10-06T03:41:58
Caitlyn,15,Kamehameha,8871,31,61.3,2026-10-06T03:42:09
Caitlyn,16,가벼운배,9042,46,56.5,2026-10-06T03:42:22
Caitlyn,17,Curry 30,8694,37,67.6,2026-10-06T03:42:35
Caitlyn,18,Balabemus,8685,40,65.0,2026-10-06T03:42:52
Caitlyn,19,RNG UZI Mad Dog,8676,43,76.7,2026-10-06T03:43:07
Caitlyn,20,Nix,8579,27,81.5,2026-10-06T03:43:16
Caitlyn,21,THE BERAN,8579,46,58.7,2026-10-06T03:43:39
Caitlyn,22,∆DCarryng,8579,64,60.9,2026-10-06T03:43:51
Caitlyn,23,梦马孔多,8638,44,54.5,2026-10-06T03:44:00
Caitlyn,24,Kamuii,8590,21,61.9,2026-10-06T03:44:13
Caitlyn,25,yyss,8531,35,60.0,2026-10-06T03:44:24
Caitlyn,26,DAx,8805,54,61.1,2026-10-06T03:44:34
Caitlyn,27,NGT Cínico,8768,32,71.9,2026-10-06T03:44:45
Caitlyn,28,welziN,8437,15,73.3,2026-10-06T03:44:54
Caitlyn,29,Really JINX,8452,16,81.2,2026-10-06T03:45:05
Caitlyn,30,Narsha,8388,24,62.5,2026-10-06T03:45:16
Camille,1,Noé,9748,19,84.2,2026-10-05T21:01:01
Camille,2,picaro,9390,56,58.9,2026-10-05T21:01:18
Camille,3,Phuoc k4,9160,47,70.2,2026-10-05T21:01:30
Camille,4,be yourself,9301,21,85.7,2026-10-05T21:01:53
Camille,5,SNASH DGF,9067,93,58.1,2026-10-05T21:02:35
Camille,6,加州第一深情,9000,150,56.7,2026-10-05T21:02:52
Camille,7,么GOT么WOLF19,8779,33,51.5,2026-10-05T21:03:17
Camille,8,Saantz Fabito,8512,13,84.6,2026-10-05T21:03:38
Camille,9,Sasori,8614,58,60.3,2026-10-05T21:03:56
Camille,10,生活Darkin王,8460,39,51.3,2026-10-05T21:04:16
Camille,11,ttravado,6136,9,77.8,2026-10-05T21:04:34
Camille,12,Link,8512,23,56.5,2026-10-05T21:04:44
Camille,13,Artt0,8448,56,55.4,2026-10-05T21:04:58
Camille,14,Loid NG,8502,16,75.0,2026-10-05T21:05:08
Camille,15,Ghøst 夜,8231,20,55.0,2026-10-05T21:05:24
Camille,16,GLSantsWR,8262,26,65.4,2026-10-05T21:05:41
Camille,17,AaronMP,8089,25,56.0,2026-10-05T21:05:58
Camille,18,超模之刃,8009,113,48.7,2026-10-05T21:06:25
Camille,19,戻っています,7861,12,75.0,2026-10-05T21:06:45
Camille,20,众RYUSEI SHIDOU,7814,32,56.2,2026-10-05T21:07:01
Camille,21,Piercey9,7870,28,57.1,2026-10-05T21:07:20
Camille,22,Paul Atreides,7762,47,57.4,2026-10-05T21:07:39
Camille,23,Slex,7754,15,60.0,2026-10-05T21:07:56
Camille,24,옌줄라,7611,23,47.8,2026-10-05T21:08:10
Camille,25,resilient mode,7629,27,44.4,2026-10-05T21:08:19
Camille,26,BRN,7521,16,68.8,2026-10-05T21:08:31
Camille,27,炮形态波比,7791,96,52.1,2026-10-05T21:08:42
Camille,28,lullpingostini,7435,32,46.9,2026-10-05T21:08:51
Camille,29,小黑人,7375,37,59.5,2026-10-05T21:09:03
Camille,30,暗闇ツ,7358,17,47.1,2026-10-05T21:09:12
Cho'Gath,1,The Cool Persian,10271,78,69.2,2026-10-06T09:31:36
Cho'Gath,2,PROJETO01,9736,54,61.1,2026-10-06T09:31:45
Cho'Gath,3,Vz Javi tik tok,9321,32,56.2,2026-10-06T09:31:54
Cho'Gath,4,Jãoo,9399,44,77.3,2026-10-06T09:32:03
Cho'Gath,5,Luis Ángel,9160,59,64.4,2026-10-06T09:32:15
Cho'Gath,6,Hollow Knight,9065,51,62.7,2026-10-06T09:32:25
Cho'Gath,7,qwqMohi,9042,43,76.7,2026-10-06T09:32:35
Cho'Gath,8,Juanzin,9137,56,48.2,2026-10-06T09:32:45
Cho'Gath,9,RikkaSteins,9010,32,59.4,2026-10-06T09:32:54
Cho'Gath,10,DOPAMINE,9077,38,84.2,2026-10-06T09:33:04
Cho'Gath,11,LUUSEX,8845,71,62.0,2026-10-06T09:33:14
Cho'Gath,12,牢住就能赢,8787,82,56.1,2026-10-06T09:33:23
Cho'Gath,13,ERMÃODAMONTANHA,8657,37,54.1,2026-10-06T09:33:33
Cho'Gath,14,SnowMaker,8660,57,68.4,2026-10-06T09:33:42
Cho'Gath,15,红卫兵解放军,8588,83,55.4,2026-10-06T09:33:53
Cho'Gath,16,PCGamer,8415,26,50.0,2026-10-06T09:34:04
Cho'Gath,17,Ezmec,8404,43,60.5,2026-10-06T09:34:14
Cho'Gath,18,W NOULTEOGORDAS,8402,41,70.7,2026-10-06T09:34:26
Cho'Gath,19,Tohzaka,8579,57,54.4,2026-10-06T09:34:37
Cho'Gath,20,123456789fernan,8459,54,55.6,2026-10-06T09:34:46
Cho'Gath,21,JoGeCA,8260,59,62.7,2026-10-06T09:34:57
Cho'Gath,22,Suricato,8436,46,56.5,2026-10-06T09:35:06
Cho'Gath,23,Bayron,8132,43,62.8,2026-10-06T09:35:16
Cho'Gath,24,PROYECTO FERCHO,8278,65,44.6,2026-10-06T09:35:27
Cho'Gath,25,Fuerza VZLA s2,7980,21,66.7,2026-10-06T09:35:36
Cho'Gath,26,REISHIKY,7978,15,60.0,2026-10-06T09:35:47
Cho'Gath,27,Watchastep,8132,47,46.8,2026-10-06T09:36:02
Cho'Gath,28,IS NOT NULL,8238,101,60.4,2026-10-06T09:36:11
Cho'Gath,29,The Mini Bausffs,8010,13,61.5,2026-10-06T09:36:21
Cho'Gath,30,sabugou,7886,31,67.7,2026-10-06T09:36:30
Corki,1,Eternal 开荐,9471,15,66.7,2026-10-05T22:21:32
Corki,2,who decided that,9224,41,63.4,2026-10-05T22:21:42
Corki,3,风白入秋池,8982,18,61.1,2026-10-05T22:21:53
Corki,4,,8785,85,63.5,2026-10-05T22:22:03
Corki,5,Mi amor,8715,24,62.5,2026-10-05T22:22:15
Corki,6,fuqritoyallbumz,8257,43,60.5,2026-10-05T22:22:24
Corki,7,dudu,7843,14,78.6,2026-10-05T22:22:36
Corki,8,van,7721,27,59.3,2026-10-05T22:22:46
Corki,9,Twitch AizenWR,7630,10,70.0,2026-10-05T22:22:55
Corki,10,Dashuaibi210,7622,52,53.8,2026-10-05T22:23:06
Corki,11,D Sky,7777,23,87.0,2026-10-05T22:23:16
Corki,12,Maxi軍神,7343,43,46.5,2026-10-05T22:23:26
Corki,13,FACAYAIS,7251,74,51.4,2026-10-05T22:23:36
Corki,14,noname,7097,27,59.3,2026-10-05T22:23:45
Corki,15,1vaツPagøn,6921,54,61.1,2026-10-05T22:23:56
Corki,16,Idcc,6884,24,70.8,2026-10-05T22:24:07
Corki,18,碳水教父,6997,18,55.6,2026-10-05T22:24:28
Corki,19,1ONE,6754,37,62.2,2026-10-05T22:24:49
Corki,21,GOYITO,6735,31,74.2,2026-10-05T22:25:49
Corki,22,Uuuuuuuuuzi,6423,27,66.7,2026-10-05T22:26:07
Corki,23,The One 正午,6515,39,59.0,2026-10-05T22:26:20
Corki,24,Shuttt uuup,6378,14,64.3,2026-10-05T22:26:31
Corki,25,Jodchen,6278,57,56.1,2026-10-05T22:26:42
Corki,26,CEBOLA ALTA,6254,51,51.0,2026-10-05T22:26:52
Corki,27,ySnow,6209,11,63.6,2026-10-05T22:27:03
Corki,28,Tiktok Argo,6346,9,55.6,2026-10-05T22:27:12
Corki,29,Arielxyy,6151,23,65.2,2026-10-05T22:27:22
Corki,30,AguaDeH0rchata,6329,24,66.7,2026-10-05T22:27:34
Darius,1,Radamanthys,11689,90,63.3,2026-10-05T23:31:28
Darius,2,HenryDarius,10271,54,63.0,2026-10-05T23:31:49
Darius,3,死Ainz ooal gown,10076,43,58.1,2026-10-05T23:32:05
Darius,4,Rhaegal 緑の獣,9959,57,56.1,2026-10-05T23:32:22
Darius,5,霜YHARON,10019,48,56.2,2026-10-05T23:32:54
Darius,6,Mbappé Dictador,9887,65,63.1,2026-10-05T23:33:11
Darius,7,SUN WUKONG死神,10108,110,53.6,2026-10-05T23:33:38
Darius,8,HighLonelyKitty,9971,37,64.9,2026-10-05T23:36:22
Darius,9,Mi amor,9631,46,67.4,2026-10-05T23:46:12
Darius,10,Credopapidimetu,9634,96,52.1,2026-10-05T23:46:23
Darius,11,XeiraNDPeidaTUDO,9381,100,52.0,2026-10-05T23:46:31
Darius,12,ui ui ui gragas,9288,96,54.2,2026-10-05T23:46:42
Darius,13,李寻欢,9174,33,63.6,2026-10-05T23:46:50
Darius,14,TopLaneOn1y,9413,64,64.1,2026-10-05T23:47:00
Darius,15,2mg,9119,25,72.0,2026-10-05T23:47:11
Darius,16,Xala12,9209,30,66.7,2026-10-05T23:47:20
Darius,17,VolumWR 害怕,9009,20,85.0,2026-10-05T23:47:30
Darius,18,Jfire,8978,39,53.8,2026-10-05T23:47:40
Darius,19,O BABA YAGA,8957,13,76.9,2026-10-05T23:47:48
Darius,20,Shere Khan,8970,114,56.1,2026-10-05T23:47:59
Darius,21,JU S T top1Darius么,8785,38,76.3,2026-10-05T23:48:07
Darius,22,MrDarius,8785,70,60.0,2026-10-05T23:48:18
Darius,23,愛憎の強さと精神,8783,75,60.0,2026-10-05T23:48:28
Darius,24,KronoxKami,8888,90,51.1,2026-10-05T23:48:37
Darius,25,QUIERES JUGAR,8681,90,55.6,2026-10-05T23:48:48
Darius,26,SL∆R,1678,8,62.5,2026-10-05T23:49:00
Darius,27,II Némesis 戦,9722,175,49.7,2026-10-05T23:49:08
Darius,28,Aprém TeMHbIH,8631,14,92.9,2026-10-05T23:49:20
Darius,29,ŁOADING太陽,8579,37,64.9,2026-10-05T23:49:31
Darius,30,Denji力,8579,38,68.4,2026-10-05T23:49:40
Diana,1,CoavasMaster,10271,54,53.7,2026-10-05T12:13:30
Diana,2,Darkin DX,10271,82,54.9,2026-10-05T12:13:41
Diana,3,Aguiar TTK,9984,43,55.8,2026-10-05T12:13:51
Diana,4,Grazydarwin,9774,21,71.4,2026-10-05T12:14:07
Diana,5,SNY Dias,10025,49,59.2,2026-10-05T12:14:25
Diana,6,TSTN BABAYAGA,9776,75,56.0,2026-10-05T12:14:36
Diana,7,TikTokEoDarkzin,9338,74,55.4,2026-10-05T12:14:58
Diana,8,伝説的な,9218,50,72.0,2026-10-05T12:15:15
Diana,9,FOT Clarinha,9056,24,70.8,2026-10-05T12:15:24
Diana,10,DE SHOT EM SHOT,8998,31,61.3,2026-10-05T12:15:37
Diana,11,Gedu,8990,25,60.0,2026-10-05T12:15:48
Diana,12,TwiztedPiggy,8864,16,68.8,2026-10-05T12:15:59
Diana,13,league of fiddle,8785,68,60.3,2026-10-05T12:16:12
Diana,14,Mochilëiro,8579,24,75.0,2026-10-05T12:16:22
Diana,15,ImNoob,8614,21,71.4,2026-10-05T12:16:36
Diana,16,Lonely,8579,43,65.1,2026-10-05T12:16:46
Diana,17,BreakerSystem,8558,42,52.4,2026-10-05T12:16:57
Diana,18,00 Quase Nada 00,3060,9,44.4,2026-10-05T12:17:10
Diana,19,SICARIUS,8366,48,58.3,2026-10-05T12:17:21
Diana,20,ITzUrsinhoTed,8699,29,58.6,2026-10-05T12:17:41
Diana,21,Tohda,8309,52,69.2,2026-10-05T12:18:08
Diana,22,Twitch Xifuj,8647,15,73.3,2026-10-05T12:18:35
Diana,23,TTK Drak,8240,30,60.0,2026-10-05T12:18:55
Diana,24,柑橘乌云,8688,84,58.3,2026-10-05T12:19:18
Diana,25,LV4Diana,8701,47,57.4,2026-10-05T12:19:32
Diana,26,CROCRO,8154,30,66.7,2026-10-05T12:19:58
Diana,27,Hamster,8146,20,85.0,2026-10-05T12:20:45
Diana,28,lvl,8100,18,72.2,2026-10-05T12:21:05
Diana,29,Astro,8096,45,53.3,2026-10-05T12:21:28
Diana,30,yue TTK,8296,28,42.9,2026-10-05T12:21:43
Dr. Mundo,1,NIKOLAI,9579,19,78.9,2026-10-05T22:35:56
Dr. Mundo,2,霜YHARON,9261,31,48.4,2026-10-05T22:36:07
Dr. Mundo,3,LGN iMUNDO,9534,93,58.1,2026-10-05T22:36:23
Dr. Mundo,4,Luluwalilith,8483,36,72.2,2026-10-05T22:36:34
Dr. Mundo,5,WhoseMemory,8487,25,64.0,2026-10-05T22:36:48
Dr. Mundo,6,HAB Machape,8366,47,61.7,2026-10-05T22:36:59
Dr. Mundo,7,lor valdemor,8260,42,59.5,2026-10-05T22:37:16
Dr. Mundo,8,那必须是我了,8260,45,57.8,2026-10-05T22:37:40
Dr. Mundo,9,Iyu,8285,41,63.4,2026-10-05T22:37:50
Dr. Mundo,10,Drowned soul,7978,27,66.7,2026-10-05T22:38:02
Dr. Mundo,11,lucss7,7936,17,64.7,2026-10-05T22:38:16
Dr. Mundo,12,mono TOP,7884,63,65.1,2026-10-05T22:38:28
Dr. Mundo,13,Guilleh,7882,25,64.0,2026-10-05T22:38:41
Dr. Mundo,14,GRANDIOSO,8097,35,57.1,2026-10-05T22:38:51
Dr. Mundo,15,Stevenessud,7135,17,57.1,2026-10-05T22:39:03
Dr. Mundo,16,Unbound,7643,24,62.5,2026-10-05T22:39:15
Dr. Mundo,17,in the pool,7565,22,86.4,2026-10-05T22:39:25
Dr. Mundo,18,GAR TopGap,7565,31,67.7,2026-10-05T22:39:38
Dr. Mundo,19,Sigra eða deyja,7557,52,53.8,2026-10-05T22:39:57
Dr. Mundo,20,EnnigmaViL,7711,47,46.8,2026-10-05T22:40:27
Dr. Mundo,21,Büddha,7491,52,65.4,2026-10-05T22:40:48
Dr. Mundo,22,LSA angelmoker,7565,55,50.9,2026-10-05T22:41:05
Dr. Mundo,23,SaTt,7495,41,56.1,2026-10-05T22:41:25
Dr. Mundo,24,davixx,7420,33,39.4,2026-10-05T22:41:36
Dr. Mundo,25,Red,7352,100,61.0,2026-10-05T22:41:45
Dr. Mundo,26,年年好,7337,20,70.0,2026-10-05T22:41:57
Dr. Mundo,27,TITAN,7320,13,61.5,2026-10-05T22:42:08
Dr. Mundo,28,padresamurai,7282,15,60.0,2026-10-05T22:42:18
Dr. Mundo,29,JusANoob,7352,107,49.5,2026-10-05T22:42:29
Dr. Mundo,30,Daniye,7341,14,78.6,2026-10-05T22:42:38
Draven,1,DRAVEN AK 47,10271,127,57.5,2026-10-06T00:28:16
Draven,2,Broxei k9vinha,10190,37,64.9,2026-10-06T00:28:26
Draven,3,Zettsquad,9534,79,55.7,2026-10-06T00:28:35
Draven,4,TTK Nowes,9269,70,60.0,2026-10-06T00:28:47
Draven,5,Divine,8465,16,56.2,2026-10-06T00:29:00
Draven,6,彭于晏,8400,36,58.3,2026-10-06T00:29:10
Draven,7,SkillsX,7564,47,53.2,2026-10-06T00:29:22
Draven,8,TSTN Zenithy,8606,23,56.5,2026-10-06T00:29:32
Draven,9,辅助快跑我有医保,8309,27,77.8,2026-10-06T00:29:41
Draven,10,Dainn,8260,54,63.0,2026-10-06T00:29:51
Draven,11,RickyAk47,8448,134,54.5,2026-10-06T00:30:03
Draven,12,digo,8154,19,78.9,2026-10-06T00:30:12
Draven,13,DavidWang,8320,88,60.2,2026-10-06T00:30:23
Draven,14,Hugo at his peak,7919,63,63.5,2026-10-06T00:30:33
Draven,15,DR4VEN TARADO,7834,74,55.4,2026-10-06T00:30:45
Draven,16,salted fish,7839,30,56.7,2026-10-06T00:30:54
Draven,17,Jokso,7666,46,54.3,2026-10-06T00:31:04
Draven,18,Swim,7663,24,66.7,2026-10-06T00:31:19
Draven,19,gabmacs,7759,41,53.7,2026-10-06T00:31:31
Draven,20,Jujupiter,1740,1,100.0,2026-10-06T00:31:41
Draven,21,Kars,7742,46,54.3,2026-10-06T00:31:53
Draven,22,Disabling,7515,53,64.2,2026-10-06T00:32:27
Draven,23,,7534,26,53.8,2026-10-06T00:32:57
Draven,24,Bufinhaaaa,7643,15,60.0,2026-10-06T00:33:35
Draven,25,Yasuo de Bigode,7464,54,53.7,2026-10-06T00:34:07
Draven,26,DRAVEN CHINÊS,7728,134,52.2,2026-10-06T00:34:44
Draven,27,Draven 神,7363,74,47.3,2026-10-06T00:35:12
Draven,28,ALOMBRA,7352,56,57.1,2026-10-06T00:35:22
Draven,29,Rendirse Jamas,7504,75,50.7,2026-10-06T00:35:34
Draven,30,GKR,7338,29,44.8,2026-10-06T00:35:43
Ekko,1,Bleach,10271,49,65.3,2026-10-05T12:00:00
Ekko,2,ZVYNE,10271,48,64.6,2026-10-05T12:00:11
Ekko,3,iNaruto,10223,215,54.9,2026-10-05T12:00:23
Ekko,4,Roxx,10062,30,60.0,2026-10-05T12:01:28
Ekko,5,MOLS,9687,42,81.0,2026-10-05T12:01:56
Ekko,6,Kaiser皇帝,9534,38,65.8,2026-10-05T12:02:07
Ekko,7,Not Suehtam,9534,89,56.2,2026-10-05T12:02:19
Ekko,8,Grandmaster Kat,9423,40,60.0,2026-10-05T12:02:28
Ekko,9,OP Atreus,9364,41,43.9,2026-10-05T12:02:38
Ekko,10,Badyu,9231,32,62.5,2026-10-05T12:02:49
Ekko,11,lifted,9068,43,55.8,2026-10-05T12:02:58
Ekko,12,Asura,9160,69,63.8,2026-10-05T12:03:09
Ekko,13,Gap gap wap wap,8954,75,61.3,2026-10-05T12:03:19
Ekko,14,TTV ImunizTR,8785,42,73.8,2026-10-05T12:03:28
Ekko,15,KOMODO 3000°,8785,38,68.4,2026-10-05T12:03:39
Ekko,16,cr1pton,8785,13,92.3,2026-10-05T12:03:48
Ekko,17,Hercee,8785,67,55.2,2026-10-05T12:03:59
Ekko,18,Slowzty,8759,66,65.2,2026-10-05T12:04:15
Ekko,19,Budweiser,8579,36,72.2,2026-10-05T12:04:24
Ekko,20,蝎子叢林,8579,76,65.8,2026-10-05T12:04:35
Ekko,21,Jinbaa内莉,8579,29,65.5,2026-10-05T12:04:46
Ekko,22,LLLLLLLLLLLLLLL,8735,173,54.9,2026-10-05T12:04:57
Ekko,23,人形风铃,8785,39,53.8,2026-10-05T12:05:09
Ekko,24,RANK FALSO,8785,46,58.7,2026-10-05T12:05:20
Ekko,25,chinese,8439,21,57.1,2026-10-05T12:05:29
Ekko,26,L4E FurryKshan,8491,37,56.8,2026-10-05T12:05:41
Ekko,27,Maybe,8425,37,67.6,2026-10-05T12:05:50
Ekko,28,ALLAN爱,8414,24,75.0,2026-10-05T12:06:01
Ekko,29,,8579,68,54.4,2026-10-05T12:06:13
Ekko,30,Press Q To Start,8437,41,58.5,2026-10-05T12:06:22
Evelynn,1,SONECAZZZ,9722,47,57.4,2026-10-05T14:50:11
Evelynn,2,Femboy Safada,9718,51,54.9,2026-10-05T14:50:29
Evelynn,3,TuTa,9534,121,51.2,2026-10-05T14:50:45
Evelynn,4,am Shiro최고의 선수,9687,83,54.2,2026-10-05T14:51:00
Evelynn,5,virtual angel,9363,27,63.0,2026-10-05T14:51:21
Evelynn,6,Subkiyy,9413,68,54.4,2026-10-05T14:51:37
Evelynn,7,Seductive shadow,8785,31,74.2,2026-10-05T14:51:50
Evelynn,8,penajg,8611,27,63.0,2026-10-05T14:52:03
Evelynn,9,Just Evelynn,8579,46,65.2,2026-10-05T14:52:13
Evelynn,10,Pastagrini,,,33.3,2026-10-05T14:52:25
Evelynn,11,Jøckッ,8224,31,74.2,2026-10-05T14:52:38
Evelynn,12,蜜雪真奶茶,8725,25,60.0,2026-10-05T14:52:48
Evelynn,13,Priscila,7894,13,61.5,2026-10-05T14:53:00
Evelynn,14,펄스건날샌발,7884,27,70.4,2026-10-05T14:53:10
Evelynn,15,Hurt Me Plenty,7834,56,58.9,2026-10-05T14:53:29
Evelynn,16,°ZARA°,8154,25,80.0,2026-10-05T14:53:57
Evelynn,17,lovzgojo,7769,13,61.5,2026-10-05T14:54:09
Evelynn,18,Betterthanu,1894,2,0.0,2026-10-05T14:54:23
Evelynn,19,tudo 2,7621,16,50.0,2026-10-05T14:54:36
Evelynn,20,Setia,7571,14,57.1,2026-10-05T14:54:46
Evelynn,21,PinkwardHuntress,7565,35,77.1,2026-10-05T14:54:58
Evelynn,22,Senhora Puff,7515,78,52.6,2026-10-05T14:55:08
Evelynn,23,GhostBlueBerry,7515,42,66.7,2026-10-05T14:55:20
Evelynn,24,Sini Gang,7515,45,66.7,2026-10-05T14:55:32
Evelynn,25,Evelynn,8654,112,53.6,2026-10-05T14:55:42
Evelynn,26,Caolli,7483,35,60.0,2026-10-05T14:55:55
Evelynn,27,Vulpina,7884,140,53.6,2026-10-05T14:56:04
Evelynn,28,KALUNIA,7565,49,61.2,2026-10-05T15:03:02
Evelynn,29,Raava平和,7406,21,85.7,2026-10-05T15:03:11
Evelynn,30,Pé de Pano,7504,92,55.4,2026-10-05T15:03:49
Ezreal,1,Livainzz,10240,24,75.0,2026-10-06T02:41:13
Ezreal,2,シャカ,10050,45,62.2,2026-10-06T02:41:26
Ezreal,3,Loneliness,10048,37,51.4,2026-10-06T02:41:50
Ezreal,4,Ezisty,10031,62,56.5,2026-10-06T02:42:02
Ezreal,5,RBL Uzi,9773,41,53.7,2026-10-06T02:42:20
Ezreal,6,who decided that,9534,45,62.2,2026-10-06T02:42:46
Ezreal,7,TSTN Carioca,9511,43,62.8,2026-10-06T02:42:57
Ezreal,8,DK BigJúnior,9554,26,57.7,2026-10-06T02:43:18
Ezreal,9,GZ chillguy,9345,39,53.8,2026-10-06T02:43:30
Ezreal,10,Fxc316,9549,78,59.0,2026-10-06T02:43:38
Ezreal,11,WaRFecasS,9657,49,61.2,2026-10-06T02:43:49
Ezreal,12,Billy,9702,115,52.2,2026-10-06T02:43:57
Ezreal,13,fuqritoyallbumz,9017,45,55.6,2026-10-06T02:44:07
Ezreal,14,QMA Blessed,9043,33,57.6,2026-10-06T02:44:20
Ezreal,15,被嫌弃的文子的一生,8948,106,55.7,2026-10-06T02:44:31
Ezreal,16,MB jxliorr,8861,33,54.5,2026-10-06T02:44:45
Ezreal,17,Hi Dont Hurt Me,8611,12,83.3,2026-10-06T02:44:57
Ezreal,18,Servus Christi,8579,37,62.2,2026-10-06T02:45:08
Ezreal,19,emthichkieugi,8552,77,61.0,2026-10-06T02:45:18
Ezreal,20,Luis Germán,8544,40,55.0,2026-10-06T02:45:27
Ezreal,21,贖罪 Forty,8669,29,58.6,2026-10-06T02:45:40
Ezreal,22,resttz1n,8397,20,75.0,2026-10-06T02:45:48
Ezreal,23,DontLook #부,8425,32,65.6,2026-10-06T02:45:56
Ezreal,24,Darckzo23,8558,41,61.0,2026-10-06T02:46:07
Ezreal,25,Replay,8312,19,52.6,2026-10-06T02:46:17
Ezreal,26,AUTO2WIN,8579,33,66.7,2026-10-06T02:46:26
Ezreal,27,Sachyko,8521,104,57.7,2026-10-06T02:46:39
Ezreal,28,never type,8352,18,50.0,2026-10-06T02:46:48
Ezreal,29,artorias,8127,32,62.5,2026-10-06T02:46:57
Ezreal,30,Rx Joker,8109,17,58.8,2026-10-06T02:47:07
Fiddlesticks,1,ortega,10271,81,64.2,2026-10-06T06:30:02
Fiddlesticks,2,CryRyze,9762,107,58.9,2026-10-06T06:30:12
Fiddlesticks,3,smurfdotechelo,9218,91,68.1,2026-10-06T06:30:34
Fiddlesticks,4,light,9160,42,81.0,2026-10-06T06:30:47
Fiddlesticks,5,keiko7w7,8869,71,67.6,2026-10-06T06:31:04
Fiddlesticks,6,FearTheSticks,8824,54,53.7,2026-10-06T06:31:17
Fiddlesticks,7,Loid NG,8915,27,63.0,2026-10-06T06:31:30
Fiddlesticks,8,xXCerberoXx,8659,26,76.9,2026-10-06T06:31:43
Fiddlesticks,9,Watching You,8579,50,52.0,2026-10-06T06:31:52
Fiddlesticks,10,OsitoCachondito,8550,66,50.0,2026-10-06T06:32:05
Fiddlesticks,11,Pesadelo,8768,76,63.2,2026-10-06T06:32:16
Fiddlesticks,12,Fabrinu688,8676,111,53.2,2026-10-06T06:32:24
Fiddlesticks,13,Jumpscare,8154,56,53.6,2026-10-06T06:32:35
Fiddlesticks,14,cromanti,8145,132,61.4,2026-10-06T06:32:44
Fiddlesticks,15,INSツメ21,7902,38,57.9,2026-10-06T06:32:55
Fiddlesticks,16,Princess Darcii,7884,50,56.0,2026-10-06T06:33:03
Fiddlesticks,17,smurf de GM01,8057,59,54.2,2026-10-06T06:33:11
Fiddlesticks,18,el bayaina,8478,101,59.4,2026-10-06T06:33:23
Fiddlesticks,19,ElTioNacho,7700,78,52.6,2026-10-06T06:33:39
Fiddlesticks,20,死 BACHIRA MEGURU,7666,85,57.6,2026-10-06T06:33:50
Fiddlesticks,21,FabrizioMGP,7642,19,68.4,2026-10-06T06:34:04
Fiddlesticks,22,Moita,7622,46,63.0,2026-10-06T06:34:17
Fiddlesticks,23,herrera,7575,30,66.7,2026-10-06T06:34:25
Fiddlesticks,24,TheGnar,7700,85,56.5,2026-10-06T06:34:36
Fiddlesticks,25,Melissa Lynn,967,1,100.0,2026-10-06T06:34:46
Fiddlesticks,26,Eu amo a Babi,7502,21,71.4,2026-10-06T06:34:54
Fiddlesticks,27,Eviterno,7371,54,63.0,2026-10-06T06:35:04
Fiddlesticks,28,VanDeanGW,7671,29,58.6,2026-10-06T06:35:13
Fiddlesticks,29,RayoOmega,7352,85,55.3,2026-10-06T06:35:23
Fiddlesticks,30,YOPANDA,7344,56,57.1,2026-10-06T06:35:34
Fiora,1,viorrá,10147,80,57.5,2026-10-05T15:29:00
Fiora,2,ParryQueen,9758,52,67.3,2026-10-05T15:29:17
Fiora,3,Try Again,10031,128,50.8,2026-10-05T15:29:33
Fiora,4,BarcodeWR,9330,25,48.0,2026-10-05T15:29:48
Fiora,5,Frosty 锐盲剑,8785,82,52.4,2026-10-05T15:30:26
Fiora,6,莫宗衡,8579,21,66.7,2026-10-05T15:30:41
Fiora,7,riベン,8407,17,76.5,2026-10-05T15:30:53
Fiora,8,Lorrayne Marley,8283,93,59.1,2026-10-05T15:31:04
Fiora,9,Ramborrego,8617,42,59.5,2026-10-05T15:31:14
Fiora,10,caxmirror,8294,68,57.4,2026-10-05T15:31:25
Fiora,11,PauloSaric,8147,64,56.2,2026-10-05T15:31:37
Fiora,12,Tatsuumuki,8100,71,59.2,2026-10-05T15:31:51
Fiora,13,DesgraçadaoGames,8154,71,63.4,2026-10-05T15:32:13
Fiora,14,Haikais,8031,22,59.1,2026-10-05T15:32:27
Fiora,15,ZaethIO,8273,55,50.9,2026-10-05T15:32:39
Fiora,16,Fi Ora de Joelho,8003,60,58.3,2026-10-05T15:32:53
Fiora,17,TTK 号F iora bb号,7974,36,61.1,2026-10-05T15:33:03
Fiora,18,L1lao8,7924,88,60.2,2026-10-05T15:33:16
Fiora,19,麦当当薯条王,7910,28,60.7,2026-10-05T15:33:33
Fiora,20,sejuani00,7827,27,70.4,2026-10-05T15:33:50
Fiora,21,Marcola,7940,22,59.1,2026-10-05T15:34:17
Fiora,22,calyx,8207,42,42.9,2026-10-05T15:34:40
Fiora,23,Mxteo Duelista,7884,45,71.1,2026-10-05T15:35:01
Fiora,24,fxxxxxxx,5843,14,57.1,2026-10-05T15:35:13
Fiora,25,Gea55,7696,40,67.5,2026-10-05T15:35:23
Fiora,26,NADIE,7733,62,54.8,2026-10-05T15:35:36
Fiora,27,DelGa xD,7801,135,53.3,2026-10-05T15:35:48
Fiora,28,Fifi,7834,53,66.0,2026-10-05T15:35:59
Fiora,29,No Riposte,7489,46,45.7,2026-10-05T15:36:12
Fiora,30,Frank2209,7435,24,54.2,2026-10-05T15:36:23
Fizz,1,Silént,10271,122,54.9,2026-10-06T01:23:22
Fizz,2,Thetochpbf,9658,117,63.2,2026-10-06T01:23:35
Fizz,3,long,9479,85,52.9,2026-10-06T01:23:56
Fizz,4,PuFFyZZoR,2301,7,42.9,2026-10-06T01:24:11
Fizz,5,法拉盛第一深情,9078,108,53.7,2026-10-06T01:24:32
Fizz,6,FizzOuFeed,8685,40,72.5,2026-10-06T01:24:45
Fizz,7,シDッ,8404,75,60.0,2026-10-06T01:24:53
Fizz,8,Bianquinha 30cm,7994,22,72.7,2026-10-06T01:25:04
Fizz,9,PESCADORdoLOL,8148,245,54.7,2026-10-06T01:25:13
Fizz,10,目濡以沫不如相忘于江湖,7718,77,53.2,2026-10-06T01:25:23
Fizz,11,SardinaAsesina,7921,45,53.3,2026-10-06T01:25:34
Fizz,12,ozymandias,7533,38,55.3,2026-10-06T01:25:43
Fizz,13,cristian160880,7409,84,56.0,2026-10-06T01:25:54
Fizz,14,BRAYAYIN11,7362,46,56.5,2026-10-06T01:26:03
Fizz,15,batatabolada,7345,33,57.6,2026-10-06T01:26:14
Fizz,16,Patrucko,7622,77,50.6,2026-10-06T01:26:25
Fizz,17,Voy Trol Siempre,7290,34,61.8,2026-10-06T01:26:36
Fizz,18,Rei da Selva,7371,32,50.0,2026-10-06T01:26:52
Fizz,19,Ssdztang,7539,53,64.2,2026-10-06T01:27:06
Fizz,20,REI Shelbyツ,7293,41,53.7,2026-10-06T01:27:17
Fizz,21,SchautzDoLOL,7416,76,55.3,2026-10-06T01:27:30
Fizz,22,鱼鱼鱼你就是鱼,7209,44,56.8,2026-10-06T01:27:38
Fizz,23,Galactus2503,7547,52,53.8,2026-10-06T01:27:47
Fizz,24,Kaenji Reiken,7231,93,59.1,2026-10-06T01:27:56
Fizz,25,叮叮当,7515,50,68.0,2026-10-06T01:28:06
Fizz,26,GeneralFizz,7186,16,56.2,2026-10-06T01:28:14
Fizz,27,LCRZ JacK,7293,35,62.9,2026-10-06T01:28:26
Fizz,28,SOU UM LOBO,7048,47,70.2,2026-10-06T01:28:34
Fizz,29,ArssonScola,7191,57,52.6,2026-10-06T01:28:42
Fizz,30,惩戒留着刷帅,6996,28,67.9,2026-10-06T01:28:52
Galio,1,死 Ryu Onlyツ,9834,69,53.6,2026-10-06T05:02:59
Galio,2,Spino,9077,40,65.0,2026-10-06T05:03:08
Galio,3,Kingu,8872,38,63.2,2026-10-06T05:03:19
Galio,4,Birdio,8785,48,66.7,2026-10-06T05:03:28
Galio,5,Dials 刻度盘,8785,38,47.4,2026-10-06T05:03:40
Galio,6,Ambersky,8298,24,70.8,2026-10-06T05:03:50
Galio,7,Papoy,8416,45,66.7,2026-10-06T05:04:01
Galio,8,Hán Cao T,8451,90,47.8,2026-10-06T05:04:11
Galio,9,drackaris,8579,81,55.6,2026-10-06T05:04:19
Galio,10,Sur1,8088,30,63.3,2026-10-06T05:04:34
Galio,11,Esposo Prime,8113,53,50.9,2026-10-06T05:04:44
Galio,12,小莉塔塔,8124,34,50.0,2026-10-06T05:04:53
Galio,13,Đs AngelTouch,7941,58,55.2,2026-10-06T05:05:03
Galio,14,RV2,7969,27,63.0,2026-10-06T05:05:13
Galio,15,Bymascott,7884,98,57.1,2026-10-06T05:05:28
Galio,16,霜YASHIRO,7834,78,52.6,2026-10-06T05:05:41
Galio,17,YT Bianquinhawr,7679,29,69.0,2026-10-06T05:05:52
Galio,18,FTFU Axy,7834,71,56.3,2026-10-06T05:06:04
Galio,19,Lock Nah,7671,38,73.7,2026-10-06T05:06:14
Galio,20,Elchu Pakulo,7643,30,70.0,2026-10-06T05:06:22
Galio,21,noria,7987,95,58.9,2026-10-06T05:06:32
Galio,22,hi im boxxy,7627,26,53.8,2026-10-06T05:06:40
Galio,23,blend,7622,85,55.3,2026-10-06T05:06:51
Galio,24,Bianquinha,7576,17,64.7,2026-10-06T05:07:01
Galio,25,Villanueva,7565,43,74.4,2026-10-06T05:07:09
Galio,26,PeruanoHz,7714,47,59.6,2026-10-06T05:07:19
Galio,27,ORD Creytin19,7796,91,42.9,2026-10-06T05:07:27
Galio,28,SOULS,7448,40,60.0,2026-10-06T05:07:38
Galio,29,Juninho Ruindade,7409,43,60.5,2026-10-06T05:07:48
Galio,30,MyMSusperia,7610,54,57.4,2026-10-06T05:07:56
Garen,1,내가 더 잘해,7169,16,56.2,2026-10-05T08:10:02
Garen,2,caguamamo,8614,24,66.7,2026-10-05T08:10:11
Garen,3,Son Gohan,8579,117,60.7,2026-10-05T08:10:21
Garen,4,darkdragon,8373,40,65.0,2026-10-05T08:10:31
Garen,5,Bruno,8321,39,59.0,2026-10-05T08:10:44
Garen,6,EU SOU SAMUEL,8260,79,59.5,2026-10-05T08:10:54
Garen,7,Tintin0201,8097,59,57.6,2026-10-05T08:11:04
Garen,8,ANDUIN,8043,40,70.0,2026-10-05T08:11:15
Garen,9,ColonellMustang,7900,22,54.5,2026-10-05T08:11:24
Garen,10,JesuszzXD,7787,80,60.0,2026-10-05T08:11:35
Garen,11,Serpenuz,7782,14,50.0,2026-10-05T08:11:46
Garen,12,XxArthasxX,7770,43,62.8,2026-10-05T08:11:55
Garen,13,ALGAGoD,7777,51,47.1,2026-10-05T08:12:06
Garen,14,Därtâñän,7877,30,60.0,2026-10-05T08:12:15
Garen,15,HiroVinny,7767,29,51.7,2026-10-05T08:12:26
Garen,16,CinZ,7621,27,48.1,2026-10-05T08:12:36
Garen,17,Rapań,7409,68,60.3,2026-10-05T08:12:45
Garen,18,Monstabrownie,4840,13,61.5,2026-10-05T08:12:56
Garen,19,Demenciano,7661,29,55.2,2026-10-05T08:13:04
Garen,20,Samucazin,7515,61,54.1,2026-10-05T08:13:15
Garen,21,BigSchlOñgle,7370,97,55.7,2026-10-05T08:13:25
Garen,22,XxSaSuKexX,7834,46,54.3,2026-10-05T08:13:34
Garen,23,优雅永不过时,7440,16,68.8,2026-10-05T08:13:44
Garen,24,todito97,7597,45,51.1,2026-10-05T08:13:54
Garen,25,반지하의 제왕,7333,33,66.7,2026-10-05T08:14:03
Garen,26,rfff otp mid,7224,37,62.2,2026-10-05T08:14:14
Garen,27,darkmonkey,7247,57,54.4,2026-10-05T08:14:22
Garen,28,Lokij88,7196,50,66.0,2026-10-05T08:14:33
Garen,29,LSS TOPerwaRe,7391,23,47.8,2026-10-05T08:14:43
Garen,30,Gematrian Boi 3,7176,47,38.3,2026-10-05T08:14:52
Gnar,1,VM BabySitDuck,2843,14,57.1,2026-10-06T00:36:04
Gnar,2,TIKTOKLORD PACO,5587,12,50.0,2026-10-06T00:36:13
Gnar,3,BBQYummy,8817,27,66.7,2026-10-06T00:36:24
Gnar,4,Rorro,8404,42,61.9,2026-10-06T00:36:35
Gnar,5,Random Raccoon,8425,23,60.9,2026-10-06T00:36:48
Gnar,6,MUQUINHA,8328,48,70.8,2026-10-06T00:36:58
Gnar,7,WayBetterThanYou,8208,33,66.7,2026-10-06T00:37:10
Gnar,8,NOBLE6ツDrK,7918,48,60.4,2026-10-06T00:37:21
Gnar,9,SSG AIORIA,7834,51,64.7,2026-10-06T00:37:31
Gnar,10,Burronito,7834,55,58.2,2026-10-06T00:37:43
Gnar,11,lip,7832,68,50.0,2026-10-06T00:37:54
Gnar,12,UnCarriableGame,7968,25,32.0,2026-10-06T00:38:02
Gnar,13,InkShredder,7735,89,52.8,2026-10-06T00:38:13
Gnar,14,FLA StronG,7560,43,62.8,2026-10-06T00:38:23
Gnar,15,Sun,7461,30,56.7,2026-10-06T00:38:35
Gnar,16,T1 Ncile,7484,80,55.0,2026-10-06T00:38:46
Gnar,17,The Mentalist,7271,21,52.4,2026-10-06T00:38:54
Gnar,18,TSM Playbøi,7422,49,51.0,2026-10-06T00:39:06
Gnar,19,DarkKnight18,7344,57,56.1,2026-10-06T00:39:17
Gnar,20,Shadowpepsi,7498,164,51.8,2026-10-06T00:39:30
Gnar,21,ElWhis,7165,32,68.8,2026-10-06T00:39:46
Gnar,22,DANZOU,7150,59,61.0,2026-10-06T00:40:07
Gnar,23,Bam,7121,15,73.3,2026-10-06T00:40:30
Gnar,24,imjustalittleguy,7300,49,67.3,2026-10-06T00:40:55
Gnar,25,Bener,7195,49,53.1,2026-10-06T00:41:14
Gnar,26,TJB NUNES,7541,24,70.8,2026-10-06T00:41:25
Gnar,27,GUTSO,7157,74,55.4,2026-10-06T00:41:33
Gnar,28,福建炒饭同乡会,7091,25,88.0,2026-10-06T00:41:43
Gnar,29,RogerMatanovatos,7553,84,45.2,2026-10-06T00:41:53
Gnar,30,Double T,6992,29,62.1,2026-10-06T00:42:01
Gragas,1,Darkin DX,10058,49,51.0,2026-10-06T01:35:08
Gragas,2,Kazuk,9534,80,65.0,2026-10-06T01:35:18
Gragas,3,Hanson,9290,201,54.2,2026-10-06T01:35:35
Gragas,4,je t aime Lyv 絆,9003,27,85.2,2026-10-06T01:35:45
Gragas,5,VITOR,8899,54,57.4,2026-10-06T01:35:58
Gragas,6,SNY Dias,8388,22,50.0,2026-10-06T01:36:08
Gragas,7,DarkSysten,8309,40,62.5,2026-10-06T01:36:19
Gragas,8,Miguelito,8470,50,70.0,2026-10-06T01:36:30
Gragas,9,MrAident,8527,112,56.2,2026-10-06T01:36:39
Gragas,10,BOB O BOBO,1748,1,0.0,2026-10-06T01:36:52
Gragas,11,VHZIIN,8404,86,50.0,2026-10-06T01:37:08
Gragas,12,Nielboy,7874,28,71.4,2026-10-06T01:37:18
Gragas,13,雙人組 Beer Monarch,7853,22,54.5,2026-10-06T01:37:32
Gragas,14,Anthony,7866,47,59.6,2026-10-06T01:37:43
Gragas,15,DhIDI,7738,17,58.8,2026-10-06T01:37:58
Gragas,16,4Zedd,7649,26,69.2,2026-10-06T01:38:17
Gragas,17,doumeurabo,7746,40,52.5,2026-10-06T01:38:41
Gragas,18,NDS Yasurai 影,7456,40,55.0,2026-10-06T01:39:01
Gragas,19,zagreus,7303,35,71.4,2026-10-06T01:39:18
Gragas,20,Annie AYUDAME,7352,74,63.5,2026-10-06T01:39:26
Gragas,21,battleflare,7272,60,51.7,2026-10-06T01:39:37
Gragas,22,Dreezy,7217,15,73.3,2026-10-06T01:39:46
Gragas,23,Parmindo da Zona,7196,11,81.8,2026-10-06T01:39:56
Gragas,24,Ya no soy tóxico,7409,63,66.7,2026-10-06T01:40:07
Gragas,25,T1 KjsKairos,7303,79,58.2,2026-10-06T01:40:16
Gragas,26,anoNENENEanimela,7152,78,59.0,2026-10-06T01:40:26
Gragas,27,Bicho Maldito,7092,35,60.0,2026-10-06T01:40:35
Gragas,28,gragas é gostoso,7086,25,48.0,2026-10-06T01:40:45
Gragas,29,MessIsmael,5413,9,66.7,2026-10-06T01:40:55
Gragas,30,Spiderlino,7048,17,88.2,2026-10-06T01:41:04
Graves,1,Tangerina 運命,9160,94,61.7,2026-10-05T23:50:02
Graves,2,bear,8785,27,63.0,2026-10-05T23:50:13
Graves,3,Best Gudyr,8579,51,52.9,2026-10-05T23:51:12
Graves,4,Best Gudyr,8260,53,62.3,2026-10-05T23:51:31
Graves,5,GravesProblemas影,8490,96,57.3,2026-10-05T23:51:45
Graves,6,Rhitta,7749,58,58.6,2026-10-05T23:51:56
Graves,7,Lucas 2319,7546,24,58.3,2026-10-05T23:52:11
Graves,8,LOW CORTISOL,7689,28,67.9,2026-10-05T23:52:23
Graves,9,Isnt She Lovely,7565,83,60.2,2026-10-05T23:52:34
Graves,10,CLINT,7543,80,45.0,2026-10-05T23:52:45
Graves,11,Don Poporo,7393,33,63.6,2026-10-05T23:52:57
Graves,12,fadak4ta,7565,72,58.3,2026-10-05T23:53:08
Graves,13,be my nikki,7405,44,47.7,2026-10-05T23:53:20
Graves,14,Maniatico,7282,40,57.5,2026-10-05T23:53:30
Graves,15,Tommy shelby,7139,69,50.7,2026-10-05T23:53:39
Graves,16,1990,7263,60,51.7,2026-10-05T23:53:52
Graves,17,Uncle Lâm,6941,74,44.6,2026-10-05T23:54:04
Graves,18,酱油饭,7165,24,37.5,2026-10-05T23:54:15
Graves,19,Auzymandias,6880,49,49.0,2026-10-05T23:54:25
Graves,20,Sysyphean,7221,70,55.7,2026-10-05T23:54:34
Graves,21,ORD ISoloqRXI,7253,136,53.7,2026-10-05T23:54:44
Graves,22,SolyAWeeD,6800,61,63.9,2026-10-05T23:54:55
Graves,23,Benn Beckman,6660,91,48.4,2026-10-05T23:55:03
Graves,24,KRAMPUSNACHT,6763,20,70.0,2026-10-05T23:55:19
Graves,25,ÖD ErCarrasco,6594,23,52.2,2026-10-05T23:55:44
Graves,26,Gotico Asmod,6652,109,58.7,2026-10-05T23:56:07
Graves,27,SX Istuzika0,6438,46,71.7,2026-10-05T23:56:26
Graves,28,STEPHONICS,6696,163,49.7,2026-10-05T23:56:35
Graves,29,王叽歪就把枪管塞你嘴里,6315,12,41.7,2026-10-05T23:56:45
Graves,30,TSM AlLy,6532,37,45.9,2026-10-05T23:56:56
Gwen,1,Firist15,10271,39,61.5,2026-10-05T20:51:45
Gwen,2,我tm剪死你,10271,42,66.7,2026-10-05T20:52:13
Gwen,3,RIEBLITZ,10271,49,65.3,2026-10-05T20:52:33
Gwen,4,HARVEST,10271,45,71.1,2026-10-05T20:52:57
Gwen,5,Satoru Gojo 無限,10031,70,64.3,2026-10-05T20:53:47
Gwen,6,NebulousDowsie,9840,62,62.9,2026-10-05T20:54:18
Gwen,7,TTV Regis Nex,10271,105,59.0,2026-10-05T20:55:01
Gwen,8,Tamamo Cross,10031,82,62.2,2026-10-05T20:55:36
Gwen,9,SNY Dias,9991,62,50.0,2026-10-05T20:56:00
Gwen,10,Hchong,9433,23,87.0,2026-10-05T20:56:25
Gwen,11,SÓ JOGO COM PEEL,9445,21,71.4,2026-10-05T20:56:40
Gwen,12,GAFAS320,7455,13,53.8,2026-10-05T20:56:50
Gwen,13,余六昼,8973,32,62.5,2026-10-05T20:57:05
Gwen,14,BLKN Tío keria,8878,21,66.7,2026-10-05T20:57:18
Gwen,15,Thousand Cuts,8785,49,65.3,2026-10-05T20:57:35
Gwen,16,It is not ENOUGH,8785,32,84.4,2026-10-05T20:57:49
Gwen,17,Eyes Of Lies,8785,46,76.1,2026-10-05T20:58:03
Gwen,18,GEN CHOV1,9180,49,57.1,2026-10-05T20:58:22
Gwen,19,LordDan,8755,15,80.0,2026-10-05T20:58:37
Gwen,20,Phat,8597,17,82.4,2026-10-05T20:58:47
Gwen,21,Rinkuji,8583,30,66.7,2026-10-05T20:58:59
Gwen,22,Daydream,8674,30,73.3,2026-10-05T20:59:09
Gwen,23,tohru,8485,36,58.3,2026-10-05T20:59:20
Gwen,24,倾世青丝绾卿心,8576,43,55.8,2026-10-05T20:59:33
Gwen,25,MB credito,8523,28,57.1,2026-10-05T20:59:42
Gwen,26,Time as Twilight,8421,15,73.3,2026-10-05T20:59:54
Gwen,27,Alejo,8502,35,60.0,2026-10-05T21:00:04
Gwen,28,chino cohino,8356,75,73.3,2026-10-05T21:00:15
Gwen,29,darwin 040,8484,115,58.3,2026-10-05T21:00:25
Gwen,30,LUCAS,8331,52,55.8,2026-10-05T21:00:35
Hecarim,1,REN,11378,53,83.0,2026-10-05T13:16:06
Hecarim,2,saltedpeanut,9983,37,70.3,2026-10-05T13:16:20
Hecarim,3,噸添岱MLT6629威信,9912,52,63.5,2026-10-05T13:16:31
Hecarim,4,felipe boladão,9430,32,65.6,2026-10-05T13:17:31
Hecarim,5,Joker shut up,9382,32,65.6,2026-10-05T13:17:44
Hecarim,6,tudo 2,9104,41,58.5,2026-10-05T13:17:54
Hecarim,7,I Love Meiying,9169,61,62.3,2026-10-05T13:18:06
Hecarim,8,旧时小巷,8785,24,75.0,2026-10-05T13:18:16
Hecarim,9,moment,8785,26,73.1,2026-10-05T13:18:25
Hecarim,10,reverselol,8635,17,76.5,2026-10-05T13:18:38
Hecarim,11,LEONWRTTV,8628,13,92.3,2026-10-05T13:18:48
Hecarim,12,Grazydarwin,8785,18,66.7,2026-10-05T13:18:57
Hecarim,13,大乌云,8579,25,72.0,2026-10-05T13:19:07
Hecarim,14,十二点前睡,8579,33,66.7,2026-10-05T13:19:20
Hecarim,15,Sagaz,8390,34,61.8,2026-10-05T13:19:32
Hecarim,16,Jayce Love,8154,56,57.1,2026-10-05T13:19:43
Hecarim,17,Caravila,8251,24,75.0,2026-10-05T13:19:53
Hecarim,18,Fist of Lee人,8171,48,60.4,2026-10-05T13:20:08
Hecarim,19,1ZツTheOne神三三,8039,36,58.3,2026-10-05T13:20:27
Hecarim,20,千珏大王,7990,33,72.7,2026-10-05T13:20:37
Hecarim,21,Leozin,7691,25,56.0,2026-10-05T13:20:48
Hecarim,22,B° ØßIe,7674,14,92.9,2026-10-05T13:20:59
Hecarim,23,4ever,7622,29,79.3,2026-10-05T13:21:12
Hecarim,25,OTM,7921,18,38.9,2026-10-05T13:21:32
Hecarim,26,Herbert Richards,7532,18,44.4,2026-10-05T13:21:44
Hecarim,27,OP Fadou,7664,32,59.4,2026-10-05T13:21:56
Hecarim,28,APEXHUNTER,7646,48,45.8,2026-10-05T13:22:06
Hecarim,29,TSTN Maciota,7384,15,60.0,2026-10-05T13:22:17
Hecarim,30,Kurama愛,7356,22,72.7,2026-10-05T13:22:29
Heimerdinger,1,好想要做寡妇的狗啊,10271,54,83.3,2026-10-06T06:01:20
Heimerdinger,2,Hottest Illaoi,9589,47,72.3,2026-10-06T06:01:34
Heimerdinger,3,DYLXNTERX,9569,76,61.8,2026-10-06T06:01:45
Heimerdinger,4,Alaynnz,8826,37,67.6,2026-10-06T06:01:55
Heimerdinger,5,Oppenheimer,8785,51,64.7,2026-10-06T06:02:07
Heimerdinger,6,Feeding Waffles,8522,51,66.7,2026-10-06T06:02:17
Heimerdinger,7,Renod1no,8047,83,54.2,2026-10-06T06:02:28
Heimerdinger,8,Yik,7903,14,71.4,2026-10-06T06:02:38
Heimerdinger,9,Heimer D kyyz,7834,47,61.7,2026-10-06T06:02:46
Heimerdinger,10,Pouta 2,7649,34,52.9,2026-10-06T06:02:56
Heimerdinger,11,ScaryMonsters,7642,34,55.9,2026-10-06T06:03:08
Heimerdinger,12,Fernandov21,7503,44,65.9,2026-10-06T06:03:20
Heimerdinger,13,MR CHAPPY,7309,51,51.0,2026-10-06T06:03:35
Heimerdinger,14,Killahcali,7262,41,61.0,2026-10-06T06:03:47
Heimerdinger,15,Jhinnecologo,4065,7,71.4,2026-10-06T06:03:59
Heimerdinger,16,É O LEKE,7884,52,57.7,2026-10-06T06:04:09
Heimerdinger,17,ElPajasLocas,7181,20,60.0,2026-10-06T06:04:17
Heimerdinger,18,T1 SHAULA,7078,34,70.6,2026-10-06T06:04:27
Heimerdinger,19,Heimerdinho,7178,60,61.7,2026-10-06T06:04:35
Heimerdinger,20,BigBadBandit,7063,55,74.5,2026-10-06T06:04:46
Heimerdinger,21,THE McKoXKi,7017,32,68.8,2026-10-06T06:04:56
Heimerdinger,22,VeloZ,6945,76,51.3,2026-10-06T06:05:04
Heimerdinger,23,给我个牙签戳地球,7008,40,55.0,2026-10-06T06:05:17
Heimerdinger,24,Shadow,6958,108,63.0,2026-10-06T06:05:27
Heimerdinger,25,Meridias,6789,67,67.2,2026-10-06T06:05:38
Heimerdinger,26,Pedr0Zip,6907,54,66.7,2026-10-06T06:05:52
Heimerdinger,27,Bolsonaro Yonkou,7062,56,62.5,2026-10-06T06:06:03
Heimerdinger,28,Zacuragi,7097,47,74.5,2026-10-06T06:06:13
Heimerdinger,29,JaimeTenis,6748,77,64.9,2026-10-06T06:06:32
Heimerdinger,30,Dan1204,6992,50,64.0,2026-10-06T06:06:45
Hwei,1,rukia,9898,40,70.0,2026-10-06T09:25:01
Hwei,2,Nao Jogo de Adc,9836,60,70.0,2026-10-06T09:25:10
Hwei,3,Bin,9761,41,68.3,2026-10-06T09:25:18
Hwei,4,Bjork踢被日记,9906,57,56.1,2026-10-06T09:25:27
Hwei,5,Tayggan,9576,43,67.4,2026-10-06T09:25:38
Hwei,6,Spinel Joking,9459,93,60.2,2026-10-06T09:25:47
Hwei,7,MEU Q TEM WAZE,9332,94,55.3,2026-10-06T09:25:58
Hwei,8,vivillion,9330,43,62.8,2026-10-06T09:26:08
Hwei,9,SB Luiz Hextcs,8579,37,73.0,2026-10-06T09:26:16
Hwei,10,死 Ryu Onlyツ,8579,43,67.4,2026-10-06T09:26:26
Hwei,11,Watchastep,8665,63,50.8,2026-10-06T09:26:33
Hwei,12,°ZARA°,8524,34,73.5,2026-10-06T09:26:43
Hwei,13,C4 Eletro,8516,51,58.8,2026-10-06T09:26:53
Hwei,14,Gedu,8501,36,63.9,2026-10-06T09:27:02
Hwei,15,zZz,8584,46,58.7,2026-10-06T09:27:12
Hwei,16,KOKO,8441,44,61.4,2026-10-06T09:27:22
Hwei,17,BLACKBEARD,8405,24,79.2,2026-10-06T09:27:30
Hwei,18,WEND,8229,47,70.2,2026-10-06T09:27:40
Hwei,19,ΔKΔME,8528,44,61.4,2026-10-06T09:27:48
Hwei,20,年年好,8316,48,54.2,2026-10-06T09:27:58
Hwei,21,CihcrehaTyf,8471,94,64.9,2026-10-06T09:28:08
Hwei,22,mai,8119,47,59.6,2026-10-06T09:28:16
Hwei,23,Argos IX,8057,50,60.0,2026-10-06T09:28:26
Hwei,24,AlexanderMz,8041,94,53.2,2026-10-06T09:28:34
Hwei,25,Tofu,8374,70,60.0,2026-10-06T09:28:43
Hwei,26,HweiX,7915,30,80.0,2026-10-06T09:28:53
Hwei,27,Chrollo Lucilfer,7951,61,55.7,2026-10-06T09:29:02
Hwei,28,Finn瓦里,7887,42,71.4,2026-10-06T09:29:13
Hwei,29,一人一,8152,28,60.7,2026-10-06T09:29:24
Hwei,30,Motokka,7974,63,50.8,2026-10-06T09:29:32
Irelia,1,fukiilll,10271,101,57.4,2026-10-06T04:57:37
Irelia,2,aireli,2268,1,100.0,2026-10-06T04:57:46
Irelia,3,TTK THEBESTOVER,10009,55,54.5,2026-10-06T04:57:55
Irelia,4,Tragic,9667,80,58.7,2026-10-06T04:58:04
Irelia,5,underworld,1531,1,100.0,2026-10-06T04:58:15
Irelia,6,Shaka,8645,35,77.1,2026-10-06T04:58:26
Irelia,7,BarcodeWR,8791,23,56.5,2026-10-06T04:58:41
Irelia,8,Saint Pablo,8366,32,68.8,2026-10-06T04:58:54
Irelia,9,Pirata 7,8351,31,51.6,2026-10-06T04:59:05
Irelia,10,XG Haskit,8579,49,55.1,2026-10-06T04:59:16
Irelia,11,Noctis,2448,3,33.3,2026-10-06T04:59:26
Irelia,12,以神之名,8264,39,66.7,2026-10-06T04:59:34
Irelia,13,MoonFoxyy,8467,158,49.4,2026-10-06T04:59:44
Irelia,14,Sk1lla,8241,86,53.5,2026-10-06T04:59:52
Irelia,15,captnbrick,8142,89,43.8,2026-10-06T05:00:02
Irelia,16,The losser,8122,46,56.5,2026-10-06T05:00:12
Irelia,17,UnknowTwo,7859,22,68.2,2026-10-06T05:00:20
Irelia,18,Jhezz H愛,7834,23,82.6,2026-10-06T05:00:30
Irelia,19,Tilta não amor,7595,75,58.7,2026-10-06T05:00:39
Irelia,20,É o SkaaaY,8154,131,48.9,2026-10-06T05:00:53
Irelia,21,KIONE,7515,85,61.2,2026-10-06T05:01:04
Irelia,22,CaPsy,7903,34,58.8,2026-10-06T05:01:13
Irelia,23,Dancing blade,7472,23,69.6,2026-10-06T05:01:24
Irelia,24,Snake,7565,80,62.5,2026-10-06T05:01:36
Irelia,25,Blue Lightning D,7625,72,45.8,2026-10-06T05:01:45
Irelia,26,刀妹推背80一位,7486,44,68.2,2026-10-06T05:01:57
Irelia,27,PqdPlank,7505,41,68.3,2026-10-06T05:02:06
Irelia,28,KS DaRiri,7485,48,56.2,2026-10-06T05:02:17
Irelia,29,LeonardoGunner2,7583,35,48.6,2026-10-06T05:02:26
Irelia,30,kaelblw冬,7352,88,50.0,2026-10-06T05:02:35
Janna,1,ALOHA,10418,33,93.9,2026-10-06T00:13:10
Janna,2,Triz,9932,54,66.7,2026-10-06T00:13:34
Janna,3,Miraiツ,9361,44,68.2,2026-10-06T00:14:05
Janna,4,seethal,9291,57,68.4,2026-10-06T00:14:28
Janna,5,lune,8983,62,58.1,2026-10-06T00:15:04
Janna,6,Sonapetista,9074,58,58.6,2026-10-06T00:15:17
Janna,7,Jånnå,8785,69,49.3,2026-10-06T00:15:26
Janna,8,dexx,8731,79,53.2,2026-10-06T00:15:44
Janna,9,なぎ誠せい士し郎ろうくせ,8376,56,64.3,2026-10-06T00:15:56
Janna,10,aerichandesu εiz,8331,52,61.5,2026-10-06T00:16:05
Janna,11,Rexpeita o rato,8091,28,64.3,2026-10-06T00:16:16
Janna,12,2B安,8279,57,63.2,2026-10-06T00:16:25
Janna,13,Pink Champagne,7944,30,56.7,2026-10-06T00:16:36
Janna,14,Vampiro Cracudo,7803,52,53.8,2026-10-06T00:16:47
Janna,15,pinky,7767,26,80.8,2026-10-06T00:16:55
Janna,16,fallen angel,7922,60,51.7,2026-10-06T00:17:06
Janna,17,CEstebanCP,7705,105,68.6,2026-10-06T00:17:17
Janna,18,Momü≈,7700,98,51.0,2026-10-06T00:17:26
Janna,19,EDUH,7668,48,62.5,2026-10-06T00:17:37
Janna,20,SHAKIRA,7663,31,54.8,2026-10-06T00:17:50
Janna,21,ultraviolence,7614,17,76.5,2026-10-06T00:18:10
Janna,22,vitoria,7627,33,57.6,2026-10-06T00:18:30
Janna,23,mayovikev,7694,55,58.2,2026-10-06T00:18:43
Janna,24,TikTok Neji,7855,32,75.0,2026-10-06T00:19:02
Janna,25,Nam,7542,38,71.1,2026-10-06T00:19:14
Janna,26,melissa,7518,60,58.3,2026-10-06T00:19:22
Janna,27,SK MortalKidd,7385,57,57.9,2026-10-06T00:19:34
Janna,28,Gentle Breeze,7440,40,67.5,2026-10-06T00:19:45
Janna,29,妮露小姐的狗,7425,94,53.2,2026-10-06T00:20:05
Janna,30,艾丝Debora Melo,7630,41,61.0,2026-10-06T00:20:18
Jarvan IV,1,sarch,10069,38,65.8,2026-10-05T21:09:48
Jarvan IV,2,8 Pack Genetics,9799,29,62.1,2026-10-05T21:10:06
Jarvan IV,3,RandomJ4,9534,88,58.0,2026-10-05T21:10:27
Jarvan IV,4,CN Deric,9232,23,65.2,2026-10-05T21:10:52
Jarvan IV,5,JotaMP,9221,22,72.7,2026-10-05T21:11:15
Jarvan IV,6,newbietothisgame,9164,38,57.9,2026-10-05T21:11:31
Jarvan IV,7,Neerui,8714,21,66.7,2026-10-05T21:11:57
Jarvan IV,8,Achilles,8459,33,57.6,2026-10-05T21:12:19
Jarvan IV,9,Rico bem novinho,2170,2,100.0,2026-10-05T21:12:35
Jarvan IV,10,bruiser abuserツキ,8301,39,56.4,2026-10-05T21:12:51
Jarvan IV,11,Charly Zookter,8446,38,52.6,2026-10-05T21:13:13
Jarvan IV,12,Lan are pigs,8562,19,73.7,2026-10-05T21:13:30
Jarvan IV,13,5exyboy,8192,50,58.0,2026-10-05T21:13:50
Jarvan IV,14,Danty the Carry,8154,48,60.4,2026-10-05T21:14:06
Jarvan IV,15,JARVAN VI,8366,63,60.3,2026-10-05T21:14:23
Jarvan IV,16,leoozz,8062,23,73.9,2026-10-05T21:14:38
Jarvan IV,17,Herbert Richards,7886,10,80.0,2026-10-05T21:14:47
Jarvan IV,18,asiangeo,8015,36,52.8,2026-10-05T21:14:59
Jarvan IV,19,Loid NG,7773,23,60.9,2026-10-05T21:15:09
Jarvan IV,20,No Te Supporto,7641,19,68.4,2026-10-05T21:15:21
Jarvan IV,21,N LAVO CARRO,7728,44,68.2,2026-10-05T21:15:32
Jarvan IV,22,Jaguar Prime,7711,27,59.3,2026-10-05T21:15:41
Jarvan IV,23,Diff jungla,7569,14,64.3,2026-10-05T21:15:51
Jarvan IV,24,Rei Tutu,7622,33,57.6,2026-10-05T21:16:03
Jarvan IV,25,刘德华,7596,22,50.0,2026-10-05T21:16:12
Jarvan IV,26,NotTodAy,7501,54,57.4,2026-10-05T21:16:25
Jarvan IV,27,MMMMM,7498,20,60.0,2026-10-05T21:16:37
Jarvan IV,28,Jagunço,7485,68,61.8,2026-10-05T21:16:46
Jarvan IV,29,FIZZ M3RD4,7805,57,61.4,2026-10-05T21:16:59
Jarvan IV,30,El Panadero,7917,28,64.3,2026-10-05T21:17:11
Jax,1,Radamanthys,10808,65,55.4,2026-10-05T17:03:33
Jax,2,Warwickmega GG,9871,85,60.0,2026-10-05T17:03:46
Jax,3,Nøttthîng,9616,49,59.2,2026-10-05T17:03:59
Jax,4,BruteOni,9534,38,78.9,2026-10-05T17:04:11
Jax,5,TSTN Padrão,9534,81,63.0,2026-10-05T17:04:26
Jax,6,TT 1V9 JAX BR,9651,139,54.0,2026-10-05T17:04:45
Jax,7,Natsu,10031,81,63.0,2026-10-05T17:05:06
Jax,8,LanaRhoadez,9393,102,52.0,2026-10-05T17:05:21
Jax,9,Fubuke,9278,37,67.6,2026-10-05T17:05:32
Jax,10,II Frisi,9160,79,54.4,2026-10-05T17:05:47
Jax,11,NIKOLAI,9061,73,49.3,2026-10-05T17:06:01
Jax,12,No delay,8785,17,76.5,2026-10-05T17:06:13
Jax,13,ImNoob,8637,25,60.0,2026-10-05T17:06:26
Jax,14,Thresh Leches,8579,48,60.4,2026-10-05T17:06:38
Jax,15,Gematrian Boi 3,8579,48,58.3,2026-10-05T17:06:53
Jax,16,Revooh,8745,38,55.3,2026-10-05T17:07:08
Jax,17,minhpham2905,8706,129,56.6,2026-10-05T17:07:21
Jax,18,Smurf de Jax,8366,78,57.7,2026-10-05T17:07:37
Jax,19,NOG Zé Do Poste,8341,19,73.7,2026-10-05T17:07:49
Jax,20,MAKYA PRIME,6486,21,47.6,2026-10-05T17:08:10
Jax,22,Darq,8579,55,50.9,2026-10-05T17:08:44
Jax,23,BCSE JAX KING,8549,65,56.9,2026-10-05T17:09:10
Jax,24,Overlord Brazil,8308,62,62.9,2026-10-05T17:09:34
Jax,25,Bastião,8303,37,62.2,2026-10-05T17:09:45
Jax,26,No Gank Me,8144,63,60.3,2026-10-05T17:10:03
Jax,27,Junk Døg,8106,28,67.9,2026-10-05T17:10:15
Jax,28,ルイス,8010,49,67.3,2026-10-05T17:10:43
Jax,29,Bankai贾克斯,7956,24,70.8,2026-10-05T17:11:09
Jax,30,Calvition,7956,38,63.2,2026-10-05T17:11:28
Jayce,1,木叶纷纷归路,10271,66,59.1,2026-10-06T02:53:11
Jayce,2,TTK FilipensesWr,10271,91,65.9,2026-10-06T02:53:20
Jayce,3,same same,9900,42,71.4,2026-10-06T02:53:31
Jayce,4,TTV Regis Nex,9535,52,46.2,2026-10-06T02:53:42
Jayce,5,SKT T1 rafaelc,9109,50,72.0,2026-10-06T02:53:55
Jayce,6,Luan Dog,9097,24,70.8,2026-10-06T02:54:04
Jayce,7,PELUCA,9154,92,62.0,2026-10-06T02:54:19
Jayce,8,ubilinski,9054,38,73.7,2026-10-06T02:54:31
Jayce,9,EXP oceanic,8583,23,69.6,2026-10-06T02:54:41
Jayce,10,Destiny,8613,35,54.3,2026-10-06T02:54:53
Jayce,11,DENNED,8546,67,55.2,2026-10-06T02:55:05
Jayce,12,Andy,8504,23,78.3,2026-10-06T02:55:15
Jayce,13,AL pradaone,8377,22,77.3,2026-10-06T02:55:29
Jayce,14,Phuoc k4,8343,26,61.5,2026-10-06T02:55:40
Jayce,15,Rob luchy,8638,15,80.0,2026-10-06T02:55:51
Jayce,16,bbiitteerr,8264,24,50.0,2026-10-06T02:56:01
Jayce,17,교수님,8361,103,61.2,2026-10-06T02:56:09
Jayce,18,T1影Fuker,8154,32,78.1,2026-10-06T02:56:21
Jayce,19,TOGRODITA,8136,44,61.4,2026-10-06T02:56:32
Jayce,20,Franklin,8130,22,77.3,2026-10-06T02:56:49
Jayce,21,人瘦衣宽颜非昨,7977,29,75.9,2026-10-06T02:57:00
Jayce,22,Magalhaex,7988,83,48.2,2026-10-06T02:57:09
Jayce,23,Négative,7906,44,61.4,2026-10-06T02:57:20
Jayce,24,Piña Man,7884,31,74.2,2026-10-06T02:57:32
Jayce,25,Shiro,7943,94,56.4,2026-10-06T02:57:41
Jayce,26,Destro,7834,53,56.6,2026-10-06T02:57:51
Jayce,27,TK MONEX WR幸運を,7834,29,69.0,2026-10-06T02:57:59
Jayce,28,ArClow,7776,13,92.3,2026-10-06T02:58:10
Jayce,29,VSK,7765,32,68.8,2026-10-06T02:58:20
Jayce,30,S4C Nathapon,7744,42,54.8,2026-10-06T02:58:28
Jhin,1,FHG Aomine,10274,21,81.0,2026-10-05T14:01:08
Jhin,2,Pelitov,10271,84,64.3,2026-10-05T14:01:17
Jhin,3,Scarlett 9s,10031,22,81.8,2026-10-05T14:01:44
Jhin,4,Two9,9792,70,60.0,2026-10-05T14:02:49
Jhin,5,Gato,9958,78,55.1,2026-10-05T14:03:01
Jhin,6,HG Hyper,9589,51,56.9,2026-10-05T14:03:11
Jhin,7,Demont,9454,77,41.6,2026-10-05T14:03:23
Jhin,8,HappyPurgeDay,9771,32,68.8,2026-10-05T14:03:33
Jhin,9,19Ninety4,9571,63,57.1,2026-10-05T14:03:42
Jhin,10,R1xn,9176,31,64.5,2026-10-05T14:03:55
Jhin,11,Hedgehog,9328,50,64.0,2026-10-05T14:04:08
Jhin,12,優Stego,8785,46,56.5,2026-10-05T14:04:17
Jhin,13,Ghost,8785,42,59.5,2026-10-05T14:04:28
Jhin,14,TDT Mute,8793,31,58.1,2026-10-05T14:04:38
Jhin,15,NX无痕,8808,64,54.7,2026-10-05T14:04:52
Jhin,16,贖罪 Forty,8921,25,56.0,2026-10-05T14:05:02
Jhin,17,cauãboy,8849,20,65.0,2026-10-05T14:05:12
Jhin,18,好中意你啊,8675,27,59.3,2026-10-05T14:05:23
Jhin,19,MidJhinNotaVegan,8785,26,69.2,2026-10-05T14:05:32
Jhin,20,SerialKillah,8970,134,59.7,2026-10-05T14:05:42
Jhin,21,Darkill,8563,20,65.0,2026-10-05T14:05:52
Jhin,22,McKiller,8579,35,51.4,2026-10-05T14:06:01
Jhin,23,Asuna,8330,29,58.6,2026-10-05T14:06:13
Jhin,24,陽月兰,8415,10,80.0,2026-10-05T14:06:22
Jhin,25,Daiki爱和平,8252,16,62.5,2026-10-05T14:06:31
Jhin,26,4444,8164,28,60.7,2026-10-05T14:06:42
Jhin,27,XFiFTHX,8791,45,60.0,2026-10-05T14:06:53
Jhin,28,seijuro,8154,16,68.8,2026-10-05T14:07:02
Jhin,29,Itadori,8154,54,57.4,2026-10-05T14:07:13
Jhin,30,hOPESOLO,5453,14,71.4,2026-10-05T14:07:25
Jinx,1,minimeow,11771,34,85.3,2026-10-05T12:55:26
Jinx,2,Klover,11080,34,67.6,2026-10-05T12:55:45
Jinx,3,Divine,10271,45,73.3,2026-10-05T12:56:01
Jinx,4,MJ Kingston,10076,56,64.3,2026-10-05T12:56:14
Jinx,5,Gap gap wap wap,9964,116,53.4,2026-10-05T12:56:34
Jinx,6,Jan Buster,9896,21,81.0,2026-10-05T12:56:45
Jinx,7,Nightmare20,9747,68,64.7,2026-10-05T12:57:00
Jinx,8,TFN CHARUTO火,9701,60,58.3,2026-10-05T12:57:18
Jinx,9,16420,9530,38,50.0,2026-10-05T12:57:36
Jinx,10,燕知春,9529,48,62.5,2026-10-05T12:57:51
Jinx,11,cobalto,9548,56,51.8,2026-10-05T12:58:11
Jinx,12,xiao ni wa,9860,27,74.1,2026-10-05T12:58:25
Jinx,13,Hans,9160,43,58.1,2026-10-05T12:58:41
Jinx,14,rog,9124,27,77.8,2026-10-05T12:58:59
Jinx,15,eric2,9056,41,61.0,2026-10-05T12:59:11
Jinx,16,Google Traductor,8912,98,65.3,2026-10-05T12:59:24
Jinx,17,강휘 Jae,8785,57,50.9,2026-10-05T12:59:37
Jinx,18,GuHOliveira,9018,48,60.4,2026-10-05T12:59:46
Jinx,19,Daiki爱和平,8754,30,66.7,2026-10-05T12:59:58
Jinx,20,爱晚睡,8785,29,58.6,2026-10-05T13:00:08
Jinx,21,my name is hope,8785,40,60.0,2026-10-05T13:00:24
Jinx,22,SylvesterTalon,8785,89,52.8,2026-10-05T13:00:38
Jinx,23,dworst,8581,19,73.7,2026-10-05T13:00:55
Jinx,24,ZEXAL Shogun,8579,25,68.0,2026-10-05T13:01:18
Jinx,25,KICK draca1S,8770,31,54.8,2026-10-05T13:01:39
Jinx,26,100Nossaum,8632,67,56.7,2026-10-05T13:01:52
Jinx,27,chry hadar,8369,92,60.9,2026-10-05T13:02:04
Jinx,28,黑芝麻,8331,77,63.6,2026-10-05T13:02:14
Jinx,29,Legend Never Die,8423,19,68.4,2026-10-05T13:02:26
Jinx,30,HanSoloQ,8205,18,55.6,2026-10-05T13:02:38
K'Sante,1,上帝 Naayil,10271,56,57.1,2026-10-06T08:48:34
K'Sante,2,Shining Armor,10213,35,77.1,2026-10-06T08:48:44
K'Sante,3,霜YHARON,10031,40,62.5,2026-10-06T08:48:56
K'Sante,4,CelTa愛,10031,89,55.1,2026-10-06T08:49:06
K'Sante,5,Alex León,10031,79,63.3,2026-10-06T08:49:18
K'Sante,6,Metanoia,10031,42,76.2,2026-10-06T08:49:28
K'Sante,7,水Sailor,9949,31,77.4,2026-10-06T08:49:40
K'Sante,8,Y1z6X9r4T7k,9803,41,65.9,2026-10-06T08:49:50
K'Sante,9,Serpenuz,9793,32,59.4,2026-10-06T08:49:59
K'Sante,10,zaca,9567,46,63.0,2026-10-06T08:50:10
K'Sante,11,T1 JuanCarryel,9351,42,73.8,2026-10-06T08:50:21
K'Sante,12,dck,9587,86,60.5,2026-10-06T08:50:30
K'Sante,13,neno,9160,63,61.9,2026-10-06T08:50:41
K'Sante,14,Bennnn,9225,25,76.0,2026-10-06T08:51:00
K'Sante,15,Lord Seissor,9092,32,53.1,2026-10-06T08:51:30
K'Sante,16,Free Palestine,9029,82,46.3,2026-10-06T08:51:55
K'Sante,17,YAMNGODLIKEMODE,8791,23,69.6,2026-10-06T08:52:14
K'Sante,18,Feel The Wall,9211,67,49.3,2026-10-06T08:52:29
K'Sante,19,Zizalzinho,8707,42,57.1,2026-10-06T08:52:40
K'Sante,20,TinhNguyen12,8350,16,75.0,2026-10-06T08:52:52
K'Sante,21,Gbgxtz71,8860,51,56.9,2026-10-06T08:53:01
K'Sante,22,r Markø,8579,24,75.0,2026-10-06T08:53:10
K'Sante,23,IMMORTAL,5826,12,66.7,2026-10-06T08:54:11
K'Sante,24,SUN WUKONG死神,8544,42,52.4,2026-10-06T08:54:23
K'Sante,25,白い天使,8417,55,60.0,2026-10-06T08:54:32
K'Sante,26,Jayhy80961,8490,19,57.9,2026-10-06T08:54:42
K'Sante,27,Try To OTP,8319,25,48.0,2026-10-06T08:54:51
K'Sante,28,Ststriker12TTV,8446,25,56.0,2026-10-06T08:55:03
K'Sante,29,Cesar Maderudo,8405,72,58.3,2026-10-06T08:55:13
K'Sante,30,NEYMAR JAX,4002,9,55.6,2026-10-06T08:55:23
Kai'Sa,1,Danilo Milhomens,10271,50,66.0,2026-10-05T15:14:33
Kai'Sa,2,O Diana,10270,24,70.8,2026-10-05T15:14:49
Kai'Sa,3,Flamez,10062,31,58.1,2026-10-05T15:15:04
Kai'Sa,4,Soju Rain,10031,51,56.9,2026-10-05T15:15:17
Kai'Sa,5,Klover,10271,47,51.1,2026-10-05T15:15:30
Kai'Sa,6,Xavierr,10031,65,58.5,2026-10-05T15:15:40
Kai'Sa,7,Useless support,10166,36,66.7,2026-10-05T15:15:53
Kai'Sa,8,JUVE Santzs,9637,33,63.6,2026-10-05T15:16:05
Kai'Sa,9,长夜尽,9687,40,55.0,2026-10-05T15:16:14
Kai'Sa,11,Thi,9511,85,55.3,2026-10-05T15:16:38
Kai'Sa,12,TDT Mute,9497,32,56.2,2026-10-05T15:16:48
Kai'Sa,13,苦寻温溪美女,9782,42,66.7,2026-10-05T15:17:02
Kai'Sa,14,Merlin #Br,9295,44,52.3,2026-10-05T15:17:16
Kai'Sa,15,Peyzツ,8979,19,84.2,2026-10-05T15:17:36
Kai'Sa,16,Jao,8938,26,69.2,2026-10-05T15:17:59
Kai'Sa,17,所有格Takumi,8785,27,63.0,2026-10-05T15:18:15
Kai'Sa,18,Ω Ayoria Ω,8785,62,56.5,2026-10-05T15:18:29
Kai'Sa,19,Kev Is Noob,8785,42,54.8,2026-10-05T15:18:41
Kai'Sa,20,Dante 67,8731,37,56.8,2026-10-05T15:19:35
Kai'Sa,21,virtual angel,8785,45,64.4,2026-10-05T15:19:48
Kai'Sa,22,徐鳳年,8680,20,85.0,2026-10-05T15:19:58
Kai'Sa,23,Kyzei,8724,80,47.5,2026-10-05T15:20:11
Kai'Sa,24,Musashi,8579,29,69.0,2026-10-05T15:20:21
Kai'Sa,25,DJ ChernoBruno,8579,28,67.9,2026-10-05T15:20:31
Kai'Sa,26,LUCCAS,8579,60,51.7,2026-10-05T15:20:43
Kai'Sa,27,T1Clouds,8970,68,47.1,2026-10-05T15:20:53
Kai'Sa,28,Gatoskyy,8485,32,65.6,2026-10-05T15:21:09
Kai'Sa,29,Capelli Ricci,8482,28,71.4,2026-10-05T15:21:22
Kai'Sa,30,CamiloR26,8580,69,52.2,2026-10-05T15:21:37
Kalista,1,Galoderingue,10711,153,58.2,2026-10-06T10:15:42
Kalista,2,Douglas Adolf,10271,43,60.5,2026-10-06T10:15:52
Kalista,3,elementri,9727,74,55.4,2026-10-06T10:16:04
Kalista,4,CTR卓耿杀死了你,9549,32,75.0,2026-10-06T10:16:14
Kalista,5,M1TY,9189,92,52.2,2026-10-06T10:16:26
Kalista,6,xP4NAKINGx,8979,35,71.4,2026-10-06T10:16:35
Kalista,7,cauãboy,8404,14,71.4,2026-10-06T10:16:46
Kalista,8,Real carry,8877,99,51.5,2026-10-06T10:18:38
Kalista,9,OLYVER,8592,150,52.0,2026-10-06T10:18:47
Kalista,10,Fortyseven,8250,63,50.8,2026-10-06T10:18:58
Kalista,11,Sunfyre,8218,60,53.3,2026-10-06T10:19:06
Kalista,12,Lord K G B,7884,73,60.3,2026-10-06T10:19:17
Kalista,13,DONALD IS BACK,7941,131,53.4,2026-10-06T10:19:25
Kalista,14,GnarlyDowsie,7834,124,55.6,2026-10-06T10:19:35
Kalista,15,TodasMientenYPto,7622,67,64.2,2026-10-06T10:19:45
Kalista,16,NewZedInTheBush,7622,87,55.2,2026-10-06T10:19:54
Kalista,17,xLoi vi da den,7734,71,54.9,2026-10-06T10:20:04
Kalista,18,Marechal,7562,25,52.0,2026-10-06T10:20:12
Kalista,19,jesus celin,7515,78,55.1,2026-10-06T10:20:24
Kalista,20,Nico,7504,43,62.8,2026-10-06T10:20:34
Kalista,21,寂寞单排,7469,14,64.3,2026-10-06T10:20:43
Kalista,22,Justice Hammer,7465,26,65.4,2026-10-06T10:20:54
Kalista,23,Soudwedx,7454,68,61.8,2026-10-06T10:21:04
Kalista,24,又嫌我煩,7594,27,55.6,2026-10-06T10:21:13
Kalista,25,mia kalista,7409,44,68.2,2026-10-06T10:21:24
Kalista,26,GK ALEJO T1,7391,39,59.0,2026-10-06T10:21:32
Kalista,27,Felipe Correa,7360,17,70.6,2026-10-06T10:21:43
Kalista,28,Gap,7352,76,65.8,2026-10-06T10:21:53
Kalista,29,BloodKyller,7515,62,61.3,2026-10-06T10:22:01
Kalista,30,killer,7565,83,61.4,2026-10-06T10:22:12
Karma,1,stiky1,10187,29,89.7,2026-10-05T11:04:28
Karma,2,midnight εï3,9757,38,71.1,2026-10-05T11:04:37
Karma,3,1921,9497,46,63.0,2026-10-05T11:04:47
Karma,4,lune,8863,20,70.0,2026-10-05T11:04:58
Karma,5,lana a isy,8785,46,69.6,2026-10-05T11:05:11
Karma,6,Inspired零,8785,38,71.1,2026-10-05T11:05:21
Karma,7,ErzaScarlett,8775,19,78.9,2026-10-05T11:05:33
Karma,8,Billy Klein,8425,59,62.7,2026-10-05T11:05:43
Karma,9,NERD 13yKarMa,8416,56,58.9,2026-10-05T11:05:52
Karma,10,AndyKG,8416,44,61.4,2026-10-05T11:06:02
Karma,11,Babi,8314,25,60.0,2026-10-05T11:06:11
Karma,12,amante de judas,8262,28,67.9,2026-10-05T11:06:22
Karma,13,FHG Seelinah,8086,31,83.9,2026-10-05T11:06:34
Karma,14,Goat Jhin,8170,62,54.8,2026-10-05T11:06:43
Karma,15,obsidian,7921,21,66.7,2026-10-05T11:06:54
Karma,16,SHAKIRA,7855,16,75.0,2026-10-05T11:07:04
Karma,17,gildon,7815,19,68.4,2026-10-05T11:07:13
Karma,18,Stay with me,7760,12,91.7,2026-10-05T11:07:26
Karma,19,Marai 水,7747,23,60.9,2026-10-05T11:07:39
Karma,20,Rogerin Do P U,7728,31,58.1,2026-10-05T11:07:53
Karma,21,lesDiana,7700,34,64.7,2026-10-05T11:08:02
Karma,22,xsniperxelitex2,7671,64,53.1,2026-10-05T11:08:11
Karma,23,Soulbankai,7834,65,52.3,2026-10-05T11:08:21
Karma,24,Gorgulho,7834,87,50.6,2026-10-05T11:08:32
Karma,25,Focu Ranni,7838,21,57.1,2026-10-05T11:08:40
Karma,26,tedueleqtar,7544,43,72.1,2026-10-05T11:08:52
Karma,27,Dials 刻度盘,7503,32,53.1,2026-10-05T11:09:00
Karma,28,Catolinu,7620,45,62.2,2026-10-05T11:09:11
Karma,29,一条菜狗,7453,23,56.5,2026-10-05T11:09:21
Karma,30,akasha墮落女王,7441,8,100.0,2026-10-05T11:09:29
Kassadin,1,,11680,97,63.9,2026-10-06T03:04:46
Kassadin,2,Jao,11279,84,77.4,2026-10-06T03:04:59
Kassadin,3,dfdsfgdsf,10271,61,67.2,2026-10-06T03:05:24
Kassadin,4,Versawr,9919,68,54.4,2026-10-06T03:05:42
Kassadin,5,Kenai,9657,54,63.0,2026-10-06T03:05:54
Kassadin,6,Respect me,10271,178,55.6,2026-10-06T03:06:04
Kassadin,7,trauma,9502,37,67.6,2026-10-06T03:06:15
Kassadin,8,Fexay,9276,22,90.9,2026-10-06T03:06:25
Kassadin,9,DayLight,9161,27,70.4,2026-10-06T03:06:33
Kassadin,10,Expecto Patronum,9100,39,61.5,2026-10-06T03:06:43
Kassadin,11,miss,8787,61,67.2,2026-10-06T03:06:54
Kassadin,12,hysteria,8863,52,65.4,2026-10-06T03:07:02
Kassadin,13,上所88有生物都会孤独地死,8785,45,66.7,2026-10-06T03:07:13
Kassadin,14,16420,8995,38,55.3,2026-10-06T03:07:21
Kassadin,15,neyney,8579,32,75.0,2026-10-06T03:07:36
Kassadin,16,Kurama愛,8514,49,75.5,2026-10-06T03:07:52
Kassadin,17,AAtroxxKing,8641,49,61.2,2026-10-06T03:08:03
Kassadin,18,FELTRINksd,8587,124,58.1,2026-10-06T03:08:15
Kassadin,19,Hade,8475,25,76.0,2026-10-06T03:08:24
Kassadin,20,Arielsz,1308,4,75.0,2026-10-06T03:08:34
Kassadin,21,KOBBAAA六,8154,35,65.7,2026-10-06T03:08:45
Kassadin,22,Holdup,8154,40,60.0,2026-10-06T03:08:53
Kassadin,23,Che Vôi Dim G,8447,49,51.0,2026-10-06T03:09:04
Kassadin,24,Chad Vlad優勝者,8316,40,60.0,2026-10-06T03:09:16
Kassadin,25,white girl lover,8206,16,75.0,2026-10-06T03:09:25
Kassadin,26,redlight,8044,15,66.7,2026-10-06T03:09:35
Kassadin,27,Soren,8043,9,88.9,2026-10-06T03:09:44
Kassadin,28,GG Jhon,8260,52,69.2,2026-10-06T03:09:54
Kassadin,29,AKuloZ,8436,127,56.7,2026-10-06T03:10:05
Kassadin,30,kassadin is goat,7990,49,73.5,2026-10-06T03:10:15
Katarina,1,O Diana,11673,52,76.9,2026-10-06T02:23:21
Katarina,2,Hai Im Twitch,10213,44,72.7,2026-10-06T02:23:34
Katarina,3,KatBlade,10271,151,57.6,2026-10-06T02:23:48
Katarina,4,true story,10031,35,71.4,2026-10-06T02:24:03
Katarina,5,Grandmaster Kat,9618,96,54.2,2026-10-06T02:24:20
Katarina,6,Roxx,9543,25,60.0,2026-10-06T02:24:31
Katarina,7,CASTΣRE,9317,33,60.6,2026-10-06T02:24:44
Katarina,8,TikTok Daggers,9160,81,65.4,2026-10-06T02:25:02
Katarina,9,K de Kawa,8876,40,72.5,2026-10-06T02:25:11
Katarina,10,Kyle,8848,32,71.9,2026-10-06T02:25:21
Katarina,11,Daggers,8785,33,72.7,2026-10-06T02:25:31
Katarina,12,a Exotic Kat,8663,194,51.5,2026-10-06T02:25:39
Katarina,13,fellykat liveTtv,8579,60,53.3,2026-10-06T02:25:49
Katarina,14,Daenerys Targary,8539,41,82.9,2026-10-06T02:26:00
Katarina,15,NuvemZ,8746,58,50.0,2026-10-06T02:26:09
Katarina,16,Lī rd nao te ama,8785,27,66.7,2026-10-06T02:26:19
Katarina,17,LW NooB,8527,40,70.0,2026-10-06T02:26:29
Katarina,18,KATAK,8366,48,68.8,2026-10-06T02:26:44
Katarina,19,Mr Roco,8280,63,54.0,2026-10-06T02:26:59
Katarina,20,Wutangz,8260,74,56.8,2026-10-06T02:27:11
Katarina,21,Leave Me Alone,8408,106,55.7,2026-10-06T02:27:27
Katarina,23,MackDShauna,8073,15,53.3,2026-10-06T02:27:48
Katarina,24,Satan,8257,33,60.6,2026-10-06T02:27:58
Katarina,25,KataClismo激变,8070,18,55.6,2026-10-06T02:28:07
Katarina,26,show,7972,32,65.6,2026-10-06T02:28:17
Katarina,27,Robert,7829,27,74.1,2026-10-06T02:28:27
Katarina,28,kklegoshi,8154,53,56.6,2026-10-06T02:28:36
Katarina,29,Geovani,7834,41,58.5,2026-10-06T02:28:46
Katarina,30,Em Long Gia Sư,7819,17,64.7,2026-10-06T02:28:54
Kayle,1,Lunari,10271,185,54.6,2026-10-06T10:04:55
Kayle,2,Chessuno,8785,74,63.5,2026-10-06T10:05:06
Kayle,3,愛2Nツ,8579,21,85.7,2026-10-06T10:05:17
Kayle,4,RENOVATIUS,8685,59,54.2,2026-10-06T10:05:29
Kayle,5,Lego市,8317,18,66.7,2026-10-06T10:05:43
Kayle,6,Bloomszy,8627,134,52.2,2026-10-06T10:05:54
Kayle,7,OUTKASTA,8315,71,46.5,2026-10-06T10:06:07
Kayle,8,VextorX,8364,125,50.4,2026-10-06T10:06:20
Kayle,9,name provisional,7834,64,65.6,2026-10-06T10:06:30
Kayle,10,GhostOfYorus,7997,114,53.5,2026-10-06T10:06:43
Kayle,11,Borderline顶点,7829,19,63.2,2026-10-06T10:06:58
Kayle,12,FozeHoll98,8064,136,55.9,2026-10-06T10:07:09
Kayle,13,ッlasaßallolaッ,7671,84,54.8,2026-10-06T10:07:22
Kayle,14,AlDoro,7755,46,63.0,2026-10-06T10:07:36
Kayle,15,Last Order,7428,59,64.4,2026-10-06T10:07:46
Kayle,16,sdakfjhlaskdfj,7479,23,82.6,2026-10-06T10:07:57
Kayle,17,CN Allure Love,7441,32,68.8,2026-10-06T10:08:21
Kayle,18,karrascoDivino,7486,56,60.7,2026-10-06T10:11:30
Kayle,19,bann,7296,20,75.0,2026-10-06T10:11:43
Kayle,20,tikm,7385,19,63.2,2026-10-06T10:11:55
Kayle,21,Chinisxd炎,7136,39,66.7,2026-10-06T10:12:04
Kayle,22,IDN SeuVagem,7114,8,87.5,2026-10-06T10:12:16
Kayle,23,Tkthoughts,7119,65,61.5,2026-10-06T10:12:25
Kayle,24,Miyamoto Musashi,7187,22,77.3,2026-10-06T10:12:39
Kayle,25,vaelith,7199,142,54.9,2026-10-06T10:12:55
Kayle,26,TDG Madara,7026,108,50.9,2026-10-06T10:13:14
Kayle,27,NebulousDowsie,6989,33,63.6,2026-10-06T10:13:29
Kayle,28,GUZ,7247,12,58.3,2026-10-06T10:13:43
Kayle,29,Kazz凱爾,7030,42,64.3,2026-10-06T10:13:55
Kayle,30,Nanni,6841,63,55.6,2026-10-06T10:14:06
Kayn,1,Don patilla,2827,6,33.3,2026-10-05T10:43:30
Kayn,2,Twilight,9945,25,80.0,2026-10-05T10:43:41
Kayn,3,1hero 9 doggs,9823,47,61.7,2026-10-05T10:43:52
Kayn,4,C3 Blanc,9826,51,49.0,2026-10-05T10:44:09
Kayn,5,WW ONLY FANS,9536,72,56.9,2026-10-05T10:44:22
Kayn,6,Ihave no enemies,9441,45,66.7,2026-10-05T10:44:32
Kayn,7,PUSHEENレクシー,9297,44,52.3,2026-10-05T10:44:45
Kayn,8,Balmyps,9160,52,65.4,2026-10-05T10:44:56
Kayn,9,Sun Wukong,9006,83,53.0,2026-10-05T10:45:04
Kayn,10,G2 Shanks,9024,61,57.4,2026-10-05T10:45:17
Kayn,11,holic,8785,44,68.2,2026-10-05T10:45:30
Kayn,12,Oops,8785,53,67.9,2026-10-05T10:45:40
Kayn,13,PS Pulcinella,8597,100,59.0,2026-10-05T10:45:52
Kayn,14,Chrollo,8579,39,66.7,2026-10-05T10:46:01
Kayn,15,—Alya Guayaba,8579,44,63.6,2026-10-05T10:46:12
Kayn,16,It is Gwen,8579,39,59.0,2026-10-05T10:46:23
Kayn,17,Satoru Gojo紫,8459,74,60.8,2026-10-05T10:46:34
Kayn,18,噸添岱MLT6629威信,8435,15,60.0,2026-10-05T10:46:49
Kayn,19,Crimson Moon,8366,58,60.3,2026-10-05T10:47:01
Kayn,20,Rulø,8346,16,75.0,2026-10-05T10:47:10
Kayn,21,sematary,8309,61,59.0,2026-10-05T10:47:20
Kayn,22,RANK 1,8306,31,67.7,2026-10-05T10:47:30
Kayn,23,karlmenny,8154,29,62.1,2026-10-05T10:47:41
Kayn,24,Migue Incógnito,8366,26,73.1,2026-10-05T10:47:52
Kayn,25,Heavyballs,8492,153,64.1,2026-10-05T10:48:01
Kayn,26,夜ノ子 Winter,8309,60,63.3,2026-10-05T10:48:11
Kayn,27,愛Hollow愛,8685,43,65.1,2026-10-05T10:48:26
Kayn,28,Xsma,8086,38,55.3,2026-10-05T10:48:35
Kayn,29,Sunset Shimmer地獄,7980,46,60.9,2026-10-05T10:48:46
Kayn,30,Thepaz参T1,7941,21,76.2,2026-10-05T10:48:55
Kennen,1,那就晚安,10271,94,54.3,2026-10-05T22:27:55
Kennen,2,Fighter,10031,57,50.9,2026-10-05T22:28:10
Kennen,3,BlöödHöünd,10081,81,63.0,2026-10-05T22:28:27
Kennen,4,Mikaelly,9577,51,54.9,2026-10-05T22:28:42
Kennen,5,守神者,9784,99,60.6,2026-10-05T22:29:02
Kennen,6,sosumakit,9471,81,56.8,2026-10-05T22:29:18
Kennen,7,NERFERMOI,9253,63,58.7,2026-10-05T22:29:35
Kennen,8,AF Ragnar,9259,97,53.6,2026-10-05T22:29:49
Kennen,9,KING,8579,47,61.7,2026-10-05T22:30:01
Kennen,10,Vlad Red,8789,74,51.4,2026-10-05T22:30:15
Kennen,11,BiaBia,8309,42,61.9,2026-10-05T22:30:29
Kennen,12,ALTARK,8220,42,54.8,2026-10-05T22:30:43
Kennen,13,BEAR SMURF,8227,33,57.6,2026-10-05T22:31:00
Kennen,14,INFHEM,7995,15,73.3,2026-10-05T22:31:13
Kennen,15,VZT TOKYO,7884,53,64.2,2026-10-05T22:31:30
Kennen,16,Yohändri,7834,33,60.6,2026-10-05T22:31:47
Kennen,17,pocoyo,7700,27,63.0,2026-10-05T22:32:06
Kennen,18,The Bets Troll,7671,67,58.2,2026-10-05T22:32:34
Kennen,19,MonkeyDSam健康,7665,37,56.8,2026-10-05T22:32:51
Kennen,20,Star of calamity,7674,50,58.0,2026-10-05T22:33:14
Kennen,21,DuDuSuper7,7458,61,57.4,2026-10-05T22:33:34
Kennen,22,Dulock,7352,47,68.1,2026-10-05T22:33:51
Kennen,23,ElectricMelisma,7352,81,59.3,2026-10-05T22:34:10
Kennen,24,HBK007,7352,59,61.0,2026-10-05T22:34:20
Kennen,25,Almost home,7339,33,72.7,2026-10-05T22:34:32
Kennen,26,Forest92,7303,88,58.0,2026-10-05T22:34:45
Kennen,27,Miss hate,2386,10,20.0,2026-10-05T22:34:55
Kennen,28,Vnillanilla,7277,37,59.5,2026-10-05T22:35:16
Kennen,29,Blue Ice ML,7201,51,54.9,2026-10-05T22:35:28
Kennen,30,Voltz,7179,88,52.3,2026-10-05T22:35:38
Kha'Zix,1,JOE GOLDB3RG,10271,102,71.6,2026-10-05T12:48:51
Kha'Zix,2,ZVAYNE,10155,39,64.1,2026-10-05T12:49:02
Kha'Zix,3,Dodging,9164,58,55.2,2026-10-05T12:49:17
Kha'Zix,4,resilient mode,8958,35,65.7,2026-10-05T12:49:31
Kha'Zix,5,SNY Dias,9197,52,51.9,2026-10-05T12:49:47
Kha'Zix,6,SamyKamasK,8786,63,63.5,2026-10-05T12:49:57
Kha'Zix,7,be yourself,8633,20,65.0,2026-10-05T12:50:09
Kha'Zix,8,JuanitoGamer1839,8283,30,76.7,2026-10-05T12:50:21
Kha'Zix,9,chad baratinha,8785,81,53.1,2026-10-05T12:50:31
Kha'Zix,10,Just Viego,8151,85,49.4,2026-10-05T12:50:42
Kha'Zix,11,Jingerman,8154,78,60.3,2026-10-05T12:50:55
Kha'Zix,12,孤独的王冠、,7975,18,66.7,2026-10-05T12:51:06
Kha'Zix,13,333hertz,8042,31,67.7,2026-10-05T12:51:19
Kha'Zix,14,三重刘德华,7941,46,63.0,2026-10-05T12:51:29
Kha'Zix,15,神Kayde sixx杀手,7571,47,61.7,2026-10-05T12:51:42
Kha'Zix,16,DartZZX,7554,38,68.4,2026-10-05T12:51:56
Kha'Zix,17,Kha zix seven,7591,76,56.6,2026-10-05T12:52:05
Kha'Zix,18,1SOKHALAVERA,7834,110,57.3,2026-10-05T12:52:27
Kha'Zix,19,GORDAO CANALHA,7638,26,53.8,2026-10-05T12:52:49
Kha'Zix,20,applejack,7370,20,80.0,2026-10-05T12:53:07
Kha'Zix,21,20y later,7706,44,63.6,2026-10-05T12:53:22
Kha'Zix,22,Shoker999,7671,71,60.6,2026-10-05T12:53:32
Kha'Zix,23,CaPsy,7714,55,45.5,2026-10-05T12:53:44
Kha'Zix,24,VLADIMIRCLT,7313,25,76.0,2026-10-05T12:53:56
Kha'Zix,25,davidbadblood,7515,52,63.5,2026-10-05T12:54:06
Kha'Zix,26,倾世青丝绾卿心,7205,34,52.9,2026-10-05T12:54:18
Kha'Zix,27,Hellboy,7290,15,60.0,2026-10-05T12:54:32
Kha'Zix,28,vinsmoke,7352,100,60.0,2026-10-05T12:54:47
Kha'Zix,29,Dyl,7254,18,50.0,2026-10-05T12:54:57
Kha'Zix,30,hopperlol1,7162,29,58.6,2026-10-05T12:55:07
Kindred,1,corrupttwr TTV,11771,39,84.6,2026-10-05T23:57:19
Kindred,2,illumi,10271,25,72.0,2026-10-05T23:57:33
Kindred,3,,10196,51,62.7,2026-10-05T23:57:44
Kindred,4,Lunar Hiei,10031,125,56.8,2026-10-05T23:57:56
Kindred,5,be yourself,9999,25,80.0,2026-10-05T23:58:14
Kindred,6,kuromeee ω,10108,32,65.6,2026-10-05T23:58:24
Kindred,7,胡椒蛮馋,9946,47,61.7,2026-10-05T23:58:38
Kindred,8,Noé,10005,38,71.1,2026-10-05T23:58:51
Kindred,9,sudream,9766,24,75.0,2026-10-05T23:59:01
Kindred,10,LordDan,9747,44,52.3,2026-10-05T23:59:14
Kindred,11,Aguiar TTK,9784,37,67.6,2026-10-05T23:59:28
Kindred,12,CWG Tailong,9115,36,61.1,2026-10-05T23:59:38
Kindred,13,hdinh,9062,19,78.9,2026-10-05T23:59:51
Kindred,14,对面来点压力,8911,102,59.8,2026-10-06T00:00:02
Kindred,15,Game Of Troll,8966,41,56.1,2026-10-06T00:00:14
Kindred,16,rplxsqpgk81,8750,50,64.0,2026-10-06T00:00:29
Kindred,17,慌张的50块钱,8725,31,74.2,2026-10-06T00:00:41
Kindred,18,Kenzaku,8785,25,72.0,2026-10-06T00:01:01
Kindred,19,大鼻子露珠,8656,22,86.4,2026-10-06T00:01:17
Kindred,20,No Me Gwen,8472,44,52.3,2026-10-06T00:01:34
Kindred,21,RENGOKU,8311,26,80.8,2026-10-06T00:01:57
Kindred,22,Ekko Chibi,8255,18,72.2,2026-10-06T00:02:14
Kindred,23,Fenrir狼,8212,21,71.4,2026-10-06T00:02:36
Kindred,24,Wize33,8288,43,72.1,2026-10-06T00:02:54
Kindred,25,怎么又下雨,2494,1,100.0,2026-10-06T00:03:11
Kindred,26,Kannon Biraki,8509,74,43.2,2026-10-06T00:03:34
Kindred,27,Gwenzp,7958,51,56.9,2026-10-06T00:03:50
Kindred,28,HoL WIN,8133,69,62.3,2026-10-06T00:04:00
Kindred,29,The last dance,7918,28,57.1,2026-10-06T00:04:15
Kindred,30,flodt,7834,16,100.0,2026-10-06T00:04:29
Kog'Maw,1,将軍1KaosYivenZ,8334,46,50.0,2026-10-06T03:33:53
Kog'Maw,2,Aaron,8255,36,66.7,2026-10-06T03:34:05
Kog'Maw,3,YUN,8170,25,60.0,2026-10-06T03:34:20
Kog'Maw,4,Artenis,8210,34,58.8,2026-10-06T03:34:29
Kog'Maw,5,Gabiru,7895,28,60.7,2026-10-06T03:34:41
Kog'Maw,6,Range Top Abuser,7815,23,82.6,2026-10-06T03:34:50
Kog'Maw,7,Bil Von,5847,7,42.9,2026-10-06T03:35:01
Kog'Maw,8,我 Smolderlicia,7671,44,68.2,2026-10-06T03:35:11
Kog'Maw,9,Kog Kamikaze,7622,55,61.8,2026-10-06T03:35:19
Kog'Maw,10,KoNiiNGPK,7642,23,52.2,2026-10-06T03:35:29
Kog'Maw,11,Novato7愛,7562,30,56.7,2026-10-06T03:35:40
Kog'Maw,12,MATHEKA,7447,26,65.4,2026-10-06T03:35:48
Kog'Maw,13,Only Trash Champ,7436,23,73.9,2026-10-06T03:35:59
Kog'Maw,14,Rexxar,7352,19,68.4,2026-10-06T03:36:14
Kog'Maw,15,kecapquanlot,7671,76,56.6,2026-10-06T03:36:26
Kog'Maw,16,DKziin0,7576,45,60.0,2026-10-06T03:36:42
Kog'Maw,17,leJHINdary,7565,87,58.6,2026-10-06T03:36:52
Kog'Maw,18,L4E Josex0,7622,68,64.7,2026-10-06T03:37:03
Kog'Maw,19,LIPTR Waris,7272,37,67.6,2026-10-06T03:37:14
Kog'Maw,20,Mauric3,7508,51,60.8,2026-10-06T03:37:22
Kog'Maw,21,BLACK,7171,40,75.0,2026-10-06T03:37:34
Kog'Maw,22,TKS DE 4444,7059,59,67.8,2026-10-06T03:37:46
Kog'Maw,23,L9 ONE LASTGLIDE,7314,29,51.7,2026-10-06T03:37:54
Kog'Maw,24,IHaVe0cD,7398,47,51.1,2026-10-06T03:38:04
Kog'Maw,25,LIKO117,7091,40,62.5,2026-10-06T03:38:13
Kog'Maw,26,ISMAEL,6984,38,57.9,2026-10-06T03:38:23
Kog'Maw,27,Nobre愛,6983,28,64.3,2026-10-06T03:38:34
Kog'Maw,28,Carioca,6922,40,75.0,2026-10-06T03:38:42
Kog'Maw,29,Aegon II Usurper,7053,22,63.6,2026-10-06T03:38:57
Kog'Maw,30,Daijobug,6883,37,54.1,2026-10-06T03:39:08
Lee Sin,1,self control,10271,56,60.7,2026-10-05T22:15:34
Lee Sin,2,Mohrzin,10271,51,56.9,2026-10-05T22:15:42
Lee Sin,3,Grimm剣六,10150,39,69.2,2026-10-05T22:16:34
Lee Sin,4,Biggwall TTV,9937,30,76.7,2026-10-05T22:16:58
Lee Sin,5,Valcaster,9740,49,69.4,2026-10-05T22:17:14
Lee Sin,6,ジェーンJane Juliet,9722,61,54.1,2026-10-05T22:17:27
Lee Sin,7,SNY Dias,9830,48,56.2,2026-10-05T22:17:40
Lee Sin,8,Alice In Chains,9649,55,70.9,2026-10-05T22:17:49
Lee Sin,9,COUNTER天才,9687,50,48.0,2026-10-05T22:17:58
Lee Sin,10,思念漫过海岸线,9534,31,64.5,2026-10-05T22:18:08
Lee Sin,11,MALVADÃO,9491,50,64.0,2026-10-05T22:18:16
Lee Sin,12,Wedge,8042,21,66.7,2026-10-05T22:18:26
Lee Sin,13,lust,9459,20,75.0,2026-10-05T22:18:36
Lee Sin,14,WHITEBEARD,10031,45,64.4,2026-10-05T22:18:44
Lee Sin,15,VolumWR 害怕,9340,30,66.7,2026-10-05T22:18:54
Lee Sin,16,Dios,9336,18,72.2,2026-10-05T22:19:04
Lee Sin,17,被情绪左右,9343,25,72.0,2026-10-05T22:19:13
Lee Sin,18,mikekingjr09,9213,32,65.6,2026-10-05T22:19:23
Lee Sin,19,haeeminn,9295,54,53.7,2026-10-05T22:19:31
Lee Sin,20,Steven,9109,19,57.9,2026-10-05T22:19:41
Lee Sin,21,Filho do dono,9087,23,82.6,2026-10-05T22:19:52
Lee Sin,22,SS SiDaRoAl,8984,21,61.9,2026-10-05T22:20:00
Lee Sin,23,Waffle,8979,13,84.6,2026-10-05T22:20:10
Lee Sin,24,Extari,9052,36,52.8,2026-10-05T22:20:18
Lee Sin,25,JJkore,8939,17,64.7,2026-10-05T22:20:30
Lee Sin,26,I love you eden,8929,23,69.6,2026-10-05T22:20:38
Lee Sin,27,Dodging,9047,42,50.0,2026-10-05T22:20:47
Lee Sin,28,Catuaba,8884,92,65.2,2026-10-05T22:20:57
Lee Sin,29,TheK995岱加陪丸和匹夫,9075,42,66.7,2026-10-05T22:21:08
Lee Sin,30,Shade,9014,44,59.1,2026-10-05T22:21:17
Leona,1,Informático,8407,64,51.6,2026-10-05T19:29:59
Leona,2,Deku 100,8232,47,68.1,2026-10-05T19:30:08
Leona,3,DS1TheShield24,8325,95,54.7,2026-10-05T19:30:19
Leona,4,StromDragon847,8122,24,75.0,2026-10-05T19:30:32
Leona,5,atares,7934,58,63.8,2026-10-05T19:30:49
Leona,6,ÉuLinxi,7834,48,66.7,2026-10-05T19:30:59
Leona,7,LuluAnjodaGuarda,7671,45,68.9,2026-10-05T19:31:11
Leona,8,I Little Death,7559,27,63.0,2026-10-05T19:31:21
Leona,9,Captain28,7515,48,62.5,2026-10-05T19:31:30
Leona,10,Master miguel 米格,7539,31,61.3,2026-10-05T19:31:43
Leona,11,Upstartprince68,7510,63,66.7,2026-10-05T19:31:57
Leona,12,Albus Nox,7515,48,66.7,2026-10-05T19:32:06
Leona,13,Yoshwan666,7484,44,65.9,2026-10-05T19:32:16
Leona,14,Maldoctor,7570,68,63.2,2026-10-05T19:32:25
Leona,15,matchola,7303,63,61.9,2026-10-05T19:32:35
Leona,16,TRILLUJO,7303,78,59.0,2026-10-05T19:32:45
Leona,17,teltel,7384,53,56.6,2026-10-05T19:32:54
Leona,18,Zedamaciota,7385,27,59.3,2026-10-05T19:33:05
Leona,19,xXRainXx,7316,34,52.9,2026-10-05T19:33:14
Leona,20,KIRITOKUN14,7196,39,74.4,2026-10-05T19:33:25
Leona,21,vHipper z,7196,51,66.7,2026-10-05T19:33:35
Leona,22,ジェイ,2759,3,100.0,2026-10-05T19:33:44
Leona,23,NotYogur,7397,46,65.2,2026-10-05T19:33:56
Leona,24,Ave Dominus Nox,7108,104,54.8,2026-10-05T19:34:10
Leona,25,pegateunrato,7175,48,70.8,2026-10-05T19:34:23
Leona,26,Pomba de galinha,7095,52,69.2,2026-10-05T19:34:40
Leona,27,Castro,7303,63,58.7,2026-10-05T19:35:00
Leona,28,shamlon,7224,65,67.7,2026-10-05T19:35:11
Leona,29,anti brasil,7130,55,58.2,2026-10-05T19:36:08
Leona,30,CovidZ,7321,75,60.0,2026-10-05T19:36:21
Lillia,1,W4A,10271,67,56.7,2026-10-06T07:27:37
Lillia,2,Hayato,9455,35,62.9,2026-10-06T07:27:45
Lillia,3,flameburst,8785,58,56.9,2026-10-06T07:27:54
Lillia,4,KPT CROSPOSEIDON,8658,38,55.3,2026-10-06T07:28:03
Lillia,5,Vaporeon67,8579,41,56.1,2026-10-06T07:28:13
Lillia,6,Twitch prodigyw9,8543,16,100.0,2026-10-06T07:28:21
Lillia,7,AMSG ghost15638,8523,12,91.7,2026-10-06T07:28:32
Lillia,8,Perspicacity,8552,30,53.3,2026-10-06T07:28:42
Lillia,9,Rato de Academia,8217,24,58.3,2026-10-06T07:28:50
Lillia,10,i die or you die,8210,13,92.3,2026-10-06T07:28:59
Lillia,11,Alejo,8334,43,60.5,2026-10-06T07:29:07
Lillia,12,Viewtifulljoe,8097,58,67.2,2026-10-06T07:29:17
Lillia,13,Lumina,8001,64,60.9,2026-10-06T07:29:27
Lillia,14,keiid爱,7941,38,57.9,2026-10-06T07:29:35
Lillia,15,Hottie Mia,7738,10,70.0,2026-10-06T07:29:45
Lillia,16,NO SOY JAX,7672,39,59.0,2026-10-06T07:29:55
Lillia,17,KUYAtcg,7629,56,60.7,2026-10-06T07:30:03
Lillia,18,FemboyGotico,7565,46,78.3,2026-10-06T07:30:12
Lillia,19,end luv Ane 愛,7517,27,81.5,2026-10-06T07:30:20
Lillia,20,DonaldTrump55,7515,83,65.1,2026-10-06T07:30:30
Lillia,21,TheFoxUniversal,7777,56,60.7,2026-10-06T07:30:40
Lillia,22,JinpachEGO,7409,55,58.2,2026-10-06T07:30:48
Lillia,23,Lindox is back,7515,30,70.0,2026-10-06T07:30:57
Lillia,24,Yujim,7462,35,71.4,2026-10-06T07:31:05
Lillia,25,Dyl,7377,15,53.3,2026-10-06T07:31:15
Lillia,26,纯情锅包肉,7508,15,73.3,2026-10-06T07:31:24
Lillia,27,Serdail,7472,23,65.2,2026-10-06T07:31:33
Lillia,28,vemX1,7303,89,56.2,2026-10-06T07:31:42
Lillia,29,Kanavi,7404,18,61.1,2026-10-06T07:31:52
Lillia,30,Frost,7837,55,45.5,2026-10-06T07:32:00
Lissandra,1,Em Long Gia Sư,10119,92,50.0,2026-10-06T05:14:02
Lissandra,2,Francesbmx,9336,113,64.6,2026-10-06T05:14:13
Lissandra,3,Watchastep,8732,26,65.4,2026-10-06T05:14:26
Lissandra,4,Bankai,8693,31,61.3,2026-10-06T05:14:39
Lissandra,5,4eva,8527,23,91.3,2026-10-06T05:14:59
Lissandra,6,oongi,8733,108,49.1,2026-10-06T05:15:10
Lissandra,7,Xbatão,8175,46,60.9,2026-10-06T05:15:25
Lissandra,8,VOXRTEXX,3010,5,60.0,2026-10-06T05:15:38
Lissandra,9,NamelessX7X,8072,30,60.0,2026-10-06T05:15:47
Lissandra,10,MatSHOW,8054,21,61.9,2026-10-06T05:15:57
Lissandra,11,Nguyt Ly UwU,8047,27,66.7,2026-10-06T05:16:07
Lissandra,12,ffs andy,8113,26,50.0,2026-10-06T05:16:16
Lissandra,13,Ashlesh,7941,47,68.1,2026-10-06T05:16:26
Lissandra,14,MyStyleZ,7802,24,58.3,2026-10-06T05:16:38
Lissandra,15,Ω Macabeus,7972,68,54.4,2026-10-06T05:16:46
Lissandra,16,MyMSusperia,4132,8,37.5,2026-10-06T05:16:57
Lissandra,17,Sats,8021,39,56.4,2026-10-06T05:17:10
Lissandra,18,Boo么,7563,23,78.3,2026-10-06T05:17:25
Lissandra,19,O MENTALISTA,7284,18,61.1,2026-10-06T05:17:40
Lissandra,20,Sadak0,7265,68,54.4,2026-10-06T05:17:50
Lissandra,21,Jéricho,7395,35,68.6,2026-10-06T05:18:00
Lissandra,22,ALTARK,7320,21,61.9,2026-10-06T05:18:08
Lissandra,23,BAIXADA,7350,26,73.1,2026-10-06T05:18:18
Lissandra,24,TheKingOkami,7295,22,54.5,2026-10-06T05:18:29
Lissandra,25,Devil of Envy,7147,26,69.2,2026-10-06T05:18:37
Lissandra,26,xaveco,7157,63,65.1,2026-10-06T05:18:47
Lissandra,27,Rei de Copas,7090,24,58.3,2026-10-06T05:18:58
Lissandra,28,asura90,7188,85,55.3,2026-10-06T05:19:06
Lissandra,29,Tí Du,7377,18,72.2,2026-10-06T05:19:16
Lissandra,30,tank super nice,7036,25,56.0,2026-10-06T05:19:24
Lucian,1,Eternal 开荐,10271,18,94.4,2026-10-05T19:24:00
Lucian,2,长夜尽,10271,71,49.3,2026-10-05T19:24:11
Lucian,3,Broxei k9vinha,10271,66,54.5,2026-10-05T19:24:22
Lucian,4,kilash,9808,27,70.4,2026-10-05T19:24:33
Lucian,5,陽月兰,9502,29,55.2,2026-10-05T19:24:48
Lucian,6,Bindec7,9178,37,59.5,2026-10-05T19:25:00
Lucian,7,salted fish,9312,50,62.0,2026-10-05T19:25:13
Lucian,8,Landog,5044,8,50.0,2026-10-05T19:25:24
Lucian,9,MB jxliorr,9167,25,64.0,2026-10-05T19:25:34
Lucian,10,Xavierr,9315,47,44.7,2026-10-05T19:25:48
Lucian,11,athxna,8785,32,65.6,2026-10-05T19:26:04
Lucian,12,qwqCary,8656,24,75.0,2026-10-05T19:26:13
Lucian,13,Pulpito,8504,31,64.5,2026-10-05T19:26:24
Lucian,14,06Jug,8785,18,66.7,2026-10-05T19:26:34
Lucian,15,Demont,8438,25,64.0,2026-10-05T19:26:45
Lucian,16,Iron Knight,8464,43,46.5,2026-10-05T19:26:55
Lucian,17,Lasthitmagic,8785,57,54.4,2026-10-05T19:27:06
Lucian,18,KtorZ,8154,129,45.7,2026-10-05T19:27:18
Lucian,19,TSTN Carioca,8071,26,61.5,2026-10-05T19:27:28
Lucian,20,Jhey∆,8062,19,68.4,2026-10-05T19:27:39
Lucian,21,Kev Is Noob,8130,29,62.1,2026-10-05T19:27:52
Lucian,22,所有格Takumi,8167,44,40.9,2026-10-05T19:28:01
Lucian,23,Chu2ya,8040,28,50.0,2026-10-05T19:28:15
Lucian,24,its me bro,8154,46,60.9,2026-10-05T19:28:25
Lucian,25,DK BigJúnior,7890,14,64.3,2026-10-05T19:28:41
Lucian,26,Flamez,7881,20,55.0,2026-10-05T19:28:52
Lucian,27,么GOT么 Rysk,7891,26,53.8,2026-10-05T19:29:02
Lucian,28,Sonogehara,7947,44,61.4,2026-10-05T19:29:14
Lucian,29,蔵增舎弟受場解,7781,38,44.7,2026-10-05T19:29:27
Lucian,30,Soju Rain,7777,23,52.2,2026-10-05T19:29:37
Lulu,1,sleepyhead,10450,49,71.4,2026-10-05T20:02:17
Lulu,2,我喜歡記住,9122,53,60.4,2026-10-05T20:02:31
Lulu,3,honeymoon,9068,68,54.4,2026-10-05T20:02:43
Lulu,4,LuluStar,9045,52,67.3,2026-10-05T20:02:55
Lulu,5,Mack Cavalier,8999,50,64.0,2026-10-05T20:03:14
Lulu,6,Kanna 喜忠,8962,64,60.9,2026-10-05T20:03:34
Lulu,7,Coconut,8646,21,95.2,2026-10-05T20:03:59
Lulu,8,愛Yunna,8643,31,67.7,2026-10-05T20:04:18
Lulu,9,Kakeru無駄に,8452,43,67.4,2026-10-05T20:04:33
Lulu,10,Elio,8533,42,59.5,2026-10-05T20:04:50
Lulu,11,Support,8493,58,62.1,2026-10-05T20:05:08
Lulu,12,Petal,8278,29,69.0,2026-10-05T20:05:27
Lulu,13,BAIXINHA SURTADA,8258,64,54.7,2026-10-05T20:05:46
Lulu,14,Asami,8253,25,64.0,2026-10-05T20:06:01
Lulu,15,DangoCetrino,8408,63,57.1,2026-10-05T20:06:14
Lulu,16,Hatsona Miku,8154,45,60.0,2026-10-05T20:06:25
Lulu,17,minniie,8094,26,61.5,2026-10-05T20:06:34
Lulu,18,但丁安吉 Mio,8050,48,66.7,2026-10-05T20:06:47
Lulu,19,Rogerin Do P U,8446,78,55.1,2026-10-05T20:07:00
Lulu,20,Insane girl peel,3920,8,62.5,2026-10-05T20:07:09
Lulu,21,60Y MISTY,8076,114,46.5,2026-10-05T20:07:20
Lulu,22,Hitgirl,7940,24,87.5,2026-10-05T20:07:28
Lulu,23,NIX,7938,23,60.9,2026-10-05T20:07:40
Lulu,24,泠西lx,7934,41,65.9,2026-10-05T20:07:50
Lulu,25,Lico Meria,8080,30,73.3,2026-10-05T20:08:00
Lulu,26,switchblade,8094,23,60.9,2026-10-05T20:08:16
Lulu,27,이제니,7834,31,64.5,2026-10-05T20:08:28
Lulu,28,websteR,8224,32,62.5,2026-10-05T20:08:43
Lulu,29,o ANJO,7918,39,61.5,2026-10-05T20:09:07
Lulu,30,Ary Kotine,7797,41,65.9,2026-10-05T20:09:24
Lux,1,ALOHA,11250,25,100.0,2026-10-05T10:30:33
Lux,2,Eryx,10031,49,61.2,2026-10-05T10:30:44
Lux,3,Jerry,9734,57,56.1,2026-10-05T10:30:57
Lux,4,runaway,9274,41,46.3,2026-10-05T10:31:07
Lux,5,anxietyzxs,9024,23,65.2,2026-10-05T10:31:21
Lux,6,Nicole kidman,9057,31,54.8,2026-10-05T10:31:30
Lux,7,ΔKΔME,8941,41,43.9,2026-10-05T10:31:43
Lux,8,Sana Version,8785,38,63.2,2026-10-05T10:31:54
Lux,9,Alanishyy,8859,42,59.5,2026-10-05T10:32:03
Lux,10,ββi×MeowツEgann,8710,36,69.4,2026-10-05T10:32:13
Lux,11,1GtBayTrinh,8617,50,48.0,2026-10-05T10:32:23
Lux,12,Nun is Nun,8589,21,57.1,2026-10-05T10:32:33
Lux,13,CyberrLux,8579,54,53.7,2026-10-05T10:32:46
Lux,14,Yuumi Supremacy,8556,36,52.8,2026-10-05T10:32:56
Lux,15,Santa Maculada,8411,28,71.4,2026-10-05T10:33:08
Lux,16,Pink Venom,8366,40,62.5,2026-10-05T10:33:21
Lux,17,garoto estrela,8354,48,50.0,2026-10-05T10:33:30
Lux,18,Ip05gi,8339,19,57.9,2026-10-05T10:33:42
Lux,19,apple pie,8093,20,70.0,2026-10-05T10:33:51
Lux,20,Sailor Saturn,8154,26,61.5,2026-10-05T10:34:02
Lux,21,Lux URF,8076,112,50.0,2026-10-05T10:34:13
Lux,22,Hero,8009,23,65.2,2026-10-05T10:34:23
Lux,23,imperfect for u,8285,41,53.7,2026-10-05T10:34:49
Lux,24,Takumochi,8000,47,51.1,2026-10-05T10:34:58
Lux,25,MILENA DO CIVIC,8032,35,62.9,2026-10-05T10:35:08
Lux,26,SubM4rinh0,8036,57,54.4,2026-10-05T10:35:19
Lux,27,Kacchan,7990,57,57.9,2026-10-05T10:35:28
Lux,28,Triz,8078,30,43.3,2026-10-05T10:35:39
Lux,29,cryyarthur,8078,34,50.0,2026-10-05T10:35:51
Lux,30,DUDX,8317,92,48.9,2026-10-05T10:36:00
Malphite,1,8 Pack Genetics,10209,37,62.2,2026-10-06T01:05:56
Malphite,2,油锸潮汕彭于晏他冯的烂臭,9599,33,60.6,2026-10-06T01:06:09
Malphite,3,huntergg,9285,66,66.7,2026-10-06T01:06:23
Malphite,4,lucss7,9143,27,74.1,2026-10-06T01:06:37
Malphite,5,Florida,9467,62,58.1,2026-10-06T01:06:53
Malphite,6,Luck 卫,9014,44,63.6,2026-10-06T01:07:02
Malphite,7,LeonardOTP TOP,8970,41,70.7,2026-10-06T01:07:13
Malphite,8,TRISTANA,8964,59,59.3,2026-10-06T01:07:23
Malphite,9,VNP NAUQ,9285,77,63.6,2026-10-06T01:07:31
Malphite,10,PROJETO01,8870,47,63.8,2026-10-06T01:07:42
Malphite,11,杀意很重但我手法很善良,8829,89,61.8,2026-10-06T01:07:54
Malphite,12,dariopelle,9007,100,59.0,2026-10-06T01:08:02
Malphite,13,Assclapios,8579,72,61.1,2026-10-06T01:08:12
Malphite,14,형님말파이트,8522,41,65.9,2026-10-06T01:08:21
Malphite,15,ZXaLunZ,8566,135,49.6,2026-10-06T01:08:33
Malphite,16,16420,8457,29,62.1,2026-10-06T01:08:48
Malphite,17,Ph Gà Đc Bit,8366,36,77.8,2026-10-06T01:09:01
Malphite,18,Nerf Dieguito,8268,33,48.5,2026-10-06T01:09:17
Malphite,19,IHULKI,8097,72,68.1,2026-10-06T01:09:25
Malphite,20,I love Cannabis,8093,39,56.4,2026-10-06T01:09:36
Malphite,21,pichuleitor,8118,35,57.1,2026-10-06T01:09:46
Malphite,22,AUDAX,8170,33,57.6,2026-10-06T01:09:55
Malphite,23,DM Con Chut,7838,38,57.9,2026-10-06T01:10:05
Malphite,24,SunWukong,7893,141,56.7,2026-10-06T01:10:16
Malphite,25,JOTA pc,7921,43,62.8,2026-10-06T01:10:24
Malphite,26,ñemoleo19,8191,83,56.6,2026-10-06T01:10:37
Malphite,27,iAridYew,7652,39,59.0,2026-10-06T01:10:45
Malphite,28,El Colombiano,4851,11,72.7,2026-10-06T01:10:54
Malphite,29,PeruanoHz,7996,63,57.1,2026-10-06T01:11:04
Malphite,30,bad is back,6753,10,70.0,2026-10-06T01:11:14
Maokai,1,Voyka,8728,63,61.9,2026-10-06T00:05:19
Maokai,2,GALAHAD,8379,44,68.2,2026-10-06T00:05:39
Maokai,3,MP cheio de azar,8015,95,58.9,2026-10-06T00:06:03
Maokai,4,R4PTOR,7892,34,55.9,2026-10-06T00:06:32
Maokai,5,diriago,7662,44,68.2,2026-10-06T00:06:51
Maokai,6,Rabia,7626,132,56.1,2026-10-06T00:07:03
Maokai,7,AlphanumErick,7500,55,49.1,2026-10-06T00:07:15
Maokai,8,Galaxia23,7409,67,59.7,2026-10-06T00:07:26
Maokai,9,GGHOST,7393,18,77.8,2026-10-06T00:07:34
Maokai,10,Felipeks,7460,13,69.2,2026-10-06T00:07:45
Maokai,11,CRASH,7296,65,56.9,2026-10-06T00:07:56
Maokai,12,dark souls 3,7409,39,66.7,2026-10-06T00:08:05
Maokai,13,Jacaré dalala,7243,56,55.4,2026-10-06T00:08:16
Maokai,14,Chanmyt0,7194,28,57.1,2026-10-06T00:08:25
Maokai,15,TheZeus,7117,33,60.6,2026-10-06T00:08:35
Maokai,16,Lens,7166,61,63.9,2026-10-06T00:08:46
Maokai,17,Sir Aquazx,6863,30,63.3,2026-10-06T00:08:54
Maokai,18,P3ID4LEITi,6772,61,57.4,2026-10-06T00:09:06
Maokai,19,Galapio,6769,40,67.5,2026-10-06T00:09:15
Maokai,20,Cat,6709,28,57.1,2026-10-06T00:09:28
Maokai,21,SoloBrAx,6881,56,62.5,2026-10-06T00:09:43
Maokai,22,Grokker,6654,63,55.6,2026-10-06T00:09:53
Maokai,23,Wembylong,6792,15,53.3,2026-10-06T00:10:05
Maokai,24,EIMasDuroDeWR,6536,55,54.5,2026-10-06T00:10:15
Maokai,25,Sasori Samui,6491,64,62.5,2026-10-06T00:10:27
Maokai,26,RODRIdoLOL,6470,66,54.5,2026-10-06T00:10:50
Maokai,27,yPro,6714,41,58.5,2026-10-06T00:11:04
Maokai,28,NemNoé,6753,70,42.9,2026-10-06T00:11:22
Maokai,29,NUNUBANK,6418,59,50.8,2026-10-06T00:11:51
Maokai,30,KivanGrath,6408,29,69.0,2026-10-06T00:12:08
Master Yi,1,FREAKY,10271,112,60.7,2026-10-06T04:44:54
Master Yi,2,Pitú,10271,92,66.3,2026-10-06T04:45:03
Master Yi,3,damned geniuses,10001,136,51.5,2026-10-06T04:45:12
Master Yi,4,W4A,10271,55,56.4,2026-10-06T04:45:40
Master Yi,5,Gordelahd,9534,111,57.7,2026-10-06T04:46:06
Master Yi,6,Mikasa Ackerman,9160,69,63.8,2026-10-06T04:46:16
Master Yi,7,TikTok Noxzzyi,9685,87,60.9,2026-10-06T04:46:27
Master Yi,8,Guts,8979,35,60.0,2026-10-06T04:46:37
Master Yi,9,Storm,8785,63,50.8,2026-10-06T04:46:46
Master Yi,10,OTM,8730,42,59.5,2026-10-06T04:46:56
Master Yi,11,无极之道,8785,51,66.7,2026-10-06T04:47:07
Master Yi,12,グスタボ,8576,33,48.5,2026-10-06T04:47:16
Master Yi,13,entaketado,3672,4,25.0,2026-10-06T04:47:26
Master Yi,14,ZVLA keyberxX,8579,76,57.9,2026-10-06T04:47:35
Master Yi,15,raphael666,8416,65,56.9,2026-10-06T04:47:45
Master Yi,16,LEGENDS,8366,79,57.0,2026-10-06T04:47:55
Master Yi,17,Chy Là Chính,8322,21,61.9,2026-10-06T04:48:03
Master Yi,18,兹米亞河,8313,34,67.6,2026-10-06T04:48:14
Master Yi,19,The Last Samurai,8392,12,83.3,2026-10-06T04:48:25
Master Yi,20,PezMoco,8285,84,59.5,2026-10-06T04:48:33
Master Yi,21,碎碎念,8263,27,63.0,2026-10-06T04:48:44
Master Yi,22,Darick,8260,44,70.5,2026-10-06T04:48:52
Master Yi,23,Salvatore 妬み,8226,24,70.8,2026-10-06T04:49:03
Master Yi,24,RBN1 Vatoloko,8216,25,64.0,2026-10-06T04:49:13
Master Yi,25,Zhadowsss,8290,36,61.1,2026-10-06T04:49:22
Master Yi,26,Sillamovilporaro,8130,17,76.5,2026-10-06T04:49:33
Master Yi,27,SenseiYi,8085,67,70.1,2026-10-06T04:49:45
Master Yi,28,Wazzap,8154,75,58.7,2026-10-06T04:49:54
Master Yi,29,드래고닉스,8051,21,61.9,2026-10-06T04:50:04
Master Yi,30,TTK LuYi 47Keys,8384,43,48.8,2026-10-06T04:50:15
Mel,1,Ping 999,9477,42,59.5,2026-10-06T07:55:36
Mel,2,anod't,8931,37,45.9,2026-10-06T07:55:46
Mel,3,Bjork踢被日记,9114,35,45.7,2026-10-06T07:55:56
Mel,4,Charlienodamie,8799,21,61.9,2026-10-06T07:56:08
Mel,5,BIBI PUM,8580,37,56.8,2026-10-06T07:56:22
Mel,6,FATAL,8283,39,53.8,2026-10-06T07:56:32
Mel,7,Jerry,8146,31,45.2,2026-10-06T07:56:44
Mel,8,MÖRK #Ox,8078,44,56.8,2026-10-06T07:56:55
Mel,10,KATBLADES,7837,40,52.5,2026-10-06T08:05:11
Mel,11,topher1379,7626,28,57.1,2026-10-06T08:05:19
Mel,12,Haruno 桜,7287,22,45.5,2026-10-06T08:05:30
Mel,13,Nojito,7257,43,62.8,2026-10-06T08:05:38
Mel,14,T1 Zeus,7255,30,70.0,2026-10-06T08:05:48
Mel,15,7653,7301,29,69.0,2026-10-06T08:06:00
Mel,16,Ryujin,7160,21,57.1,2026-10-06T08:06:09
Mel,17,Mirrorball,7240,19,52.6,2026-10-06T08:06:19
Mel,18,Super Nova,7074,22,59.1,2026-10-06T08:06:27
Mel,19,Plmonster,7082,35,57.1,2026-10-06T08:06:37
Mel,20,GayLord,7598,62,53.2,2026-10-06T08:06:47
Mel,21,Black Wizard,7396,27,59.3,2026-10-06T08:06:55
Mel,22,Ñaso HR,6924,41,68.3,2026-10-06T08:07:06
Mel,23,Junimo UεU,6876,15,66.7,2026-10-06T08:07:15
Mel,24,BÄBÄLÝTH,7142,19,68.4,2026-10-06T08:07:26
Mel,25,Melin,6862,12,50.0,2026-10-06T08:07:34
Mel,26,JoniRomB,6823,16,62.5,2026-10-06T08:07:43
Mel,27,Goddess Neferu,6972,29,55.2,2026-10-06T08:07:53
Mel,28,Locutz,6759,36,66.7,2026-10-06T08:08:05
Mel,29,Caelum,6755,41,46.3,2026-10-06T08:08:14
Mel,30,Tishi,6734,96,45.8,2026-10-06T08:08:25
Milio,1,Hanseel,9665,47,57.4,2026-10-06T03:27:53
Milio,2,Metryus,9244,65,55.4,2026-10-06T03:28:06
Milio,3,Christ Is Lord,9045,39,74.4,2026-10-06T03:28:19
Milio,4,CatchThisBubble,8999,34,67.6,2026-10-06T03:28:31
Milio,5,EDUH,8982,61,59.0,2026-10-06T03:28:48
Milio,6,Lizzy Grant,8765,49,67.3,2026-10-06T03:28:59
Milio,7,Tryhard愛,8593,35,65.7,2026-10-06T03:29:11
Milio,8,Stephie,8590,45,66.7,2026-10-06T03:29:22
Milio,9,ise,8591,53,71.7,2026-10-06T03:29:30
Milio,10,愛Yunna,8532,40,57.5,2026-10-06T03:29:40
Milio,11,Lico Meria,8647,68,58.8,2026-10-06T03:29:51
Milio,12,obsessixn,8500,31,83.9,2026-10-06T03:30:00
Milio,13,ElPajasLocas,8353,43,60.5,2026-10-06T03:30:10
Milio,14,Asami,8212,28,78.6,2026-10-06T03:30:21
Milio,15,pet me first,8202,19,73.7,2026-10-06T03:30:30
Milio,16,rafaelcucinza,8491,36,75.0,2026-10-06T03:30:44
Milio,17,Kakeru無駄に,8315,36,55.6,2026-10-06T03:30:55
Milio,18,LuluStar,8315,67,56.7,2026-10-06T03:31:10
Milio,19,Danny,8183,58,69.0,2026-10-06T03:31:24
Milio,20,Kattari狐,8392,62,59.7,2026-10-06T03:31:32
Milio,21,Support,7906,21,57.1,2026-10-06T03:31:45
Milio,22,Eves,7865,48,54.2,2026-10-06T03:31:54
Milio,23,bloss,7863,60,61.7,2026-10-06T03:32:03
Milio,24,É O Laior,7847,17,64.7,2026-10-06T03:32:13
Milio,25,BOOSTER GOLD,7927,30,60.0,2026-10-06T03:32:23
Milio,26,Naner Miug,7714,21,66.7,2026-10-06T03:32:32
Milio,27,恋Nat,7676,28,71.4,2026-10-06T03:32:44
Milio,28,BalaDeOuro,8154,62,67.7,2026-10-06T03:32:57
Milio,29,Zero星野,7662,61,57.4,2026-10-06T03:33:14
Milio,30,絆Rogue,7761,39,66.7,2026-10-06T03:33:24
Miss Fortune,1,IngesinChamba,9521,38,60.5,2026-10-05T23:07:58
Miss Fortune,2,ALMAS,8785,41,63.4,2026-10-05T23:08:09
Miss Fortune,3,Landog,8630,41,48.8,2026-10-05T23:08:22
Miss Fortune,4,秦王绕柱,8579,46,54.3,2026-10-05T23:08:37
Miss Fortune,5,Calib Tapia,8579,79,57.0,2026-10-05T23:08:52
Miss Fortune,6,Fayee,8054,10,60.9,2026-10-05T23:09:03
Miss Fortune,7,LW三AIMaTaD0r,8342,75,54.7,2026-10-05T23:09:21
Miss Fortune,8,Messiah,8222,54,53.7,2026-10-05T23:09:36
Miss Fortune,9,Lá Vem o PATO,8187,15,80.0,2026-10-05T23:10:02
Miss Fortune,10,pereiraZera,8154,63,61.9,2026-10-05T23:10:25
Miss Fortune,11,AtoxAM,8358,80,56.2,2026-10-05T23:10:52
Miss Fortune,12,CrazyLoLL,8260,106,55.7,2026-10-05T23:11:14
Miss Fortune,13,Yøshirø,8327,50,52.0,2026-10-05T23:11:50
Miss Fortune,14,i wanna crashout,8498,31,45.2,2026-10-05T23:12:07
Miss Fortune,15,Ódio,7884,35,62.9,2026-10-05T23:12:16
Miss Fortune,16,lirulrs,8197,62,58.1,2026-10-05T23:12:27
Miss Fortune,17,辞凛柚,8195,28,42.9,2026-10-05T23:12:36
Miss Fortune,18,DoozySlayer,7834,71,53.5,2026-10-05T23:12:48
Miss Fortune,19,Pedrovzxr,7718,29,65.5,2026-10-05T23:12:59
Miss Fortune,20,sylvyandere,7632,9,77.8,2026-10-05T23:13:12
Miss Fortune,21,caiorangel0,7622,40,60.0,2026-10-05T23:13:52
Miss Fortune,22,OTAG BLACK,5204,14,58.8,2026-10-05T23:14:01
Miss Fortune,23,Tsurug PE,7609,27,63.0,2026-10-05T23:14:13
Miss Fortune,24,Pepe,7515,64,59.4,2026-10-05T23:14:24
Miss Fortune,25,FearlessMan98,8061,39,56.4,2026-10-05T23:14:33
Miss Fortune,26,KIRA,7436,56,55.4,2026-10-05T23:14:47
Miss Fortune,27,Fand Elanix,7425,65,56.9,2026-10-05T23:14:56
Miss Fortune,28,doce alívio,7493,26,57.7,2026-10-05T23:15:06
Miss Fortune,29,FARCA,7957,164,48.2,2026-10-05T23:15:17
Miss Fortune,30,Đngbnem,7332,36,55.6,2026-10-05T23:15:29
Mordekaiser,1,Kordemaiser,10271,89,58.4,2026-10-05T16:12:28
Mordekaiser,2,卡莱奥,9836,54,51.9,2026-10-05T16:12:39
Mordekaiser,3,Nexxium Forever,6475,22,68.2,2026-10-05T16:12:50
Mordekaiser,4,TSTN Sauron,9473,124,54.8,2026-10-05T16:13:00
Mordekaiser,5,Kazzsie ねこ Zhei,9192,22,77.3,2026-10-05T16:13:12
Mordekaiser,6,UnCarriableGame,9232,31,67.7,2026-10-05T16:13:22
Mordekaiser,7,混子上单,8836,85,56.5,2026-10-05T16:13:39
Mordekaiser,8,xDUKExNUKEMx,8666,52,55.8,2026-10-05T16:13:55
Mordekaiser,9,panfrito,8494,25,60.0,2026-10-05T16:14:04
Mordekaiser,10,个怪物,8527,97,54.6,2026-10-05T16:14:15
Mordekaiser,11,Goose em tu,8344,34,67.6,2026-10-05T16:14:26
Mordekaiser,12,TSTN Zé Pilintra,8390,39,53.8,2026-10-05T16:14:35
Mordekaiser,13,Xala12,8238,21,52.4,2026-10-05T16:14:51
Mordekaiser,14,InjectDllMaconha,8309,80,62.5,2026-10-05T16:15:01
Mordekaiser,15,INFHEM,8118,25,64.0,2026-10-05T16:15:13
Mordekaiser,16,埃雷什基加尔,8118,78,60.3,2026-10-05T16:15:24
Mordekaiser,17,TFG GonzAA,8226,41,65.9,2026-10-05T16:15:33
Mordekaiser,18,calma vida,7967,35,68.6,2026-10-05T16:15:44
Mordekaiser,19,Mordaroth,7884,37,81.1,2026-10-05T16:15:56
Mordekaiser,20,El Novato,7971,58,60.3,2026-10-05T16:16:05
Mordekaiser,21,M0nkeyDluffy,7834,59,55.9,2026-10-05T16:16:16
Mordekaiser,22,ALUCARD KING,8207,57,57.9,2026-10-05T16:16:26
Mordekaiser,23,Lemillion,7679,41,56.1,2026-10-05T16:16:37
Mordekaiser,24,Fenomenologico,7834,76,57.9,2026-10-05T16:16:49
Mordekaiser,25,FRG Indominus,7601,37,67.6,2026-10-05T16:16:58
Mordekaiser,26,CEOdeHacerElAmor,7601,36,61.1,2026-10-05T16:17:12
Mordekaiser,27,Ezequiel04,7579,40,62.5,2026-10-05T16:17:22
Mordekaiser,28,O Czar de ferro,7652,35,42.9,2026-10-05T16:17:32
Mordekaiser,29,YungSatán,7517,16,56.2,2026-10-05T16:17:44
Morgana,1,sleepyhead,10134,40,67.5,2026-10-05T14:43:24
Morgana,2,Mikaelly,9818,106,60.4,2026-10-05T14:43:34
Morgana,3,Gabscoito,8685,39,64.1,2026-10-05T14:43:51
Morgana,4,violett,8185,71,66.2,2026-10-05T14:44:02
Morgana,5,MissFame,8096,34,55.9,2026-10-05T14:44:23
Morgana,6,Priscila,8071,17,52.9,2026-10-05T14:44:33
Morgana,7,akasha墮落女王,8083,19,84.2,2026-10-05T14:44:46
Morgana,8,Techboy19,8038,60,51.7,2026-10-05T14:44:57
Morgana,9,Demonio dimitrix,8017,65,49.2,2026-10-05T14:45:07
Morgana,10,Rebeca,8031,45,53.3,2026-10-05T14:45:21
Morgana,11,Nightfall,8416,44,54.5,2026-10-05T14:45:35
Morgana,12,chora pra onda,7942,43,60.5,2026-10-05T14:45:45
Morgana,13,TuKarma,8141,47,66.0,2026-10-05T14:45:57
Morgana,14,fengn,7860,31,67.7,2026-10-05T14:46:12
Morgana,15,SpxcePsycho,8196,63,68.3,2026-10-05T14:46:32
Morgana,16,scherbatsky,7813,68,61.8,2026-10-05T14:46:44
Morgana,17,aAtNasiO,8005,33,51.5,2026-10-05T14:46:56
Morgana,18,my melody,7858,22,63.6,2026-10-05T14:47:18
Morgana,19,The World XXI,7704,19,68.4,2026-10-05T14:47:32
Morgana,20,Together,7701,39,71.8,2026-10-05T14:47:42
Morgana,21,DR拉斐尔弗拉图斯991,7684,19,57.9,2026-10-05T14:47:54
Morgana,22,Sonapetista,7682,23,56.5,2026-10-05T14:48:05
Morgana,23,Th3John,7670,44,70.5,2026-10-05T14:48:17
Morgana,24,Tohzaka,7633,15,60.0,2026-10-05T14:48:29
Morgana,25,Blue Diamond 青,7622,65,61.5,2026-10-05T14:48:39
Morgana,26,promododoragon,7565,52,69.2,2026-10-05T14:48:53
Morgana,27,herazo22,7565,62,62.9,2026-10-05T14:49:07
Morgana,28,korean never die,7653,57,59.6,2026-10-05T14:49:17
Morgana,29,bangchan,7515,45,71.1,2026-10-05T14:49:29
Morgana,30,DEAN,7515,66,65.2,2026-10-05T14:49:42
Nami,1,前30個技能只是警告,10840,40,80.0,2026-10-06T02:06:59
Nami,2,Syren,10085,42,73.8,2026-10-06T02:07:12
Nami,3,Aisha Fox,9959,41,65.9,2026-10-06T02:07:24
Nami,4,Mack Cavalier,9825,79,69.6,2026-10-06T02:07:33
Nami,5,CatchThisBubble,10181,54,72.2,2026-10-06T02:07:51
Nami,6,amante de judas,9534,140,60.0,2026-10-06T02:08:05
Nami,7,Rarity 天麗,9672,61,54.1,2026-10-06T02:08:14
Nami,8,LaionMiti,9348,33,66.7,2026-10-06T02:08:23
Nami,9,dexx,9603,53,67.9,2026-10-06T02:08:32
Nami,10,ally owo,9083,66,68.2,2026-10-06T02:08:41
Nami,11,SHAKIRA,9048,37,54.1,2026-10-06T02:08:51
Nami,12,HIKARU,8993,25,64.0,2026-10-06T02:08:59
Nami,13,lady,9079,80,61.2,2026-10-06T02:09:09
Nami,14,É O Laior,8785,34,76.5,2026-10-06T02:09:17
Nami,15,Support,8802,62,56.5,2026-10-06T02:09:27
Nami,16,Lizzy Grant,9110,59,55.9,2026-10-06T02:09:38
Nami,17,Harkov,8728,40,72.5,2026-10-06T02:09:47
Nami,18,Gatita De Coco,8621,55,47.3,2026-10-06T02:10:00
Nami,19,卜可梨鱼,8697,47,63.8,2026-10-06T02:10:12
Nami,20,字母圈用热熔胶烫m被举,8579,33,72.7,2026-10-06T02:10:22
Nami,21,oongi,8546,42,52.4,2026-10-06T02:10:34
Nami,22,Dreams夢,8451,27,66.7,2026-10-06T02:10:43
Nami,23,Shadowheart,8402,14,71.4,2026-10-06T02:10:54
Nami,24,Trapnest,8373,46,60.9,2026-10-06T02:11:05
Nami,25,Marai 水,8338,29,62.1,2026-10-06T02:11:13
Nami,26,fallen angel,8243,31,48.4,2026-10-06T02:11:23
Nami,27,chii εï3,8226,36,55.6,2026-10-06T02:11:31
Nami,28,Maybe not today,8785,100,55.0,2026-10-06T02:11:43
Nami,29,守Osaragi Frost,8213,34,58.8,2026-10-06T02:11:51
Nami,30,Amo pernas,7987,51,52.9,2026-10-06T02:11:59
Nasus,1,AAA,10860,67,62.7,2026-10-06T01:58:39
Nasus,2,Isaac O Lerdo,10019,133,59.4,2026-10-06T01:58:47
Nasus,3,Robert,8963,56,66.1,2026-10-06T01:58:56
Nasus,4,Gustavinho,8516,54,53.7,2026-10-06T01:59:05
Nasus,5,Chile,8560,19,63.2,2026-10-06T01:59:33
Nasus,6,Pal Epic,8336,106,69.8,2026-10-06T01:59:41
Nasus,7,captnbrick,8234,24,70.8,2026-10-06T01:59:51
Nasus,8,Heisenberg,7843,44,52.3,2026-10-06T02:00:01
Nasus,9,LoleanoK,7834,55,63.6,2026-10-06T02:00:39
Nasus,10,PIPO O GATO,7801,60,65.0,2026-10-06T02:00:49
Nasus,11,Noob Slayer,7766,37,59.5,2026-10-06T02:00:59
Nasus,12,TheAnimal,7755,72,63.9,2026-10-06T02:01:06
Nasus,13,Lord Seissor,7574,13,61.5,2026-10-06T02:01:16
Nasus,14,Hyaku,7692,36,50.0,2026-10-06T02:01:24
Nasus,15,DawgyStyle,7565,68,64.7,2026-10-06T02:01:34
Nasus,16,iAlbertHL,7747,42,69.0,2026-10-06T02:01:44
Nasus,17,Elitebgula,7521,27,40.7,2026-10-06T02:01:52
Nasus,18,Lucas 2319,7625,59,44.1,2026-10-06T02:02:02
Nasus,19,Chico Amaro,7673,71,59.2,2026-10-06T02:02:10
Nasus,20,Brent Faiyaz,7849,55,50.9,2026-10-06T02:02:20
Nasus,21,zeus matador,7302,58,56.9,2026-10-06T02:02:29
Nasus,22,xLorddriudx,7268,32,50.0,2026-10-06T02:02:37
Nasus,23,Saturn Warrior,7342,32,65.6,2026-10-06T02:02:50
Nasus,25,ViniBlack,7515,47,63.8,2026-10-06T02:03:06
Nasus,26,iCKKCK,7285,26,69.2,2026-10-06T02:03:16
Nasus,27,Nicolas115,7120,65,63.1,2026-10-06T02:03:26
Nasus,28,Joy Boy,7272,47,51.1,2026-10-06T02:03:38
Nasus,29,Peikas,7290,58,63.8,2026-10-06T02:03:49
Nasus,30,Nico,7001,43,65.1,2026-10-06T02:04:00
Nautilus,1,Sublimz,10741,106,60.4,2026-10-06T06:24:30
Nautilus,2,Rainbow97,8915,22,68.2,2026-10-06T06:24:43
Nautilus,3,サインVirgo,8785,32,71.9,2026-10-06T06:24:55
Nautilus,4,,8654,53,66.0,2026-10-06T06:25:08
Nautilus,5,Informático,8465,34,55.9,2026-10-06T06:25:22
Nautilus,6,caguamamo,8346,39,59.0,2026-10-06T06:25:31
Nautilus,7,oBlitzterador,8319,101,50.5,2026-10-06T06:25:41
Nautilus,8,elecometin,8095,36,52.8,2026-10-06T06:25:51
Nautilus,9,Mazusuki,8068,16,68.8,2026-10-06T06:25:59
Nautilus,10,生活Darkin王,8011,30,66.7,2026-10-06T06:26:11
Nautilus,11,HunterLeon2,7990,34,67.6,2026-10-06T06:26:20
Nautilus,12,하쿠나마타타,8015,34,50.0,2026-10-06T06:26:31
Nautilus,13,LOSSBOT,8478,60,46.7,2026-10-06T06:26:42
Nautilus,14,ShamanZero,7912,52,63.5,2026-10-06T06:26:52
Nautilus,15,Manigoldo,7754,21,47.6,2026-10-06T06:27:07
Nautilus,16,NeverMiss,7554,69,55.1,2026-10-06T06:27:23
Nautilus,17,IG88,7550,54,50.0,2026-10-06T06:27:35
Nautilus,18,BSTR Mistah Fish,7873,66,53.0,2026-10-06T06:27:46
Nautilus,19,Fattypies,7646,20,60.0,2026-10-06T06:27:55
Nautilus,20,Jacob2804,7416,67,59.7,2026-10-06T06:28:05
Nautilus,21,DEADPOOLRESPAWN,1562,2,50.0,2026-10-06T06:28:14
Nautilus,22,Draco,7346,17,70.6,2026-10-06T06:28:22
Nautilus,23,KING M,7543,46,54.3,2026-10-06T06:28:35
Nautilus,24,Ch o s e nToKill,7352,56,60.7,2026-10-06T06:28:43
Nautilus,25,SL IVnclDangerl,7303,30,63.3,2026-10-06T06:28:51
Nautilus,26,IVT GOT,7294,43,51.2,2026-10-06T06:29:02
Nautilus,27,slender,7606,108,56.5,2026-10-06T06:29:12
Nautilus,28,Bubbaluu,7262,34,58.8,2026-10-06T06:29:20
Nautilus,29,Ruizu,7382,47,53.2,2026-10-06T06:29:31
Nautilus,30,samcidan,7409,73,58.9,2026-10-06T06:29:42
Nidalee,1,Steven,10271,39,66.7,2026-10-06T01:11:30
Nidalee,2,TTV JohnnyBoy,10271,38,76.3,2026-10-06T01:11:40
Nidalee,3,朱莉娅花,10031,59,64.4,2026-10-06T01:11:55
Nidalee,4,Dark Angel Back,9866,55,63.6,2026-10-06T01:12:09
Nidalee,5,zmyyyyy,9774,14,92.9,2026-10-06T01:12:24
Nidalee,6,思念漫过海岸线,9534,45,60.0,2026-10-06T01:12:36
Nidalee,7,Catchra TikTok,9534,63,58.7,2026-10-06T01:12:51
Nidalee,8,I miss you,9490,19,78.9,2026-10-06T01:13:03
Nidalee,9,i love you fen,9390,32,78.1,2026-10-06T01:13:14
Nidalee,10,MEGADEATH,9367,21,66.7,2026-10-06T01:13:25
Nidalee,11,Natsu,9087,41,51.2,2026-10-06T01:13:35
Nidalee,12,lust,9149,17,70.6,2026-10-06T01:13:44
Nidalee,13,EduardaS23,9260,43,62.8,2026-10-06T01:13:54
Nidalee,14,Biggwall TTV,8777,30,60.0,2026-10-06T01:14:03
Nidalee,15,Peonie,8899,69,60.9,2026-10-06T01:14:13
Nidalee,16,psy,8787,78,66.7,2026-10-06T01:14:24
Nidalee,17,Pounce,8726,60,61.7,2026-10-06T01:14:32
Nidalee,18,Xiao魏,8728,39,46.2,2026-10-06T01:14:43
Nidalee,19,Wargasm,8492,22,81.8,2026-10-06T01:14:59
Nidalee,20,Boy 2K,8732,29,62.1,2026-10-06T01:15:12
Nidalee,21,BCSE Minh Thy,8423,22,77.3,2026-10-06T01:15:26
Nidalee,22,love alcohol,8154,39,56.4,2026-10-06T01:15:37
Nidalee,23,kami ou imak,8197,22,63.6,2026-10-06T01:15:47
Nidalee,24,Wedge,8042,21,66.7,2026-10-06T01:15:57
Nidalee,25,machiavellian,8595,116,54.3,2026-10-06T01:16:06
Nidalee,26,si mijo si,8029,19,47.4,2026-10-06T01:16:16
Nidalee,27,PHX Takadashi,8296,15,73.3,2026-10-06T01:16:27
Nidalee,28,MRGN Parkker,7896,37,54.1,2026-10-06T01:16:35
Nidalee,29,SS SiDaRoAl,7852,14,57.1,2026-10-06T01:16:46
Nidalee,30,Angel O Nyco,8127,10,80.0,2026-10-06T01:16:54
Nilah,1,corrupttwr TTV,10901,27,81.5,2026-10-05T14:34:50
Nilah,2,Roninn,9032,27,55.6,2026-10-05T14:35:01
Nilah,3,lelecogameplayy,8803,27,77.8,2026-10-05T14:36:58
Nilah,4,Borderline顶点,8794,46,71.7,2026-10-05T14:37:08
Nilah,5,cotard,8785,42,57.1,2026-10-05T14:37:24
Nilah,6,Dios,8785,27,74.1,2026-10-05T14:37:43
Nilah,7,Solocuadra,8785,33,60.6,2026-10-05T14:38:12
Nilah,8,Cen,8579,18,88.9,2026-10-05T14:38:29
Nilah,9,Anonymouus,8750,31,41.9,2026-10-05T14:38:39
Nilah,10,Mauro,8550,27,66.7,2026-10-05T14:38:50
Nilah,11,LloydFrontera,8274,29,69.0,2026-10-05T14:39:02
Nilah,12,marc愛,7941,40,87.5,2026-10-05T14:39:12
Nilah,13,SarielTTK,8154,55,61.8,2026-10-05T14:39:24
Nilah,14,lost in love,7759,31,58.1,2026-10-05T14:39:33
Nilah,15,Remiellesgoodboy,7662,39,66.7,2026-10-05T14:39:45
Nilah,16,LL Rzin 王,7515,67,67.2,2026-10-05T14:39:57
Nilah,18,IINEOIIP,7362,48,56.2,2026-10-05T14:40:19
Nilah,19,lust,7384,15,86.7,2026-10-05T14:40:29
Nilah,20,Maruchan,7489,44,59.1,2026-10-05T14:40:43
Nilah,21,山羊ixixixix,7303,21,76.2,2026-10-05T14:40:55
Nilah,22,Unkillable Demon,7236,19,73.7,2026-10-05T14:41:08
Nilah,23,安娜堡第一中路,7355,15,66.7,2026-10-05T14:41:22
Nilah,24,LordDan,7199,11,90.9,2026-10-05T14:41:39
Nilah,25,GOD Something个,7311,16,75.0,2026-10-05T14:41:51
Nilah,26,Nilah Khalifa,7524,68,57.4,2026-10-05T14:42:09
Nilah,27,Tu pesadillaa,7048,77,53.2,2026-10-05T14:42:33
Nilah,28,死ぬな Ado,7008,8,62.5,2026-10-05T14:42:43
Nilah,29,火ROEL,7008,15,80.0,2026-10-05T14:42:56
Nilah,30,Crimson Joy,7116,34,67.6,2026-10-05T14:43:08
Nocturne,1,é o noc do vrey,10271,41,63.4,2026-10-06T08:40:34
Nocturne,2,Neerui,10271,63,63.5,2026-10-06T08:40:44
Nocturne,3,CWG Tailong,10268,50,58.0,2026-10-06T08:40:55
Nocturne,4,Kanavi,10247,58,72.4,2026-10-06T08:41:05
Nocturne,5,KaiTruong,10093,76,60.5,2026-10-06T08:41:19
Nocturne,6,ArteZero,9743,40,65.0,2026-10-06T08:41:30
Nocturne,7,爱Noctyx,9459,33,84.8,2026-10-06T08:41:42
Nocturne,8,Mohrzin,9433,42,57.1,2026-10-06T08:41:53
Nocturne,9,Link,9305,21,66.7,2026-10-06T08:42:02
Nocturne,10,i always return,8835,21,90.5,2026-10-06T08:42:15
Nocturne,11,Rysoka,8787,69,69.6,2026-10-06T08:42:30
Nocturne,12,Shaday,8787,120,58.3,2026-10-06T08:42:39
Nocturne,13,不要同情品行恶劣的人,8785,16,87.5,2026-10-06T08:42:49
Nocturne,14,SkyTeeN,8787,52,67.3,2026-10-06T08:42:58
Nocturne,15,XeiraNDPeidaTUDO,8919,46,58.7,2026-10-06T08:43:09
Nocturne,16,haeeminn,8938,34,52.9,2026-10-06T08:43:19
Nocturne,17,COUNTER天才,8633,22,63.6,2026-10-06T08:43:28
Nocturne,18,Con Gáu,8739,44,65.9,2026-10-06T08:43:46
Nocturne,19,lifted,8812,22,81.8,2026-10-06T08:43:59
Nocturne,20,WAR Hazee7,8459,25,72.0,2026-10-06T08:46:24
Nocturne,21,TDTJeRrY,8579,52,57.7,2026-10-06T08:46:32
Nocturne,22,Soldier,8526,51,72.5,2026-10-06T08:46:41
Nocturne,23,Matquy6cat,8428,40,62.5,2026-10-06T08:46:51
Nocturne,24,CDMD 99,5388,14,71.4,2026-10-06T08:47:02
Nocturne,25,Strategus ZED,8723,121,56.2,2026-10-06T08:47:10
Nocturne,26,monogâmico,8397,38,57.9,2026-10-06T08:47:20
Nocturne,27,B° ØßIe,4071,4,50.0,2026-10-06T08:47:27
Nocturne,28,GodPad244,8998,72,59.7,2026-10-06T08:47:38
Nocturne,29,Generalisimo Jax,8260,33,78.8,2026-10-06T08:47:47
Nocturne,30,Syraga,8227,46,60.9,2026-10-06T08:47:56
Norra,1,Spinel Joking,9061,54,55.6,2026-10-06T08:56:59
Norra,2,SUNRAKU影,8835,42,64.3,2026-10-06T08:57:12
Norra,3,R4PTOR,8579,44,61.4,2026-10-06T08:57:31
Norra,4,silêncio,8320,19,63.2,2026-10-06T08:57:47
Norra,5,PeterPyke085,8228,34,64.7,2026-10-06T08:58:13
Norra,6,SrDiablo,8298,35,57.1,2026-10-06T08:58:22
Norra,7,acertei NORRAbo,7884,51,68.6,2026-10-06T08:58:34
Norra,8,ÊLSTÊR LSTR512,7920,30,73.3,2026-10-06T08:58:46
Norra,9,ghostER,7723,52,61.5,2026-10-06T08:58:55
Norra,10,AsherTran,7702,18,83.3,2026-10-06T08:59:06
Norra,11,Im QUËIROZ,7834,67,55.2,2026-10-06T08:59:17
Norra,12,TinoJustTino,7548,51,58.8,2026-10-06T08:59:27
Norra,13,KoNiiNGPK,7508,26,46.2,2026-10-06T08:59:42
Norra,14,SyncMaster732n,7483,40,57.5,2026-10-06T08:59:54
Norra,15,Littleann,7421,37,62.2,2026-10-06T09:00:10
Norra,16,garu,7278,35,74.3,2026-10-06T09:00:33
Norra,17,David Mineboy,7222,13,69.2,2026-10-06T09:00:52
Norra,18,Simon,7241,18,50.0,2026-10-06T09:01:08
Norra,19,henriquetxr,896,4,50.0,2026-10-06T09:01:20
Norra,20,Krimson,7144,34,58.8,2026-10-06T09:01:30
Norra,21,PapiSwain,7212,40,60.0,2026-10-06T09:01:43
Norra,22,Vladimir Pudim,7244,9,66.7,2026-10-06T09:01:52
Norra,23,Larrat,6982,8,87.5,2026-10-06T09:02:04
Norra,24,JosdyPro,7369,45,53.3,2026-10-06T09:02:16
Norra,25,M4m4 eu krl,7362,63,50.8,2026-10-06T09:02:26
Norra,26,Tthsikwidit,6988,46,45.7,2026-10-06T09:02:38
Norra,27,hirosiki ruri,7303,51,56.9,2026-10-06T09:02:49
Norra,28,Mcgregor,6755,37,67.6,2026-10-06T09:03:00
Norra,29,Mal de Pykeson,6672,13,53.8,2026-10-06T09:03:12
Norra,30,Floreyy,7035,22,59.1,2026-10-06T09:03:23
Nunu & Willump,1,TwTv VincenzoL65,10621,110,60.9,2026-10-05T10:58:32
Nunu & Willump,2,gemi,9880,43,62.8,2026-10-05T10:58:42
Nunu & Willump,3,T1 Initial Nunu,9534,114,51.8,2026-10-05T10:58:53
Nunu & Willump,4,Relax Zone 愛してます,9346,66,77.3,2026-10-05T10:59:06
Nunu & Willump,5,SJTUKI,9160,127,59.1,2026-10-05T10:59:20
Nunu & Willump,6,smurf kushjane,9119,39,69.2,2026-10-05T10:59:30
Nunu & Willump,7,bmbwttm,8938,80,53.8,2026-10-05T10:59:41
Nunu & Willump,8,captnbrick,8850,39,61.5,2026-10-05T10:59:52
Nunu & Willump,9,MajesticPumpking,8727,15,86.7,2026-10-05T11:00:07
Nunu & Willump,10,FAxßløOwマーリー,8855,88,62.5,2026-10-05T11:00:20
Nunu & Willump,11,JL神,8477,14,64.3,2026-10-05T11:00:31
Nunu & Willump,12,Wilmer12,8529,58,65.5,2026-10-05T11:00:40
Nunu & Willump,13,CientistaLiveOFC,8350,79,51.9,2026-10-05T11:00:52
Nunu & Willump,14,HAYAKUZA,8127,56,64.3,2026-10-05T11:01:10
Nunu & Willump,15,AL marcota,8333,26,53.8,2026-10-05T11:01:19
Nunu & Willump,16,RVST JG DIFF,8260,55,65.5,2026-10-05T11:01:29
Nunu & Willump,17,S0meone,7997,22,81.8,2026-10-05T11:01:38
Nunu & Willump,18,TheJosue935,7932,42,66.7,2026-10-05T11:01:48
Nunu & Willump,19,KOKing,8154,81,56.8,2026-10-05T11:01:58
Nunu & Willump,20,E Teemo TOP,7893,19,78.9,2026-10-05T11:02:06
Nunu & Willump,21,Jamarcus yandle,7834,58,56.9,2026-10-05T11:02:17
Nunu & Willump,22,PretoWR,7804,26,65.4,2026-10-05T11:02:25
Nunu & Willump,24,escravocetinha,7671,69,56.5,2026-10-05T11:02:47
Nunu & Willump,25,Kona Mochi,7641,36,83.3,2026-10-05T11:02:56
Nunu & Willump,26,JostinVS,7635,37,56.8,2026-10-05T11:03:06
Nunu & Willump,27,LEAL777,7619,32,71.9,2026-10-05T11:03:16
Nunu & Willump,28,CientistaTestes,7559,18,50.0,2026-10-05T11:03:27
Nunu & Willump,29,SUP FADINHA HMMM,7515,33,72.7,2026-10-05T11:03:38
Nunu & Willump,30,Nunuking,7785,82,50.0,2026-10-05T11:03:48
Olaf,1,REN蒼,11106,25,84.0,2026-10-06T03:16:05
Olaf,2,RABASCO,9534,166,51.2,2026-10-06T03:16:16
Olaf,4,Trebortサ,9162,50,54.0,2026-10-06T03:16:45
Olaf,5,JJkore,8931,18,55.6,2026-10-06T03:17:06
Olaf,7,VNP Vú Sa,8785,82,58.5,2026-10-06T03:17:36
Olaf,8,Jonathan,8579,37,56.8,2026-10-06T03:17:48
Olaf,9,Tough it Out,2983,13,69.2,2026-10-06T03:17:56
Olaf,10,Gaolang,8444,22,54.5,2026-10-06T03:18:07
Olaf,11,plaZma,8258,91,74.7,2026-10-06T03:18:17
Olaf,12,nsanityzero,8422,131,52.7,2026-10-06T03:18:26
Olaf,13,Flexanor,8134,111,52.3,2026-10-06T03:18:36
Olaf,14,Let Me Cook,8125,29,62.1,2026-10-06T03:18:44
Olaf,15,Nexxium Forever,8113,19,52.6,2026-10-06T03:18:56
Olaf,16,躲在灌木丛中,8042,27,55.6,2026-10-06T03:19:10
Olaf,17,lao liu,7957,23,82.6,2026-10-06T03:19:21
Olaf,18,brOlaf1M,8309,94,60.6,2026-10-06T03:19:39
Olaf,19,Shiina,7773,22,77.3,2026-10-06T03:19:51
Olaf,20,Brian te maceta,7834,36,66.7,2026-10-06T03:19:59
Olaf,21,Arm Gon,7811,27,63.0,2026-10-06T03:20:10
Olaf,22,BLG BIN,7671,85,57.6,2026-10-06T03:20:18
Olaf,23,W4A,7619,19,63.2,2026-10-06T03:20:28
Olaf,24,ApenasUmPoste,7818,33,39.4,2026-10-06T03:20:38
Olaf,25,Daddyblunt,8234,98,54.1,2026-10-06T03:20:46
Olaf,26,Lord Quartzo,7670,35,68.6,2026-10-06T03:20:57
Olaf,27,OlafDeCrocs,7565,33,75.8,2026-10-06T03:21:09
Olaf,28,OLAFanático,7515,48,62.5,2026-10-06T03:21:17
Olaf,29,Um Hit Da morte,7454,19,78.9,2026-10-06T03:21:27
Olaf,30,GZ chillguy,7386,17,64.7,2026-10-06T03:21:38
Orianna,1,一直在我的右边吧,10271,75,53.3,2026-10-05T12:06:38
Orianna,2,Curiosity Kills,9218,58,56.9,2026-10-05T12:06:49
Orianna,3,Emperor Penguin,8785,30,63.3,2026-10-05T12:07:00
Orianna,4,Vicccc,8709,52,57.7,2026-10-05T12:07:12
Orianna,5,Bin,8678,15,66.7,2026-10-05T12:07:30
Orianna,6,心付瑶琴,8651,26,69.2,2026-10-05T12:07:44
Orianna,7,Lyoko,8711,29,48.3,2026-10-05T12:07:56
Orianna,8,Emstrik,8627,19,73.7,2026-10-05T12:08:09
Orianna,9,pedrojujutsu,8430,56,62.5,2026-10-05T12:08:18
Orianna,10,AlphaXYS,8323,77,54.5,2026-10-05T12:08:29
Orianna,11,Sophieeeeee,8222,90,52.2,2026-10-05T12:08:41
Orianna,12,Incel,8049,12,75.0,2026-10-05T12:08:52
Orianna,13,ASOL ONLY FANS,8332,36,47.2,2026-10-05T12:09:06
Orianna,14,xmgcx,7834,51,56.9,2026-10-05T12:09:17
Orianna,15,izoe,7902,16,62.5,2026-10-05T12:09:28
Orianna,16,Hmic,7762,13,92.3,2026-10-05T12:09:42
Orianna,17,Fisiopatología,3244,2,0.0,2026-10-05T12:09:52
Orianna,18,Zuko,7858,47,48.9,2026-10-05T12:10:07
Orianna,19,JubaYT,7794,29,51.7,2026-10-05T12:10:30
Orianna,20,Seigen,7676,17,58.8,2026-10-05T12:10:45
Orianna,22,Lammacornド,7970,11,81.8,2026-10-05T12:11:12
Orianna,23,NTP João Patê,7633,23,69.6,2026-10-05T12:11:23
Orianna,24,Dengo恋,7936,24,62.5,2026-10-05T12:11:35
Orianna,25,NoFanzy,7675,48,52.1,2026-10-05T12:11:44
Orianna,26,死 Ryu Onlyツ,7762,59,47.5,2026-10-05T12:12:02
Orianna,27,Greyrat,7770,14,57.1,2026-10-05T12:12:17
Orianna,28,Tilin,7484,22,68.2,2026-10-05T12:12:34
Orianna,29,Darkiaguss,7542,33,60.6,2026-10-05T12:12:56
Orianna,30,muu,7516,16,56.2,2026-10-05T12:13:08
Ornn,1,Youtube Mivepe,10271,118,61.0,2026-10-06T07:35:11
Ornn,2,更木剣八,10087,174,54.6,2026-10-06T07:35:19
Ornn,3,Feel The Wall,9453,56,57.1,2026-10-06T07:35:29
Ornn,4,MASTODORNN,8579,33,60.6,2026-10-06T07:36:18
Ornn,5,Netinhøヅ,8471,51,54.9,2026-10-06T07:36:35
Ornn,6,KennKaii,8791,36,61.1,2026-10-06T07:36:44
Ornn,7,FrankRackham,8539,116,56.9,2026-10-06T07:36:54
Ornn,8,System,8154,34,58.8,2026-10-06T07:37:04
Ornn,9,MARKONHA 4i20,8208,31,51.6,2026-10-06T07:37:12
Ornn,10,Not Solrac,8154,68,50.0,2026-10-06T07:37:22
Ornn,11,AQss Culata,7880,47,59.6,2026-10-06T07:37:32
Ornn,12,ttv heowr,7859,27,74.1,2026-10-06T07:37:41
Ornn,13,KhadaJhin,7831,31,71.0,2026-10-06T07:37:51
Ornn,14,말놓지마세요제발,7893,88,59.1,2026-10-06T07:38:00
Ornn,15,hORNNy Jhin,7813,58,67.2,2026-10-06T07:38:11
Ornn,16,OP Fadou,7860,26,53.8,2026-10-06T07:38:23
Ornn,17,M3XC1T4,7815,28,50.0,2026-10-06T07:38:41
Ornn,18,CYSMO,7628,25,56.0,2026-10-06T07:38:55
Ornn,19,AninhaS2,7676,20,60.0,2026-10-06T07:39:11
Ornn,20,Não é o Orion,7609,39,82.1,2026-10-06T07:39:28
Ornn,21,dragunov9999,7721,53,50.9,2026-10-06T07:39:53
Ornn,22,Erculano,7574,53,62.3,2026-10-06T07:40:12
Ornn,23,VSS,7677,119,56.3,2026-10-06T07:40:38
Ornn,24,É a Pipokiis,7545,23,65.2,2026-10-06T07:40:46
Ornn,25,CloudS,7658,50,52.0,2026-10-06T07:40:59
Ornn,26,LordV,7515,46,63.0,2026-10-06T07:41:08
Ornn,27,hugão da obra,7834,80,50.0,2026-10-06T07:41:18
Ornn,28,OG ornn,7515,97,53.6,2026-10-06T07:41:26
Ornn,29,TSTN Sauron,7454,21,57.1,2026-10-06T07:41:36
Ornn,30,orn nitorrinco,7409,56,64.3,2026-10-06T07:41:46
Pantheon,1,EXO LEIRU,10271,30,70.0,2026-10-05T15:04:07
Pantheon,2,Døg in møde,10031,59,71.2,2026-10-05T15:04:17
Pantheon,3,fabito,9927,28,78.6,2026-10-05T15:04:53
Pantheon,4,naked1,9782,77,68.8,2026-10-05T15:06:16
Pantheon,5,Beserkerlishuss,1197,3,66.7,2026-10-05T15:06:29
Pantheon,6,Kaball,9484,71,63.4,2026-10-05T15:06:39
Pantheon,7,Sora,9138,39,69.2,2026-10-05T15:06:51
Pantheon,8,Gringo,8712,47,63.8,2026-10-05T15:07:02
Pantheon,9,Silent Solitude,8710,22,68.2,2026-10-05T15:07:12
Pantheon,10,NecroticDreams,8834,30,76.7,2026-10-05T15:07:24
Pantheon,11,Zømbra,8685,51,64.7,2026-10-05T15:07:36
Pantheon,12,RainbøwDash,8540,50,58.0,2026-10-05T15:07:46
Pantheon,13,RUANN,8524,38,60.5,2026-10-05T15:07:59
Pantheon,14,bumbum guloso,8518,37,62.2,2026-10-05T15:08:13
Pantheon,15,Atreus,8470,29,58.6,2026-10-05T15:08:23
Pantheon,16,토롱토롱이,8410,50,56.0,2026-10-05T15:08:38
Pantheon,17,AOTH Pan duro,8438,138,55.8,2026-10-05T15:08:53
Pantheon,18,Scorpioooooo,8579,45,57.8,2026-10-05T15:09:03
Pantheon,19,合欢教教徒,8260,54,63.0,2026-10-05T15:09:23
Pantheon,20,Legend jg,8561,38,50.0,2026-10-05T15:09:41
Pantheon,21,OLP Jerdd,8295,95,64.2,2026-10-05T15:10:02
Pantheon,22,JONZIN MCZ,8154,115,54.8,2026-10-05T15:10:14
Pantheon,23,LaColaDeTingyun,8154,57,57.9,2026-10-05T15:10:24
Pantheon,25,Pink Floyd,8502,79,54.4,2026-10-05T15:12:54
Pantheon,26,NightEye,8135,25,64.0,2026-10-05T15:13:06
Pantheon,27,索拉卡破败太阳刀打野五杀超,8045,27,74.1,2026-10-05T15:13:16
Pantheon,28,X A A12,8579,79,50.6,2026-10-05T15:13:33
Pantheon,29,SYLKON,8340,15,66.7,2026-10-05T15:13:47
Pantheon,30,Felipe,8210,42,61.9,2026-10-05T15:14:02
Poppy,1,reyes08,10710,117,57.3,2026-10-06T00:21:27
Poppy,2,LoM Don Elixir,10058,49,53.1,2026-10-06T00:21:47
Poppy,3,Rodrigo,10031,100,63.0,2026-10-06T00:22:06
Poppy,4,Belzebuarcan,9722,54,61.1,2026-10-06T00:22:29
Poppy,5,newbietothisgame,9187,24,66.7,2026-10-06T00:22:46
Poppy,6,FOICE X,5818,21,38.1,2026-10-06T00:22:56
Poppy,7,AbiAstral,8579,56,58.9,2026-10-06T00:23:09
Poppy,8,regret,8579,47,70.2,2026-10-06T00:23:20
Poppy,9,Fercho Exile,8416,33,69.7,2026-10-06T00:23:29
Poppy,10,sickkid,8260,46,58.7,2026-10-06T00:23:43
Poppy,11,GMLA Hinh ànd,8260,43,69.8,2026-10-06T00:23:54
Poppy,12,Killer17YT,8235,14,71.4,2026-10-06T00:24:05
Poppy,13,OFTS Marechal,8154,26,69.2,2026-10-06T00:24:21
Poppy,14,Miguel,8027,32,65.6,2026-10-06T00:24:36
Poppy,15,Juancho,8154,94,45.7,2026-10-06T00:24:59
Poppy,16,wavy travieso,7941,39,71.8,2026-10-06T00:25:11
Poppy,17,Jerome Krelly,7936,120,52.5,2026-10-06T00:25:23
Poppy,18,yveL,8016,17,70.6,2026-10-06T00:25:39
Poppy,19,カルマ,7669,47,51.1,2026-10-06T00:25:55
Poppy,20,ñemoleo19,7628,30,66.7,2026-10-06T00:26:04
Poppy,21,NoobDeMais,7664,26,76.9,2026-10-06T00:26:15
Poppy,22,Beastie,7586,89,57.3,2026-10-06T00:26:23
Poppy,23,HADES,7559,44,61.4,2026-10-06T00:26:34
Poppy,24,Black狼冬,7546,12,66.7,2026-10-06T00:26:44
Poppy,25,Merlini,7772,87,52.9,2026-10-06T00:26:52
Poppy,26,Sr Meliodas,7508,44,68.2,2026-10-06T00:27:06
Poppy,27,tintintchon,8079,93,50.5,2026-10-06T00:27:20
Poppy,28,PESCADOR007,7441,38,65.8,2026-10-06T00:27:33
Poppy,29,C3 Nygmaaaa,7420,23,52.2,2026-10-06T00:27:48
Poppy,30,POPPY 100ツ,7307,78,55.1,2026-10-06T00:27:58
Pyke,1,VT Hao威shin,10012,72,63.9,2026-10-06T05:42:57
Pyke,2,The Epitome,9703,31,58.1,2026-10-06T05:43:07
Pyke,3,SGC Hencor,9656,128,64.1,2026-10-06T05:43:31
Pyke,4,Ruska Roma平,9585,35,71.4,2026-10-06T05:43:53
Pyke,5,GodTierScrub,9226,80,57.5,2026-10-06T05:44:15
Pyke,6,Kaiか,2379,8,62.5,2026-10-06T05:44:28
Pyke,7,亥|么GHOST么,9160,100,56.0,2026-10-06T05:44:43
Pyke,8,LÉGUA,9160,105,56.2,2026-10-06T05:44:53
Pyke,9,Arrogancia X,9037,44,68.2,2026-10-06T05:45:02
Pyke,10,muu,7916,17,58.8,2026-10-06T05:45:13
Pyke,11,抖 Singed 抖,8785,49,55.1,2026-10-06T05:45:23
Pyke,12,OhGodAGirl,8785,32,75.0,2026-10-06T05:45:31
Pyke,13,Mít t Tee,8673,21,76.2,2026-10-06T05:45:41
Pyke,14,Sufocators,9047,106,49.1,2026-10-06T05:45:50
Pyke,15,TIUSKA,8700,106,52.8,2026-10-06T05:46:00
Pyke,16,RâzørPykê,3553,10,40.0,2026-10-06T05:46:15
Pyke,17,jhingos,8579,70,51.4,2026-10-06T05:46:28
Pyke,18,Panky,8785,39,61.5,2026-10-06T05:46:46
Pyke,19,No Joke,8579,43,62.8,2026-10-06T05:47:00
Pyke,20,PHX Guma 火,8603,26,46.2,2026-10-06T05:47:08
Pyke,21,O Físico,8476,40,77.5,2026-10-06T05:47:19
Pyke,22,PeterPyke085,8436,107,52.3,2026-10-06T05:47:27
Pyke,23,Scopyxz,8311,79,50.6,2026-10-06T05:47:37
Pyke,24,Hydroflare,8154,77,51.9,2026-10-06T05:47:47
Pyke,25,Tukchi,8688,44,54.5,2026-10-06T05:47:56
Pyke,26,Manuzama1,8150,107,57.9,2026-10-06T05:48:06
Pyke,27,El imperfecto,7964,42,50.0,2026-10-06T05:48:15
Pyke,28,Das1,3706,13,53.8,2026-10-06T05:48:25
Pyke,29,iSeth7XD,8260,41,58.5,2026-10-06T05:48:45
Pyke,30,A Lenda de Pyke,7884,51,54.9,2026-10-06T05:48:55
Rakan,1,Neilsen 狼灵,10271,36,63.9,2026-10-05T20:34:55
Rakan,2,nerf rakan pls,10031,77,61.0,2026-10-05T20:35:09
Rakan,3,Sweetcita,9534,61,60.7,2026-10-05T20:35:40
Rakan,4,Apo,9172,40,62.5,2026-10-05T20:36:30
Rakan,5,Oneiros1神,9240,92,46.7,2026-10-05T20:37:17
Rakan,6,Shifú,8494,21,66.7,2026-10-05T20:37:48
Rakan,7,Shinigami,8673,64,54.7,2026-10-05T20:38:21
Rakan,8,AC Hades,8309,39,66.7,2026-10-05T20:38:37
Rakan,9,Miro,8579,68,66.2,2026-10-05T20:38:51
Rakan,10,M4UZAN04,8197,48,52.1,2026-10-05T20:39:02
Rakan,11,Rakanzera,8078,21,81.0,2026-10-05T20:39:14
Rakan,12,Éle,7979,37,51.4,2026-10-05T20:39:24
Rakan,13,Joker,7811,17,70.6,2026-10-05T20:39:35
Rakan,14,LEEMX07,8498,45,48.9,2026-10-05T20:39:43
Rakan,15,Pancha Diff,7721,25,64.0,2026-10-05T20:39:54
Rakan,16,Daddy Rakan,7657,76,60.5,2026-10-05T20:40:05
Rakan,17,SHOONE,7645,35,62.9,2026-10-05T20:40:16
Rakan,18,サポートSUP DE SMITE,7686,57,50.9,2026-10-05T20:40:30
Rakan,19,Golden Ratio,7581,94,60.6,2026-10-05T20:40:43
Rakan,20,Zzzzz,7655,48,56.2,2026-10-05T20:40:57
Rakan,21,seven,7834,68,51.5,2026-10-05T20:41:08
Rakan,22,月Fúria Da Noite,7986,89,55.1,2026-10-05T20:41:17
Rakan,23,One For AllΩ,7593,26,57.7,2026-10-05T20:41:29
Rakan,24,CHICO SEVEN,7515,39,64.1,2026-10-05T20:41:41
Rakan,25,Dry,7538,49,59.2,2026-10-05T20:41:50
Rakan,26,Thanatos,7493,71,53.5,2026-10-05T20:42:01
Rakan,27,321,7377,42,52.4,2026-10-05T20:42:11
Rakan,28,tomek,7475,29,44.8,2026-10-05T20:42:20
Rakan,29,MKOIJonathan,7303,58,63.8,2026-10-05T20:42:31
Rakan,30,SENAKYN,7865,37,51.4,2026-10-05T20:42:40
Rammus,1,yue TTK,10110,68,73.5,2026-10-05T22:51:03
Rammus,2,CARIOCADOTADO,10031,154,55.8,2026-10-05T22:51:14
Rammus,3,Kaelus夢,9534,66,75.8,2026-10-05T22:51:40
Rammus,4,Akashi愛,9534,57,73.7,2026-10-05T22:52:02
Rammus,5,Colaborador,9534,72,70.8,2026-10-05T22:52:28
Rammus,6,ErneestooAnngeel,9534,91,63.7,2026-10-05T22:52:40
Rammus,7,TiraQueEuVouCagá,9361,37,64.9,2026-10-05T22:53:01
Rammus,8,crisbrks360,2631,3,33.3,2026-10-05T22:53:26
Rammus,9,xWP Junas,9160,79,60.8,2026-10-05T22:53:39
Rammus,10,GGUDI,9177,36,66.7,2026-10-05T22:53:58
Rammus,11,Rei da Selva,9358,50,56.0,2026-10-05T22:54:28
Rammus,12,de Petrópolis RJ,8936,40,67.5,2026-10-05T22:55:02
Rammus,13,Black Tiger,8845,71,73.2,2026-10-05T22:55:22
Rammus,14,ItsChrisPham,8993,51,60.8,2026-10-05T22:55:35
Rammus,15,冠GameOver冠,8653,62,61.3,2026-10-05T22:55:48
Rammus,16,Luiisfernåndhø,8506,80,63.8,2026-10-05T22:56:30
Rammus,17,Justinn,8785,23,87.0,2026-10-05T22:56:42
Rammus,18,Yhwachy,8579,25,76.0,2026-10-05T22:56:55
Rammus,19,Myss Talegas,8255,24,79.2,2026-10-05T22:57:06
Rammus,20,OFF gang shh her,8249,17,64.7,2026-10-05T22:57:21
Rammus,21,se fue la lux,8485,101,54.5,2026-10-05T22:57:33
Rammus,22,Mackenna,8299,79,64.6,2026-10-05T22:57:51
Rammus,23,刘德华,8150,44,59.1,2026-10-05T22:58:35
Rammus,24,Hottest Illaoi,8076,39,56.4,2026-10-05T22:58:47
Rammus,25,RD Bolanta,9035,140,56.4,2026-10-05T22:58:56
Rammus,26,Exuman,7941,45,68.9,2026-10-05T22:59:07
Rammus,27,RENAN SANTOS 14,8021,48,62.5,2026-10-05T22:59:17
Rammus,28,ShadowDemon,8208,41,58.5,2026-10-05T22:59:28
Rammus,29,Därtâñän,7961,37,56.8,2026-10-05T22:59:40
Rammus,30,Duskzadaa TKTK,7978,33,75.8,2026-10-05T22:59:49
Rell,1,PsychoDoomKitty,8260,72,56.9,2026-10-06T03:45:39
Rell,2,Hanz,8267,188,50.5,2026-10-06T03:45:51
Rell,3,GuidolsOverParty,8198,35,54.3,2026-10-06T03:46:13
Rell,4,Revy,8154,32,75.0,2026-10-06T03:46:25
Rell,5,Welcome to Rell,8154,83,57.8,2026-10-06T03:47:15
Rell,6,Vlntage Culture,8260,46,56.5,2026-10-06T03:47:26
Rell,7,Lv神,8380,81,58.0,2026-10-06T03:47:37
Rell,8,么GralXatruch么ツ,7634,64,60.9,2026-10-06T03:47:47
Rell,9,Yami Sukehiro,7602,45,40.0,2026-10-06T03:47:55
Rell,10,EdSilvaa,7515,57,66.7,2026-10-06T03:48:05
Rell,11,Rocha,7515,39,66.7,2026-10-06T03:48:15
Rell,12,Sae 신성,7277,16,68.8,2026-10-06T03:48:24
Rell,13,SHALOM,7316,48,45.8,2026-10-06T03:48:34
Rell,14,pix do gin,7200,79,55.7,2026-10-06T03:48:45
Rell,15,ADC AND JG TRASH,7196,155,48.4,2026-10-06T03:48:59
Rell,16,Jøttapê,7142,26,57.7,2026-10-06T03:49:13
Rell,17,CuernoDepollo,7294,46,65.2,2026-10-06T03:49:25
Rell,18,Where is Jinx,7299,47,63.8,2026-10-06T03:49:36
Rell,19,LE Lirrito,7059,22,50.0,2026-10-06T03:49:46
Rell,20,intiftoxic,7295,157,47.8,2026-10-06T03:49:55
Rell,21,Redamancy,7227,17,58.8,2026-10-06T03:50:05
Rell,22,Sin,6956,26,65.4,2026-10-06T03:50:14
Rell,23,Dark Horse,7092,37,62.2,2026-10-06T03:50:24
Rell,24,Arrogancia X,7026,20,45.0,2026-10-06T03:50:34
Rell,25,Pan Salao,6924,25,72.0,2026-10-06T03:50:43
Rell,26,Cleint,7313,41,63.4,2026-10-06T03:50:53
Rell,27,PGB BLADE,7303,58,56.9,2026-10-06T03:51:01
Rell,28,XCS Yayi,6941,55,60.0,2026-10-06T03:51:12
Rell,29,TikTok Kev,7003,43,60.5,2026-10-06T03:51:22
Rell,30,cokein,6899,51,54.9,2026-10-06T03:51:30
Renekton,1,Tiumaiss,10271,48,66.7,2026-10-06T05:25:28
Renekton,2,Guilo,9160,87,67.8,2026-10-06T05:25:38
Renekton,3,lightureyes,9267,177,45.8,2026-10-06T05:25:50
Renekton,4,astro22,8999,60,61.7,2026-10-06T05:26:00
Renekton,5,Kafka,8844,32,71.9,2026-10-06T05:26:15
Renekton,6,Devils Manner,8787,67,67.2,2026-10-06T05:26:26
Renekton,7,Reptilian,8850,24,66.7,2026-10-06T05:26:34
Renekton,8,Gbgxtz71,8586,40,60.0,2026-10-06T05:26:45
Renekton,9,Muffin Fluffin,8262,22,63.6,2026-10-06T05:26:53
Renekton,10,bbiitteerr,8579,29,79.3,2026-10-06T05:27:04
Renekton,11,Rukhwielderi,8408,55,54.5,2026-10-06T05:27:14
Renekton,12,OBITO,8047,13,76.9,2026-10-06T05:27:22
Renekton,13,KOs冥TodasMías,8146,107,48.6,2026-10-06T05:27:34
Renekton,14,Modesto,7765,24,62.5,2026-10-06T05:27:43
Renekton,15,ホSETHホ,7508,46,58.7,2026-10-06T05:27:54
Renekton,16,Creatine Boy,7677,60,50.0,2026-10-06T05:28:05
Renekton,17,RenektonTopOnly,7578,89,50.6,2026-10-06T05:28:13
Renekton,18,fxxxxxxx,7366,14,42.9,2026-10-06T05:28:27
Renekton,19,SPARTAKUS,7616,40,77.5,2026-10-06T05:28:39
Renekton,20,×Darkunm×,7338,20,80.0,2026-10-06T05:28:52
Renekton,21,Askari情熱,7243,23,47.8,2026-10-06T05:29:19
Renekton,22,JacaréDeCalcinha,7305,50,46.0,2026-10-06T05:29:44
Renekton,23,Axe of Greed,7302,94,44.7,2026-10-06T05:30:04
Renekton,24,knockout,7296,67,50.7,2026-10-06T05:30:18
Renekton,25,RENEKTRON,7627,110,56.4,2026-10-06T05:30:26
Renekton,26,上帝 Naayil,7321,32,37.5,2026-10-06T05:30:37
Renekton,27,milroles,6976,87,51.7,2026-10-06T05:30:48
Renekton,28,Hei hei,6911,51,64.7,2026-10-06T05:30:56
Renekton,29,Draco,7069,57,61.4,2026-10-06T05:31:06
Renekton,30,Slex,6956,9,77.8,2026-10-06T05:31:14
Rengar,1,Angel O Nyco,10271,31,71.0,2026-10-05T10:49:33
Rengar,2,Taco,10271,25,80.0,2026-10-05T10:49:42
Rengar,3,Scar,10271,65,72.3,2026-10-05T10:49:52
Rengar,4,yChaves,9590,23,69.6,2026-10-05T10:50:55
Rengar,5,TikTok DonElixir,9518,43,55.8,2026-10-05T10:51:08
Rengar,6,matachoros3000,9534,132,52.3,2026-10-05T10:51:17
Rengar,7,Mackerel,9160,156,59.0,2026-10-05T10:51:29
Rengar,8,TTK Zank,9068,65,63.1,2026-10-05T10:51:40
Rengar,9,motel evangélico,9160,86,65.1,2026-10-05T10:51:49
Rengar,10,Sr Gatita Culona,9650,134,53.7,2026-10-05T10:52:01
Rengar,11,TSTN Sin,8803,58,58.6,2026-10-05T10:52:11
Rengar,12,NøCarreoGördas,8785,43,58.1,2026-10-05T10:52:23
Rengar,13,Absolute Rengar,8785,70,60.0,2026-10-05T10:52:34
Rengar,14,Nhng Ngôi Sao,8692,67,68.7,2026-10-05T10:52:42
Rengar,15,Frajola,8579,24,75.0,2026-10-05T10:52:54
Rengar,16,都是中单的锅,8428,21,71.4,2026-10-05T10:53:04
Rengar,17,Sunsetz,8694,45,51.1,2026-10-05T10:53:12
Rengar,18,Bronze,8199,29,62.1,2026-10-05T10:53:23
Rengar,19,Nox Fear,8154,27,74.1,2026-10-05T10:53:31
Rengar,20,Solo Q threat,8309,114,56.1,2026-10-05T10:53:42
Rengar,21,Gabyzinha Harumî,8481,16,87.5,2026-10-05T10:53:53
Rengar,22,Junk Døg,8183,29,72.4,2026-10-05T10:54:02
Rengar,23,QTVV OmGar,7918,21,71.4,2026-10-05T10:54:14
Rengar,24,Vituskoz,8131,28,64.3,2026-10-05T10:54:26
Rengar,25,Riruka Gamine,7855,23,56.5,2026-10-05T10:54:35
Rengar,26,eys,8148,40,62.5,2026-10-05T10:54:45
Rengar,27,naltic rengar,8065,77,51.9,2026-10-05T10:54:54
Rengar,28,ONE SHOT RENGAR,7877,73,53.4,2026-10-05T10:55:05
Rengar,29,Godrengar,8154,126,56.3,2026-10-05T10:55:15
Rengar,30,LV4Diana,7923,29,62.1,2026-10-05T10:55:24
Riven,1,你麻薯掉了,10886,44,84.1,2026-10-06T02:12:13
Riven,2,wrvalhalla TTV,10387,23,82.6,2026-10-06T02:12:21
Riven,3,TDTツEssenceツ,10271,48,68.8,2026-10-06T02:12:30
Riven,4,Roninn,5263,14,64.3,2026-10-06T02:12:39
Riven,5,BarcodeWR,9770,27,63.0,2026-10-06T02:12:53
Riven,6,Olec,9585,45,66.7,2026-10-06T02:13:04
Riven,7,NUNUTHERIAN67,9919,234,51.7,2026-10-06T02:13:13
Riven,8,JUKERAA,9534,45,73.3,2026-10-06T02:13:24
Riven,9,riベン,9534,62,69.4,2026-10-06T02:13:36
Riven,10,je t aime Lyv 絆,10068,92,53.3,2026-10-06T02:13:44
Riven,11,妳曾是我的唯一,9323,52,48.1,2026-10-06T02:13:55
Riven,12,超模之刃,9291,82,61.0,2026-10-06T02:14:04
Riven,13,Phat,8978,25,56.0,2026-10-06T02:14:19
Riven,14,KallarrariBR1,8936,22,77.3,2026-10-06T02:14:33
Riven,15,ySnoW9 Is Back ±,8789,67,59.7,2026-10-06T02:14:45
Riven,16,khongbikchs,8785,53,56.6,2026-10-06T02:14:57
Riven,17,Nemzz,8785,19,84.2,2026-10-06T02:15:08
Riven,18,folklorico,8785,46,65.2,2026-10-06T02:15:16
Riven,19,Mereum,8785,26,73.1,2026-10-06T02:15:26
Riven,20,Azaroth,6122,7,42.9,2026-10-06T02:15:35
Riven,21,3LR0,8909,73,50.7,2026-10-06T02:15:47
Riven,22,Portgas D Ace 火,8785,78,46.2,2026-10-06T02:15:55
Riven,23,Replay,8812,76,57.9,2026-10-06T02:16:04
Riven,24,Told,8540,35,54.3,2026-10-06T02:16:16
Riven,25,沢iven,8533,19,68.4,2026-10-06T02:16:28
Riven,26,RIVANIACO,8785,53,58.5,2026-10-06T02:16:36
Riven,27,平和Light,8579,104,55.8,2026-10-06T02:16:46
Riven,28,ODAK,8366,17,82.4,2026-10-06T02:16:55
Riven,29,Shio,8475,16,62.5,2026-10-06T02:17:05
Riven,30,Nameless King,8388,85,55.3,2026-10-06T02:17:17
Rumble,1,FHG suitS,10333,47,72.3,2026-10-06T08:08:39
Rumble,2,,10031,97,64.9,2026-10-06T08:08:48
Rumble,3,含住朕的龙根,8461,31,61.3,2026-10-06T08:08:58
Rumble,4,hectorrodri15,8774,78,52.6,2026-10-06T08:09:07
Rumble,5,YOCULEOGORDITAS,8390,51,58.8,2026-10-06T08:09:20
Rumble,6,C3 Nygmaaaa,8293,34,58.8,2026-10-06T08:09:29
Rumble,7,Chismansk,7840,22,50.0,2026-10-06T08:09:40
Rumble,8,Lucas George,7818,101,56.4,2026-10-06T08:09:50
Rumble,9,BlueCrossFire,8161,77,54.5,2026-10-06T08:09:59
Rumble,10,hopperlol1,7511,31,54.8,2026-10-06T08:10:09
Rumble,11,BBQYummy,7527,17,58.8,2026-10-06T08:10:21
Rumble,12,Flowrero,7419,54,53.7,2026-10-06T08:10:29
Rumble,13,Aegon II Usurper,7409,23,65.2,2026-10-06T08:10:41
Rumble,14,VM BabySitDuck,7067,36,61.1,2026-10-06T08:10:54
Rumble,15,Boleiro,6809,41,56.1,2026-10-06T08:11:04
Rumble,16,JackUltymate,6695,89,50.6,2026-10-06T08:11:14
Rumble,17,TN MUKA,6597,8,87.5,2026-10-06T08:11:24
Rumble,18,TOア|么NFE尔,6921,63,57.1,2026-10-06T08:11:40
Rumble,19,SharpXG,6461,51,47.1,2026-10-06T08:11:55
Rumble,20,1nk Kaitze,6863,37,48.6,2026-10-06T08:12:04
Rumble,21,Tu amiko milo,6329,42,61.9,2026-10-06T08:12:14
Rumble,22,galinhuU,6230,20,75.0,2026-10-06T08:12:22
Rumble,23,6Free,6156,91,57.1,2026-10-06T08:12:33
Rumble,24,Grunger JJ,6152,15,80.0,2026-10-06T08:12:43
Rumble,25,Doobie,6151,27,77.8,2026-10-06T08:12:51
Rumble,26,SOMBRA,6048,16,81.2,2026-10-06T08:13:01
Rumble,27,Radamantysfg,6053,146,47.9,2026-10-06T08:13:12
Rumble,28,TSTN DESTEMIDO,5956,16,62.5,2026-10-06T08:13:21
Rumble,29,Delicinha33,6028,15,73.3,2026-10-06T08:14:04
Rumble,30,Diegosalvess,6025,31,51.6,2026-10-06T08:14:14
Ryze,1,KOKO,9616,45,60.0,2026-10-06T07:42:04
Ryze,2,Levi aixa,9295,29,62.1,2026-10-06T07:42:13
Ryze,3,athProx2,9194,31,58.1,2026-10-06T07:42:23
Ryze,4,MILGRAU,8912,69,60.9,2026-10-06T07:42:33
Ryze,5,MatSHOW,9096,35,60.0,2026-10-06T07:42:45
Ryze,6,Kingduck,8700,30,66.7,2026-10-06T07:42:54
Ryze,7,ALS Shadow,8676,50,66.0,2026-10-06T07:43:05
Ryze,8,kito不多不少,8615,20,85.0,2026-10-06T07:43:16
Ryze,9,Sitzo,8579,33,60.6,2026-10-06T07:43:25
Ryze,10,Kean,8555,43,51.2,2026-10-06T07:43:38
Ryze,11,AL Shumas YT,8291,15,60.0,2026-10-06T07:43:48
Ryze,12,PHX Fast,2772,9,33.3,2026-10-06T07:44:00
Ryze,13,PROFMRANCK,8009,131,55.7,2026-10-06T07:44:11
Ryze,14,年年好,7964,41,51.2,2026-10-06T07:44:23
Ryze,15,Shadow Reaper,7834,59,64.4,2026-10-06T07:44:48
Ryze,16,PERROT,8008,47,48.9,2026-10-06T07:45:12
Ryze,17,Famous,7815,26,61.5,2026-10-06T07:45:25
Ryze,18,Necro,7862,52,50.0,2026-10-06T07:45:41
Ryze,19,Chess,7678,32,56.2,2026-10-06T07:45:50
Ryze,20,Feedador nato,7671,71,59.2,2026-10-06T07:46:01
Ryze,21,M0n0Ryz3JG,7671,61,59.0,2026-10-06T07:46:12
Ryze,22,SGZ Faker Goiano,7608,64,53.1,2026-10-06T07:46:21
Ryze,23,Chovy,7725,32,56.2,2026-10-06T07:46:34
Ryze,24,yodaomataokh4zix,7513,57,64.9,2026-10-06T07:46:43
Ryze,25,Stillyadaddy,7583,20,55.0,2026-10-06T07:46:53
Ryze,26,袋培disc薇Lfenguwu9,7685,18,66.7,2026-10-06T07:47:04
Ryze,27,KOBBAAA六,7423,20,55.0,2026-10-06T07:47:15
Ryze,28,Ω HRIT 愁,7619,34,61.8,2026-10-06T07:47:24
Ryze,29,Pprt,7345,32,62.5,2026-10-06T07:47:37
Ryze,30,Flyyyers,7451,36,55.6,2026-10-06T07:47:49
Samira,1,么GOT么 Rysk,10271,27,63.0,2026-10-06T05:08:17
Samira,2,D3l3t3UrAcc0unt,10271,134,60.4,2026-10-06T05:08:28
Samira,3,VELHA SINISTRA,10271,65,63.1,2026-10-06T05:08:45
Samira,4,VERSÃOBRASILEIRA,10031,66,68.2,2026-10-06T05:08:58
Samira,5,잠깐만 파밍 좀 하게 해줘,9534,71,63.4,2026-10-06T05:09:19
Samira,6,Tempestade嵐,9260,28,67.9,2026-10-06T05:09:32
Samira,7,Scyther,9160,36,63.9,2026-10-06T05:09:45
Samira,8,OT DANI Scar7,9144,68,58.8,2026-10-06T05:09:56
Samira,9,BYE,9235,21,85.7,2026-10-06T05:10:06
Samira,10,Deox,9115,16,75.0,2026-10-06T05:10:15
Samira,11,Siribot is back,9513,74,63.5,2026-10-06T05:10:25
Samira,12,Twich MrV,9224,59,59.3,2026-10-06T05:10:33
Samira,13,Twist,8795,67,59.7,2026-10-06T05:10:43
Samira,14,Solenn,8785,60,63.3,2026-10-06T05:10:51
Samira,15,ノクティス,8785,38,63.2,2026-10-06T05:11:01
Samira,16,Moletom,8785,27,77.8,2026-10-06T05:11:12
Samira,17,PhoenixPhire,8785,42,61.9,2026-10-06T05:11:24
Samira,18,影izukatmid,8585,50,52.0,2026-10-06T05:11:37
Samira,19,Oliver,8558,21,76.2,2026-10-06T05:11:52
Samira,20,AnuarSG,8551,31,64.5,2026-10-06T05:12:03
Samira,21,ThaliaUwUツ,8662,25,56.0,2026-10-06T05:12:13
Samira,22,JCarlin,8521,31,58.1,2026-10-06T05:12:21
Samira,23,Dani Phantom,8570,61,52.5,2026-10-06T05:12:31
Samira,24,Felipe de Samira,8907,147,55.1,2026-10-06T05:12:40
Samira,25,Sweetcita,8440,24,70.8,2026-10-06T05:12:49
Samira,26,ShowTime,8579,45,64.4,2026-10-06T05:12:59
Samira,27,Elpapyrus,8285,26,57.7,2026-10-06T05:13:10
Samira,28,sosa,8234,16,75.0,2026-10-06T05:13:18
Samira,29,T1 bape,8296,78,61.5,2026-10-06T05:13:28
Samira,30,cxkø,8312,59,66.1,2026-10-06T05:13:37
Senna,1,Jacklocky,10271,35,80.0,2026-10-06T05:37:15
Senna,2,Brainless,10207,30,76.7,2026-10-06T05:37:26
Senna,3,Hira TT,10104,58,63.8,2026-10-06T05:37:41
Senna,4,hi im boxxy,9810,28,78.6,2026-10-06T05:37:53
Senna,5,憨蛤蜊,9784,32,75.0,2026-10-06T05:38:09
Senna,6,dexx,9417,31,80.6,2026-10-06T05:38:21
Senna,7,PHX Vini,9405,40,70.0,2026-10-06T05:38:35
Senna,8,Chismansk,9345,33,63.6,2026-10-06T05:38:48
Senna,9,SB EDUARDO,9377,36,77.8,2026-10-06T05:38:57
Senna,10,TikTok ImzoroLOL,9138,26,76.9,2026-10-06T05:39:10
Senna,11,Kira,9199,51,66.7,2026-10-06T05:39:21
Senna,12,水 sebsy,9100,37,70.3,2026-10-06T05:39:29
Senna,13,xGabiiCans,8925,27,92.6,2026-10-06T05:39:41
Senna,14,Kah Yoh Neh,8894,25,80.0,2026-10-06T05:39:53
Senna,15,Versace,8890,26,80.8,2026-10-06T05:40:01
Senna,16,EVA,8842,56,69.6,2026-10-06T05:40:12
Senna,17,Neilsen 狼灵,8801,22,72.7,2026-10-06T05:40:24
Senna,18,The Epitome,8799,19,84.2,2026-10-06T05:40:38
Senna,19,LEEMX07,8710,36,66.7,2026-10-06T05:40:54
Senna,20,Relaxou,8662,23,73.9,2026-10-06T05:41:04
Senna,21,David Mineboy,8641,16,87.5,2026-10-06T05:41:14
Senna,22,Sabrina827,8608,46,58.7,2026-10-06T05:41:23
Senna,23,能力越小责任越小,8588,22,77.3,2026-10-06T05:41:33
Senna,24,STEFAN,8579,42,64.3,2026-10-06T05:41:41
Senna,25,StratoBait,8579,54,61.1,2026-10-06T05:41:49
Senna,26,Derexito,8724,22,68.2,2026-10-06T05:42:00
Senna,27,ultraviolence,8456,15,86.7,2026-10-06T05:42:11
Senna,28,DQT Le Mike,8579,42,61.9,2026-10-06T05:42:19
Senna,29,868 Kinqman 死亡,8388,39,76.9,2026-10-06T05:42:30
Senna,30,UzumakiDemon,8366,47,72.3,2026-10-06T05:42:41
Seraphine,1,A Gentle Promise,10271,35,68.6,2026-10-05T15:46:55
Seraphine,2,前30個技能只是警告,10271,43,83.7,2026-10-05T15:47:10
Seraphine,3,乖纯本性,9431,42,69.0,2026-10-05T15:47:24
Seraphine,4,The illusionist,8749,79,53.2,2026-10-05T15:47:36
Seraphine,5,Melynn4 S2,8606,51,56.9,2026-10-05T15:47:55
Seraphine,6,MILENA DO CIVIC,7997,23,56.5,2026-10-05T15:48:06
Seraphine,7,Jennie,7834,43,65.1,2026-10-05T15:48:19
Seraphine,8,Montse,7834,38,60.5,2026-10-05T15:48:30
Seraphine,9,q gemido é esse,7780,26,65.4,2026-10-05T15:48:39
Seraphine,10,PHOΣNIX,7737,20,65.0,2026-10-05T15:48:50
Seraphine,11,Headphones On,8269,28,64.3,2026-10-05T15:49:01
Seraphine,12,OrnipatoHextech,8035,44,56.8,2026-10-05T15:49:10
Seraphine,13,BLKN SeraBot,7642,32,53.1,2026-10-05T15:49:24
Seraphine,14,Peituda,7583,32,62.5,2026-10-05T15:49:35
Seraphine,15,meleblanc,7571,25,72.0,2026-10-05T15:49:55
Seraphine,16,KoKoNutZ808,7565,85,57.6,2026-10-05T15:50:11
Seraphine,17,Pinkypig,7565,55,60.0,2026-10-05T15:50:24
Seraphine,18,DeadlyNightshade,7628,26,69.2,2026-10-05T15:50:56
Seraphine,19,Rapha3la104,7409,53,67.9,2026-10-05T15:51:15
Seraphine,20,Cream the rabbit,7515,46,65.2,2026-10-05T15:51:31
Seraphine,21,mokachuu,7606,35,62.9,2026-10-05T15:51:46
Seraphine,22,にkikyo,7370,39,61.5,2026-10-05T15:51:55
Seraphine,23,DR拉斐尔弗拉图斯991,7325,12,58.3,2026-10-05T15:52:08
Seraphine,24,Arely,7274,62,58.1,2026-10-05T15:52:18
Seraphine,25,ARTEMIS,7258,23,65.2,2026-10-05T15:52:27
Seraphine,26,Crystal Voice,7225,36,58.3,2026-10-05T15:52:40
Seraphine,27,doce alívio,7309,21,52.4,2026-10-05T15:53:01
Seraphine,28,Drawdian,7196,110,55.5,2026-10-05T15:53:18
Seraphine,29,Chocobo,7370,72,52.8,2026-10-05T15:53:40
Sett,1,Lord Seissor,10271,61,55.7,2026-10-05T23:16:11
Sett,2,SETTO KAIBA,10031,80,55.0,2026-10-05T23:16:23
Sett,3,Natsuあ,10027,34,58.8,2026-10-05T23:16:34
Sett,4,REISHIKY,9454,32,65.6,2026-10-05T23:16:47
Sett,5,卡莱奥,9393,60,51.7,2026-10-05T23:17:05
Sett,6,Apenas um Sett,9372,41,73.2,2026-10-05T23:17:22
Sett,7,Xia Chao Meng,9313,26,73.1,2026-10-05T23:17:42
Sett,8,Arrogancia X,9118,80,47.5,2026-10-05T23:18:02
Sett,9,ShadowLegacy,9101,52,61.5,2026-10-05T23:18:16
Sett,10,cyclenech,2884,3,66.7,2026-10-05T23:18:33
Sett,11,HPTA Ryuuダーリン,8980,55,58.2,2026-10-05T23:18:57
Sett,12,Nerf Dieguito,8938,38,60.5,2026-10-05T23:19:13
Sett,13,电玩咕咕枭,8721,58,56.9,2026-10-05T23:19:26
Sett,14,Oneiros I神,8724,69,52.2,2026-10-05T23:19:36
Sett,15,Lobo terranova,8579,37,67.6,2026-10-05T23:19:47
Sett,16,Top não carrega,8579,75,48.0,2026-10-05T23:19:59
Sett,17,Joltto,8579,59,61.0,2026-10-05T23:20:09
Sett,18,MURRÃO,8785,93,54.8,2026-10-05T23:20:20
Sett,19,霜YHARON,8555,30,46.7,2026-10-05T23:20:29
Sett,20,キラLight,8579,40,60.0,2026-10-05T23:20:41
Sett,21,Satoru gojo°,8538,47,61.7,2026-10-05T23:21:03
Sett,22,Gdrah,8488,20,65.0,2026-10-05T23:21:22
Sett,23,XXJackSterXX,8386,48,72.9,2026-10-05T23:21:47
Sett,24,Kyoka,8579,27,66.7,2026-10-05T23:22:02
Sett,25,Novato7愛,8257,43,55.8,2026-10-05T23:22:11
Sett,26,大衛RID102,8203,75,54.7,2026-10-05T23:22:23
Sett,27,OBITO,8184,13,76.9,2026-10-05T23:22:32
Sett,28,Earl,8215,31,54.8,2026-10-05T23:22:44
Sett,29,Lancelot,8579,93,55.9,2026-10-05T23:22:56
Sett,30,Sunny,8343,21,71.4,2026-10-05T23:23:05
Shen,1,Twitch Yamashio1,10271,56,76.8,2026-10-06T05:19:45
Shen,2,Love Shen,10271,38,68.4,2026-10-06T05:19:54
Shen,3,UnCarriableGame,10271,51,62.7,2026-10-06T05:20:06
Shen,4,Rio,10094,119,54.6,2026-10-06T05:20:18
Shen,5,RikkaSteins,9876,38,63.2,2026-10-06T05:20:34
Shen,6,シDッ,9285,90,63.3,2026-10-06T05:20:48
Shen,7,系搜Trehicy标拿任意英雄,9265,43,62.8,2026-10-06T05:21:03
Shen,8,delirious,9231,134,62.7,2026-10-06T05:21:16
Shen,9,Wolf 再,9145,38,68.4,2026-10-06T05:21:27
Shen,10,BELLION x,9129,87,57.5,2026-10-06T05:21:40
Shen,11,DivineSoul,9043,21,71.4,2026-10-06T05:21:51
Shen,12,Is you,9080,33,69.7,2026-10-06T05:21:59
Shen,13,BabaYagaa,8806,141,50.4,2026-10-06T05:22:10
Shen,14,FOICE X,8714,42,61.9,2026-10-06T05:22:18
Shen,15,Nightfall,8624,32,53.1,2026-10-06T05:22:29
Shen,16,yucapanucho,8697,32,62.5,2026-10-06T05:22:39
Shen,17,FialkovitzY,8523,31,74.2,2026-10-06T05:22:47
Shen,18,Ferxxxo,9160,84,61.9,2026-10-06T05:22:59
Shen,19,asdqweasdfr,8580,30,76.7,2026-10-06T05:23:15
Shen,20,Abhinav,8579,66,68.2,2026-10-06T05:23:28
Shen,21,Anthony,8329,52,63.5,2026-10-06T05:23:42
Shen,22,Pikashu799,8469,121,58.7,2026-10-06T05:23:52
Shen,23,SnowFlake,8260,44,81.8,2026-10-06T05:24:03
Shen,24,5trategist,8154,90,60.0,2026-10-06T05:24:13
Shen,25,Phantom snake,8154,56,57.1,2026-10-06T05:24:21
Shen,26,inexistente,8154,47,57.4,2026-10-06T05:24:32
Shen,27,CLZ Blast,8596,44,65.9,2026-10-06T05:24:41
Shen,28,SNASH DGF,8095,27,63.0,2026-10-06T05:24:51
Shen,29,Fire of July,8058,26,84.6,2026-10-06T05:25:02
Shen,30,愛NøulteøGørdas,8154,57,68.4,2026-10-06T05:25:11
Shyvana,1,MUÑETON,9745,42,69.0,2026-10-05T20:10:22
Shyvana,2,elecometin,9858,81,55.6,2026-10-05T20:10:47
Shyvana,3,悪BJORNIRONSIDE,8785,80,53.8,2026-10-05T20:11:06
Shyvana,4,aMARIOª,2119,1,100.0,2026-10-05T20:11:18
Shyvana,5,Monkey恨,8556,25,64.0,2026-10-05T20:11:44
Shyvana,6,CORTESIADOBF,8416,59,59.3,2026-10-05T20:12:05
Shyvana,7,Donovan,8366,54,55.6,2026-10-05T20:12:33
Shyvana,8,Piu,8298,34,55.9,2026-10-05T20:12:54
Shyvana,9,FungusChiquito,7758,57,56.1,2026-10-05T20:13:09
Shyvana,10,Dreameater,7671,26,73.1,2026-10-05T20:13:20
Shyvana,11,Mono Félleps,8162,25,56.0,2026-10-05T20:13:34
Shyvana,12,Cristiancharly1,7548,23,65.2,2026-10-05T20:13:44
Shyvana,13,HarleyKing,7544,75,54.7,2026-10-05T20:13:57
Shyvana,14,AYANOKOYIMDFK,7657,65,52.3,2026-10-05T20:14:06
Shyvana,15,bruiser abuserツキ,7489,29,51.7,2026-10-05T20:14:19
Shyvana,16,LionArcadia,7439,27,55.6,2026-10-05T20:14:32
Shyvana,17,Echantress,7655,32,75.0,2026-10-05T20:14:43
Shyvana,18,m4rianito,7406,71,53.5,2026-10-05T20:15:01
Shyvana,19,Emerick,7474,29,75.9,2026-10-05T20:15:18
Shyvana,20,来操作我,7590,16,56.2,2026-10-05T20:15:29
Shyvana,21,hgbattousai,7250,49,51.0,2026-10-05T20:15:40
Shyvana,22,德NEMESISPRIME瑪,7186,33,63.6,2026-10-05T20:15:50
Shyvana,23,CPZ x Brezx,7169,43,69.8,2026-10-05T20:16:02
Shyvana,24,Evangelista,7095,17,70.6,2026-10-05T20:16:13
Shyvana,25,Uraina,7303,57,64.9,2026-10-05T20:16:23
Shyvana,26,Gakimus,7288,42,47.6,2026-10-05T20:16:35
Shyvana,27,shyvana Sombria,7141,35,57.1,2026-10-05T20:16:49
Shyvana,28,Sebas,7149,38,57.9,2026-10-05T20:16:58
Shyvana,29,Kayden,7389,75,54.7,2026-10-05T20:17:09
Shyvana,30,AzaHm,7362,66,57.6,2026-10-05T20:17:21
Singed,1,55kai,9990,52,75.0,2026-10-06T02:29:14
Singed,2,Bestafera,10006,66,53.0,2026-10-06T02:29:23
Singed,3,DL RLC etao,9289,62,56.5,2026-10-06T02:29:37
Singed,5,Exter,8783,36,69.4,2026-10-06T02:30:16
Singed,6,人橙你又橙,8471,32,59.4,2026-10-06T02:30:30
Singed,7,Eukio,8309,57,61.4,2026-10-06T02:30:40
Singed,8,Gustavinho,8291,47,53.2,2026-10-06T02:31:08
Singed,9,HardSquirter,8421,72,56.9,2026-10-06T02:31:17
Singed,10,ChallengerSinged,8704,72,55.6,2026-10-06T02:31:28
Singed,11,16420,8153,28,64.3,2026-10-06T02:31:38
Singed,12,Louise Stardust,3782,10,70.0,2026-10-06T02:31:47
Singed,13,路見不平拔足狂奔,8416,62,58.1,2026-10-06T02:31:57
Singed,14,FaraóRamsés,7940,103,57.3,2026-10-06T02:32:07
Singed,15,SINGED ROQUEIRO,7934,14,64.3,2026-10-06T02:32:15
Singed,16,Proxy e Feedar,7834,47,68.1,2026-10-06T02:32:25
Singed,17,Bukubukuchagama,7834,51,58.8,2026-10-06T02:32:34
Singed,18,Pisou morreu,7834,30,80.0,2026-10-06T02:32:47
Singed,20,Matquy6cat,7662,31,51.6,2026-10-06T02:33:11
Singed,21,GodlyAngelDan,7671,160,51.9,2026-10-06T02:33:24
Singed,22,YXVAYNE,7389,93,58.1,2026-10-06T02:33:32
Singed,23,Ellyab,7730,118,55.1,2026-10-06T02:33:45
Singed,24,MtrBasara,7434,34,61.8,2026-10-06T02:33:56
Singed,25,MinishCap1,7379,48,47.9,2026-10-06T02:34:06
Singed,26,Pessi Cola,7190,50,56.0,2026-10-06T02:34:14
Singed,27,L1ngh,7278,41,58.5,2026-10-06T02:34:25
Singed,28,Nick,7565,112,58.9,2026-10-06T02:34:33
Singed,29,Player 5,7052,40,62.5,2026-10-06T02:34:43
Singed,30,Nenenuco,7050,55,52.7,2026-10-06T02:34:54
Sion,1,AAA,10271,72,54.2,2026-10-06T05:49:19
Sion,2,Couddyzx,9674,49,53.1,2026-10-06T05:49:32
Sion,3,DREIKO ESTRADA,9627,72,50.0,2026-10-06T05:49:55
Sion,4,HiroVinny,9467,39,59.0,2026-10-06T05:50:20
Sion,5,Daniye,9622,37,73.0,2026-10-06T05:50:33
Sion,6,RCTL伯爵哥哥,9269,38,57.9,2026-10-06T05:50:44
Sion,7,Beto Buyicio,9600,90,61.1,2026-10-06T05:50:52
Sion,8,Bathory,9104,31,54.8,2026-10-06T05:51:03
Sion,9,Minion,8785,21,90.5,2026-10-06T05:51:11
Sion,10,1DIMITRY1,8735,48,52.1,2026-10-06T05:51:22
Sion,11,SRN Calango,8785,79,51.9,2026-10-06T05:51:32
Sion,12,Soly,8457,28,75.0,2026-10-06T05:51:41
Sion,13,The Mini Bausffs,8362,17,82.4,2026-10-06T05:51:54
Sion,14,Erlc Gxc,8356,55,45.5,2026-10-06T05:52:08
Sion,15,虚Yang虚,8271,113,51.3,2026-10-06T05:52:24
Sion,16,FixedMatisGood,8362,23,65.2,2026-10-06T05:52:39
Sion,17,SaoEmLaiKhoc,8287,27,63.0,2026-10-06T05:52:48
Sion,18,InWonderland,8025,76,63.2,2026-10-06T05:52:58
Sion,19,TinhNguyen12,7985,15,73.3,2026-10-06T05:53:08
Sion,20,PROJETO01,8086,31,61.3,2026-10-06T05:53:17
Sion,21,alejandriTOP,8104,30,76.7,2026-10-06T05:53:27
Sion,22,Mr0d1nstycK,8558,40,55.0,2026-10-06T05:53:36
Sion,23,WG Kolisevm,7834,40,57.5,2026-10-06T05:53:46
Sion,24,slay3rh8er,7784,34,58.8,2026-10-06T05:53:56
Sion,25,Gematrian Boi 3,7886,34,67.6,2026-10-06T05:54:05
Sion,26,Noision,8075,87,50.6,2026-10-06T05:54:17
Sion,27,Tilt no Win,7717,31,51.6,2026-10-06T05:54:27
Sion,28,padresamurai,7760,20,65.0,2026-10-06T05:54:40
Sion,29,PERNA DO SION,7990,79,50.6,2026-10-06T05:54:52
Sion,30,ySnoW9 Is Back ±,7640,18,50.0,2026-10-06T05:55:01
Sivir,1,Broxei k9vinha,9518,34,52.9,2026-10-06T03:22:01
Sivir,2,Jan Buster,9248,17,76.5,2026-10-06T03:22:12
Sivir,3,Hulk,8154,76,53.9,2026-10-06T03:22:26
Sivir,4,Arroz,7924,31,74.2,2026-10-06T03:22:39
Sivir,5,MATHEKA,7594,59,50.8,2026-10-06T03:22:58
Sivir,6,O Ganha Jogos,7346,33,60.6,2026-10-06T03:23:10
Sivir,7,Maxi軍神,7174,35,62.9,2026-10-06T03:23:22
Sivir,8,A M Cowboy,7101,122,54.1,2026-10-06T03:23:32
Sivir,9,Kayden Break 殺,7077,40,50.0,2026-10-06T03:23:40
Sivir,10,BUXEXALOL,7138,38,47.4,2026-10-06T03:23:51
Sivir,11,tucotuco,7055,24,62.5,2026-10-06T03:24:00
Sivir,12,G2 Forasteiro,7108,52,59.6,2026-10-06T03:24:11
Sivir,13,Pinocchio Revolt,6985,27,66.7,2026-10-06T03:24:21
Sivir,14,THÉOS O MARCOO,7283,69,50.7,2026-10-06T03:24:30
Sivir,15,Killua,6905,16,56.2,2026-10-06T03:24:41
Sivir,16,Sailor Flora,6884,74,55.4,2026-10-06T03:24:51
Sivir,17,YUNA of ITZY,6791,37,54.1,2026-10-06T03:25:01
Sivir,18,GZ Shikao Moedas,2807,15,46.7,2026-10-06T03:25:13
Sivir,19,家Apocalipse 21 4,6892,92,50.0,2026-10-06T03:25:26
Sivir,20,McLovin S2,6823,40,52.5,2026-10-06T03:25:42
Sivir,21,GazXX,6727,33,51.5,2026-10-06T03:25:56
Sivir,22,Valerian,6613,26,65.4,2026-10-06T03:26:04
Sivir,23,Bobbby1,6593,41,53.7,2026-10-06T03:26:16
Sivir,24,SssK Magrão,6694,36,44.4,2026-10-06T03:26:27
Sivir,25,Topa Com Shei,3797,22,59.1,2026-10-06T03:26:35
Sivir,26,길게 뻗은 정글 오솔길,6459,78,55.1,2026-10-06T03:26:46
Sivir,27,chenreborn,6336,48,56.2,2026-10-06T03:26:54
Sivir,28,tia má fase,6381,111,51.4,2026-10-06T03:27:05
Sivir,29,bahnRock,6145,34,55.9,2026-10-06T03:27:15
Sivir,30,Pipoca,6131,25,60.0,2026-10-06T03:27:24
Skarner,1,Bygbanker,10271,62,66.1,2026-10-06T03:51:46
Skarner,2,Zuliancy,10271,61,68.9,2026-10-06T03:51:56
Skarner,3,Aatryo,10271,109,60.6,2026-10-06T03:52:06
Skarner,4,nailz987654321,9423,22,72.7,2026-10-06T03:52:16
Skarner,5,孤独的王冠、,9223,28,71.4,2026-10-06T03:52:30
Skarner,6,Sovereign King,9160,43,62.8,2026-10-06T03:52:39
Skarner,7,Prima,9148,33,72.7,2026-10-06T03:52:51
Skarner,8,ERMÃODAMONTANHA,9030,38,68.4,2026-10-06T03:53:01
Skarner,9,tron,9126,105,57.1,2026-10-06T03:53:10
Skarner,10,8 de Creepy,8843,31,67.7,2026-10-06T03:53:22
Skarner,11,VAELYR,9160,147,57.1,2026-10-06T03:53:35
Skarner,12,Gordelahd,9305,74,51.4,2026-10-06T03:53:46
Skarner,13,Heisenberg,8579,42,66.7,2026-10-06T03:53:58
Skarner,14,Rei da Selva,8543,42,54.8,2026-10-06T03:54:07
Skarner,15,Nem Acredito,9534,121,48.8,2026-10-06T03:54:21
Skarner,16,Over The Sorrow,8424,31,64.5,2026-10-06T03:54:33
Skarner,17,Jafos,8154,26,61.5,2026-10-06T03:54:44
Skarner,18,Khaslana,8154,32,71.9,2026-10-06T03:54:57
Skarner,19,OLD Jupiter 傑,8154,45,57.8,2026-10-06T03:55:07
Skarner,20,Dinks 东,5612,23,39.1,2026-10-06T03:55:21
Skarner,21,Garen do povo,8140,71,53.5,2026-10-06T03:55:34
Skarner,22,Carlos Augusto,8100,101,57.4,2026-10-06T03:55:48
Skarner,23,s cug dc,8651,58,58.6,2026-10-06T03:56:01
Skarner,24,TTK nothpcd,8087,35,60.0,2026-10-06T03:56:09
Skarner,25,ElAlacran,8068,96,61.5,2026-10-06T03:56:21
Skarner,26,Caanorey,8032,36,61.1,2026-10-06T03:56:31
Skarner,27,CYSMO,7982,20,90.0,2026-10-06T03:56:39
Skarner,28,Kazuk,7968,30,60.0,2026-10-06T03:56:50
Skarner,29,Kamado,1928,4,0.0,2026-10-06T03:56:58
Skarner,30,xifourinfola,8441,42,59.5,2026-10-06T03:57:08
Smolder,1,Twitch AizenWR,10567,28,82.1,2026-10-06T07:50:28
Smolder,2,Arc Ravi,10271,23,73.9,2026-10-06T07:50:38
Smolder,3,albertoelpro,10271,60,70.0,2026-10-06T07:50:46
Smolder,4,XTB DQ,10271,59,59.3,2026-10-06T07:50:56
Smolder,5,好中意你啊,10271,44,61.4,2026-10-06T07:51:07
Smolder,6,Viper,10095,40,62.5,2026-10-06T07:51:16
Smolder,7,HappyPurgeDay,9838,30,56.7,2026-10-06T07:51:28
Smolder,8,LUCCAS,9629,59,55.9,2026-10-06T07:51:38
Smolder,9,Kyzei,9804,55,52.7,2026-10-06T07:51:47
Smolder,10,outis,9904,36,58.3,2026-10-06T07:51:59
Smolder,11,TTV EarthY,9534,65,55.4,2026-10-06T07:52:09
Smolder,12,辞凛柚,9439,28,67.9,2026-10-06T07:52:18
Smolder,13,WS T Maceta,9462,35,62.9,2026-10-06T07:52:28
Smolder,14,Honork800,9160,44,77.3,2026-10-06T07:52:36
Smolder,15,Sinner,9115,86,54.7,2026-10-06T07:52:47
Smolder,16,Relaxou,9441,49,59.2,2026-10-06T07:52:57
Smolder,17,miss愛失った,8785,48,62.5,2026-10-06T07:53:06
Smolder,18,silêncio,8811,43,55.8,2026-10-06T07:53:17
Smolder,19,RBL Uzi,8674,15,60.0,2026-10-06T07:53:28
Smolder,20,么GOT么 Rysk,8785,28,53.6,2026-10-06T07:53:37
Smolder,21,Dog player,6767,17,47.1,2026-10-06T07:53:47
Smolder,22,映月 Ying Yue,8309,34,67.6,2026-10-06T07:53:57
Smolder,23,Darckzo23,8657,34,70.6,2026-10-06T07:54:08
Smolder,24,PenTa,8351,17,64.7,2026-10-06T07:54:19
Smolder,25,11xAug,8187,44,59.1,2026-10-06T07:54:28
Smolder,26,Shikamaru,8309,45,62.2,2026-10-06T07:54:40
Smolder,27,tomachimalone,8254,47,53.2,2026-10-06T07:54:52
Smolder,28,FHG Aomine,8088,14,71.4,2026-10-06T07:55:00
Smolder,29,GoD Metatron,8101,26,69.2,2026-10-06T07:55:12
Smolder,30,死ぬな Ado,8217,40,52.5,2026-10-06T07:55:20
Sona,1,ALOHA,10499,33,93.9,2026-10-05T19:55:22
Sona,2,Sonapetista,10031,63,57.1,2026-10-05T19:55:43
Sona,3,only4 him,9824,41,75.6,2026-10-05T19:56:04
Sona,4,Takahashi QR,9534,96,68.8,2026-10-05T19:56:23
Sona,5,switchblade,9802,40,65.0,2026-10-05T19:56:46
Sona,6,fallen angel,9527,45,60.0,2026-10-05T19:56:56
Sona,7,gin,9238,23,95.7,2026-10-05T19:57:09
Sona,8,prero,9117,57,54.4,2026-10-05T19:57:23
Sona,9,Merlin法师,9137,171,55.6,2026-10-05T19:57:35
Sona,10,lune,8901,28,64.3,2026-10-05T19:57:46
Sona,11,Só Pego Agroboy,8850,46,67.4,2026-10-05T19:57:57
Sona,12,糖Bonnie,8653,59,62.7,2026-10-05T19:58:06
Sona,13,Ivyzinha,8579,42,57.1,2026-10-05T19:58:17
Sona,14,Só jogo de sona,8579,54,63.0,2026-10-05T19:58:28
Sona,15,Cecei,8363,33,63.6,2026-10-05T19:58:39
Sona,16,Tempestade嵐,8491,42,50.0,2026-10-05T19:58:50
Sona,17,DragonMaker,8267,29,82.8,2026-10-05T19:58:59
Sona,18,Cresselia,8569,32,50.0,2026-10-05T19:59:12
Sona,19,Kyzei,8366,26,53.8,2026-10-05T19:59:23
Sona,20,Trapnest,8853,79,59.5,2026-10-05T19:59:35
Sona,21,Inspired零,8194,22,59.1,2026-10-05T19:59:46
Sona,22,Heda,8355,38,57.9,2026-10-05T19:59:55
Sona,23,Rukia,8169,50,62.0,2026-10-05T20:00:07
Sona,24,IamMDO,8366,81,61.7,2026-10-05T20:00:18
Sona,25,BoG Sake,8233,35,57.1,2026-10-05T20:00:27
Sona,26,BAIXINHA SURTADA,8091,40,62.5,2026-10-05T20:00:38
Sona,27,NGT Zephyr,8080,33,57.6,2026-10-05T20:00:53
Sona,28,NYMPHOLOGY,8047,65,61.5,2026-10-05T20:01:12
Sona,29,Condesa,8320,44,54.5,2026-10-05T20:01:32
Sona,30,Pink Champagne,8070,31,54.8,2026-10-05T20:01:48
Soraka,1,sudoCracker,10057,187,58.3,2026-10-06T02:35:09
Soraka,2,Internet girl,10031,34,67.6,2026-10-06T02:35:19
Soraka,3,David Mineboy,9672,23,78.3,2026-10-06T02:35:34
Soraka,4,Cresselia,9457,40,57.5,2026-10-06T02:35:44
Soraka,5,Metryus,8776,40,60.0,2026-10-06T02:35:58
Soraka,6,Red velvet,8809,45,60.0,2026-10-06T02:36:07
Soraka,7,LaionMiti,8513,18,77.8,2026-10-06T02:36:19
Soraka,8,Rarity 天麗,8797,29,65.5,2026-10-06T02:36:29
Soraka,9,nyammi,8417,80,48.8,2026-10-06T02:36:38
Soraka,10,Boy From Omelas,8545,61,57.4,2026-10-06T02:36:48
Soraka,11,Triz,8300,14,71.4,2026-10-06T02:36:59
Soraka,12,BoG Sake,8502,46,56.5,2026-10-06T02:37:08
Soraka,13,Ultima,8246,55,61.8,2026-10-06T02:37:21
Soraka,14,DKS jub,8147,25,68.0,2026-10-06T02:37:32
Soraka,15,Caster23,8097,72,55.6,2026-10-06T02:37:46
Soraka,16,Asteria,7990,69,65.2,2026-10-06T02:37:58
Soraka,17,Ariana Grande,7934,82,57.3,2026-10-06T02:38:13
Soraka,18,莎鱼辣椒,8251,42,61.9,2026-10-06T02:38:41
Soraka,19,NautYourTank,7915,48,60.4,2026-10-06T02:38:56
Soraka,20,Shamanis,8455,174,52.3,2026-10-06T02:39:08
Soraka,21,zyllaws,7888,26,50.0,2026-10-06T02:39:23
Soraka,22,minniie,7770,26,69.2,2026-10-06T02:39:34
Soraka,23,Snow Poison,7749,28,75.0,2026-10-06T02:39:44
Soraka,24,Mariii,7622,14,78.6,2026-10-06T02:39:55
Soraka,25,Ryu,7622,38,76.3,2026-10-06T02:40:03
Soraka,26,Úes Dako,7981,60,58.3,2026-10-06T02:40:13
Soraka,27,一杯冰美式,7569,25,76.0,2026-10-06T02:40:22
Soraka,28,Aurora,7565,61,54.1,2026-10-06T02:40:33
Soraka,29,DonovanNova,7649,55,63.6,2026-10-06T02:40:43
Soraka,30,dior,7933,35,65.7,2026-10-06T02:40:52
Swain,1,Trebortサ,9631,62,48.4,2026-10-06T05:55:26
Swain,2,火焰咩咩锤,9175,33,63.6,2026-10-06T05:55:40
Swain,3,痛太痛了,9082,34,44.1,2026-10-06T05:55:50
Swain,4,Bruxo do Mato,8972,36,52.8,2026-10-06T05:56:05
Swain,5,Jesucristo,8735,75,53.3,2026-10-06T05:56:20
Swain,6,SunStrider,8732,55,52.7,2026-10-06T05:56:31
Swain,7,Too Much Sauce,8578,72,72.2,2026-10-06T05:56:39
Swain,8,YAJGONE,8475,34,58.8,2026-10-06T05:56:54
Swain,9,Bruce Swain,8366,40,62.5,2026-10-06T05:57:06
Swain,10,IronFenix,8167,61,65.6,2026-10-06T05:57:14
Swain,11,EL PARCERO 313,8112,72,48.6,2026-10-06T05:57:25
Swain,12,Jazellion,8189,49,59.2,2026-10-06T05:57:33
Swain,13,elpirulas,7870,23,52.2,2026-10-06T05:57:46
Swain,14,VINGANÇA,7834,107,49.5,2026-10-06T05:58:04
Swain,15,TeNeBris,7705,34,55.9,2026-10-06T05:58:16
Swain,16,purp,7849,54,53.7,2026-10-06T05:58:30
Swain,17,陽Lemillion,7622,56,58.9,2026-10-06T05:58:38
Swain,18,KENT然,7622,52,59.6,2026-10-06T05:58:48
Swain,19,SWAINchy,7884,54,51.9,2026-10-06T05:58:58
Swain,20,LadyGeneral軍魅,7824,42,64.3,2026-10-06T05:59:07
Swain,21,XS Danny,7587,34,58.8,2026-10-06T05:59:19
Swain,22,MattyP,7566,13,76.9,2026-10-06T05:59:28
Swain,23,Plmonster,7640,26,53.8,2026-10-06T05:59:36
Swain,24,Shift,7665,28,42.9,2026-10-06T05:59:46
Swain,25,Makken,7565,72,62.5,2026-10-06T05:59:57
Swain,26,Galaxiazz,7515,74,51.4,2026-10-06T06:00:07
Swain,27,Juanes2905,7436,35,68.6,2026-10-06T06:00:21
Swain,28,TEA FerLuz,7619,106,48.1,2026-10-06T06:00:35
Swain,29,BRMJskskwoo,7746,60,51.7,2026-10-06T06:00:45
Swain,30,DILAN,7671,50,54.0,2026-10-06T06:00:57
Syndra,1,,10271,87,63.2,2026-10-05T14:16:36
Syndra,2,Seigen,9990,45,66.7,2026-10-05T14:17:07
Syndra,3,fawnn,9777,42,66.7,2026-10-05T14:17:42
Syndra,4,Joker shut up,9783,48,70.8,2026-10-05T14:18:07
Syndra,5,Siyao,9631,65,63.1,2026-10-05T14:18:28
Syndra,6,TTK Dark,9550,25,72.0,2026-10-05T14:18:40
Syndra,7,Legit Kaiser,9429,58,63.8,2026-10-05T14:18:58
Syndra,8,runaway,9275,28,64.3,2026-10-05T14:19:13
Syndra,9,TralaleroTralala,9057,24,79.2,2026-10-05T14:19:23
Syndra,10,心付瑶琴,8980,28,71.4,2026-10-05T14:19:36
Syndra,11,delayify,8800,109,62.4,2026-10-05T14:19:48
Syndra,12,Bird of Prey,8533,48,47.9,2026-10-05T14:19:58
Syndra,13,Ultrichvu,8685,42,66.7,2026-10-05T14:20:12
Syndra,14,heavenly,8459,24,75.0,2026-10-05T14:20:26
Syndra,15,BiHell,8516,21,66.7,2026-10-05T14:20:36
Syndra,16,Zelda Spellman,8511,44,63.6,2026-10-05T14:20:48
Syndra,17,Winter is Coming,8785,84,52.4,2026-10-05T14:20:58
Syndra,18,会唱三只小熊的熊熊99,8309,33,69.7,2026-10-05T14:21:13
Syndra,19,GEN CHOV1,8448,28,57.1,2026-10-05T14:21:40
Syndra,20,OTP MID,8342,18,72.2,2026-10-05T14:21:59
Syndra,21,GOD Drush,8407,27,66.7,2026-10-05T14:22:30
Syndra,22,shy,8281,57,59.6,2026-10-05T14:22:46
Syndra,23,Tams,8270,28,67.9,2026-10-05T14:22:58
Syndra,24,Je suis Chris,8218,20,55.0,2026-10-05T14:23:10
Syndra,25,Mumaa,8203,24,66.7,2026-10-05T14:23:21
Syndra,26,Vicccc,8164,37,67.6,2026-10-05T14:23:33
Syndra,27,Megan fox,8154,34,67.6,2026-10-05T14:23:45
Syndra,28,VanüsDimidium,8154,40,70.0,2026-10-05T14:23:55
Syndra,29,Told,8201,23,60.9,2026-10-05T14:24:08
Syndra,30,silêncio,8392,64,51.6,2026-10-05T14:24:18
Taliyah,1,Cu Ké,9534,41,63.4,2026-10-06T08:26:11
Taliyah,2,Mini Soup,9841,62,54.8,2026-10-06T08:26:22
Taliyah,3,Marshmaloi,8989,70,60.0,2026-10-06T08:26:35
Taliyah,4,Zé do Frango,8518,23,69.6,2026-10-06T08:26:47
Taliyah,5,Kingduck,8428,21,71.4,2026-10-06T08:27:15
Taliyah,6,Mast3rpiece2,8763,135,48.1,2026-10-06T08:27:38
Taliyah,7,Told,8389,22,59.1,2026-10-06T08:28:02
Taliyah,8,1neko,8488,72,65.3,2026-10-06T08:28:19
Taliyah,9,H1T wolffnatty,8529,40,50.0,2026-10-06T08:28:30
Taliyah,10,Tmo,8620,209,47.4,2026-10-06T08:28:44
Taliyah,11,KOI RicK,8424,34,67.6,2026-10-06T08:29:01
Taliyah,12,ottoovo,8260,32,78.1,2026-10-06T08:29:10
Taliyah,13,Inarius,8250,14,78.6,2026-10-06T08:29:25
Taliyah,14,ShadowNoir,8165,65,49.2,2026-10-06T08:29:35
Taliyah,15,么GOT么Joiner,8381,23,52.2,2026-10-06T08:29:45
Taliyah,16,Surfistinha,7964,75,50.7,2026-10-06T08:29:55
Taliyah,17,JACARÉ,8008,22,68.2,2026-10-06T08:30:03
Taliyah,18,MKr ※ SAMI,7853,24,62.5,2026-10-06T08:30:15
Taliyah,19,KanaX,7843,22,59.1,2026-10-06T08:30:26
Taliyah,20,TiagoOliveira,7821,51,51.0,2026-10-06T08:30:35
Taliyah,21,Badyu,7769,17,64.7,2026-10-06T08:30:45
Taliyah,22,MDX Zuru,7792,15,73.3,2026-10-06T08:30:54
Taliyah,23,ODISEO,7706,126,59.5,2026-10-06T08:31:18
Taliyah,24,BAROU SHOEI,7671,60,56.7,2026-10-06T08:31:37
Taliyah,25,André Matias,8436,102,52.0,2026-10-06T08:31:50
Taliyah,26,Motokka,7662,29,58.6,2026-10-06T08:32:07
Taliyah,27,REYHADES,7711,30,66.7,2026-10-06T08:32:19
Taliyah,28,Jelios,7539,27,74.1,2026-10-06T08:32:31
Taliyah,29,SonViny,7784,57,52.6,2026-10-06T08:32:42
Taliyah,30,TK ZeKa,7470,18,66.7,2026-10-06T08:32:50
Talon,1,wrvalhalla TTV,10919,21,90.5,2026-10-05T16:06:05
Talon,2,feelings,10271,44,61.4,2026-10-05T16:06:15
Talon,3,PintadoMVP,10076,45,66.7,2026-10-05T16:06:26
Talon,4,Odysseus,10152,42,61.9,2026-10-05T16:06:36
Talon,5,RANK 1,9829,108,61.1,2026-10-05T16:06:49
Talon,6,lust,9773,20,85.0,2026-10-05T16:07:00
Talon,7,Rio,9583,94,54.3,2026-10-05T16:07:12
Talon,8,Novak,9258,28,71.4,2026-10-05T16:07:23
Talon,9,Steven,9167,24,58.3,2026-10-05T16:07:33
Talon,10,OMMY MOMMY ASMR,9160,48,64.6,2026-10-05T16:07:44
Talon,11,Discord dlieyang,9295,36,63.9,2026-10-05T16:07:55
Talon,12,lâminas,8785,46,56.5,2026-10-05T16:08:04
Talon,13,fate,8785,23,91.3,2026-10-05T16:08:15
Talon,14,Marulllll,8522,25,92.0,2026-10-05T16:08:24
Talon,15,李寻欢,8491,30,53.3,2026-10-05T16:08:35
Talon,16,Steyen 47,8377,19,73.7,2026-10-05T16:08:46
Talon,17,Lex,8425,23,69.6,2026-10-05T16:08:56
Talon,18,GEN CHOV1,8327,24,58.3,2026-10-05T16:09:09
Talon,19,Peita Eu,8260,30,76.7,2026-10-05T16:09:21
Talon,20,,8304,12,83.3,2026-10-05T16:09:30
Talon,21,天庭Kamidere,8071,28,46.4,2026-10-05T16:09:41
Talon,22,0827,7970,35,60.0,2026-10-05T16:09:52
Talon,23,尊重我的主要,7915,79,55.7,2026-10-05T16:10:03
Talon,24,niqszz,7775,79,54.4,2026-10-05T16:10:14
Talon,25,Grimm剣六,7682,17,58.8,2026-10-05T16:10:23
Talon,26,Bruxo do Mato,8154,51,58.8,2026-10-05T16:10:34
Talon,27,NIHHIL,7981,93,54.8,2026-10-05T16:10:43
Talon,28,VibeeRater,7864,52,50.0,2026-10-05T16:10:55
Talon,29,GYOMEIHIMEJIMA,5882,17,64.7,2026-10-05T16:11:05
Talon,30,Forbidden,7516,24,70.8,2026-10-05T16:11:16
Teemo,1,亚历山德罗,10031,89,61.8,2026-10-05T19:49:08
Teemo,2,Watchastep,9224,33,57.6,2026-10-05T19:49:18
Teemo,3,Clovis3,9336,60,51.7,2026-10-05T19:49:30
Teemo,4,Big Acer chan sh,9272,92,54.3,2026-10-05T19:49:41
Teemo,5,,9160,88,67.0,2026-10-05T19:49:55
Teemo,6,LukyNettt,8873,101,50.5,2026-10-05T19:50:06
Teemo,7,esquizoide,8912,90,62.2,2026-10-05T19:50:19
Teemo,8,HelsMe,2199,4,50.0,2026-10-05T19:50:35
Teemo,9,BurnBurnBurn,8663,71,67.6,2026-10-05T19:50:45
Teemo,10,stucked,8579,26,61.5,2026-10-05T19:51:00
Teemo,11,TikTok DonElixir,8565,21,66.7,2026-10-05T19:51:13
Teemo,12,Bcoy,8376,25,72.0,2026-10-05T19:51:25
Teemo,13,Spankopolis,8215,62,56.5,2026-10-05T19:51:42
Teemo,14,Teemo de Boca,8079,91,54.9,2026-10-05T19:51:55
Teemo,15,Tzzmo,8047,93,61.3,2026-10-05T19:52:14
Teemo,16,Flowrero,8226,57,61.4,2026-10-05T19:52:32
Teemo,17,Indignado,7995,74,50.0,2026-10-05T19:52:45
Teemo,18,KingMalt,7990,59,55.9,2026-10-05T19:52:57
Teemo,19,Wiz,7941,30,70.0,2026-10-05T19:53:07
Teemo,20,teemo,7970,24,58.3,2026-10-05T19:53:19
Teemo,21,panfrito,7894,23,43.5,2026-10-05T19:53:28
Teemo,22,FishKingJ,7803,85,54.1,2026-10-05T19:53:37
Teemo,23,シンバ,7801,15,53.3,2026-10-05T19:53:51
Teemo,24,2LUAN2,7728,62,67.7,2026-10-05T19:54:04
Teemo,25,jgust,7738,36,69.4,2026-10-05T19:54:13
Teemo,26,Asnuror,7695,46,58.7,2026-10-05T19:54:24
Teemo,27,Durazno,7793,97,59.8,2026-10-05T19:54:33
Teemo,28,chinocln,7671,67,56.7,2026-10-05T19:54:43
Teemo,29,Manga,7655,36,75.0,2026-10-05T19:54:54
Teemo,30,BrUt4mOnTeS,7622,57,64.9,2026-10-05T19:55:03
Thresh,1,miquéias,9922,67,58.2,2026-10-06T06:12:37
Thresh,2,SS Show,9858,62,66.1,2026-10-06T06:12:50
Thresh,3,PHX Guma 火,9828,60,55.0,2026-10-06T06:13:02
Thresh,4,é o noc do vrey,9841,41,68.3,2026-10-06T06:13:16
Thresh,5,PHX kled SWIFT,9534,140,58.6,2026-10-06T06:13:34
Thresh,6,Moonlit Knight,10031,51,64.7,2026-10-06T06:13:46
Thresh,7,Zeus,9590,34,64.7,2026-10-06T06:14:03
Thresh,8,TheStankyPanky,9335,82,62.2,2026-10-06T06:14:17
Thresh,9,Jonasfg,6282,11,72.7,2026-10-06T06:14:25
Thresh,10,Moriii,9105,28,64.3,2026-10-06T06:14:35
Thresh,11,HiroVinny,8998,45,48.9,2026-10-06T06:14:44
Thresh,12,NoVy ArrombaFada,8758,37,64.9,2026-10-06T06:14:55
Thresh,13,MAGO,2592,6,66.7,2026-10-06T06:15:05
Thresh,14,Mazusuki,8647,33,48.5,2026-10-06T06:15:14
Thresh,15,panfrito,8677,25,60.0,2026-10-06T06:15:24
Thresh,16,探金书生,8436,100,53.0,2026-10-06T06:15:34
Thresh,17,87愛,8486,49,53.1,2026-10-06T06:15:46
Thresh,18,Perdón y Gracias,8366,49,69.4,2026-10-06T06:16:03
Thresh,19,Abutre,8260,48,75.0,2026-10-06T06:16:19
Thresh,20,Twoin3D,8469,57,54.4,2026-10-06T06:16:32
Thresh,21,Cat,8175,32,56.2,2026-10-06T06:16:42
Thresh,22,Heeda,8154,31,71.0,2026-10-06T06:16:51
Thresh,23,Sae 신성,8304,27,66.7,2026-10-06T06:17:01
Thresh,24,Mattバカ,8260,74,60.8,2026-10-06T06:17:11
Thresh,25,锤锤不点灯笼,8034,65,61.5,2026-10-06T06:17:20
Thresh,26,NXT Reaper,8097,116,56.9,2026-10-06T06:17:30
Thresh,27,XC5 Luquinha,7986,51,58.8,2026-10-06T06:17:38
Thresh,28,No Te Supporto,8055,21,61.9,2026-10-06T06:17:48
Thresh,29,Fëarias,7835,31,64.5,2026-10-06T06:17:59
Thresh,30,CSF SkyBloody,7834,87,56.3,2026-10-06T06:18:09
Tristana,1,Gatita De Coco,10271,83,49.4,2026-10-05T19:36:41
Tristana,2,GGCRISTHIAN,7115,17,47.1,2026-10-05T19:36:53
Tristana,3,HappyPurgeDay,9603,25,68.0,2026-10-05T19:37:06
Tristana,4,Kino縁,9260,28,60.7,2026-10-05T19:37:17
Tristana,5,Constroy,9160,33,81.8,2026-10-05T19:40:10
Tristana,6,stenio latario,8999,85,50.6,2026-10-05T19:40:25
Tristana,7,AnJse,9264,44,63.6,2026-10-05T19:40:34
Tristana,8,The Mentalist,8939,81,60.5,2026-10-05T19:42:48
Tristana,9,CorvoX NoF34r,8845,28,75.0,2026-10-05T19:43:43
Tristana,10,爱恨燃尽,8824,46,65.2,2026-10-05T19:44:08
Tristana,11,TTK VAYNE JULIET,8785,37,62.2,2026-10-05T19:44:50
Tristana,12,Oceangameplay777,8583,40,57.5,2026-10-05T19:45:12
Tristana,13,157agiota,8534,104,54.8,2026-10-05T19:45:26
Tristana,14,KICK draca1S,8475,30,46.7,2026-10-05T19:45:37
Tristana,15,Anão,8280,25,56.0,2026-10-05T19:45:47
Tristana,16,Gatoskyy,8158,32,53.1,2026-10-05T19:45:58
Tristana,17,Versawr,8158,26,61.5,2026-10-05T19:46:09
Tristana,18,小不忍则卖大萌,7834,69,59.4,2026-10-05T19:46:18
Tristana,19,TTK BATISTA,7884,33,45.5,2026-10-05T19:46:29
Tristana,20,EloBoost13,7863,15,60.0,2026-10-05T19:46:40
Tristana,21,Ryujing,7846,28,60.7,2026-10-05T19:46:52
Tristana,22,Albany海,7897,18,61.1,2026-10-05T19:47:04
Tristana,23,JuanRe29,7761,46,69.6,2026-10-05T19:47:14
Tristana,24,Ainz Ooal Gunter,7720,80,56.2,2026-10-05T19:47:26
Tristana,25,stories,7566,18,66.7,2026-10-05T19:47:41
Tristana,26,HULK,2242,6,0.0,2026-10-05T19:47:50
Tristana,27,被强煎的蛋,7484,37,70.3,2026-10-05T19:48:01
Tristana,28,Tristana01,7515,36,63.9,2026-10-05T19:48:11
Tristana,29,Megaleleu,7489,25,52.0,2026-10-05T19:48:28
Tristana,30,RNG Rekkless,7565,66,59.1,2026-10-05T19:48:39
Tryndamere,1,Jungling is Easy,9840,40,82.5,2026-10-05T12:31:01
Tryndamere,2,UNGLACARECHIMBA,9160,305,48.5,2026-10-05T12:31:29
Tryndamere,3,SMMJUDAS,8928,121,45.5,2026-10-05T12:31:46
Tryndamere,4,Dios Motax cv,8785,83,54.2,2026-10-05T12:31:59
Tryndamere,5,sued neur,8785,62,50.0,2026-10-05T12:32:18
Tryndamere,6,Chica guapa,8813,117,56.4,2026-10-05T12:32:31
Tryndamere,7,Bkey,8316,22,68.2,2026-10-05T12:32:47
Tryndamere,8,boobytrap,8414,155,53.5,2026-10-05T12:33:00
Tryndamere,9,Immolate,7671,78,64.1,2026-10-05T12:33:12
Tryndamere,10,UTM KoreanoWB,1888,1,0.0,2026-10-05T12:33:29
Tryndamere,11,Onetwotwo,7515,54,63.0,2026-10-05T12:33:44
Tryndamere,12,RUSH,7512,25,64.0,2026-10-05T12:33:54
Tryndamere,13,SonecaFuT,7508,14,57.1,2026-10-05T12:34:10
Tryndamere,14,Miojin,7792,51,52.9,2026-10-05T12:34:23
Tryndamere,15,Ooga Booga,2266,7,42.9,2026-10-05T12:34:40
Tryndamere,16,Conrado,7352,35,71.4,2026-10-05T12:34:51
Tryndamere,17,Takaaki,7409,59,61.0,2026-10-05T12:35:03
Tryndamere,18,Magallanes,7356,45,51.1,2026-10-05T12:35:29
Tryndamere,19,Imuzsa TR,7515,175,53.7,2026-10-05T12:35:45
Tryndamere,20,KaziMonstro,7663,84,47.6,2026-10-05T12:35:58
Tryndamere,21,ARCANe,7834,121,52.1,2026-10-05T12:36:12
Tryndamere,22,ESCANOR誇,7277,39,51.3,2026-10-05T12:36:28
Tryndamere,23,Rankar,7404,93,52.7,2026-10-05T12:37:02
Tryndamere,24,Divide,7455,124,68.5,2026-10-05T12:37:35
Tryndamere,25,Qrow,7190,117,55.6,2026-10-05T12:37:58
Tryndamere,26,neur sued,7377,62,59.7,2026-10-05T12:38:15
Tryndamere,27,PACCO,7178,42,59.5,2026-10-05T12:38:40
Tryndamere,28,Maxterix,7069,63,60.3,2026-10-05T12:39:13
Tryndamere,29,Vitale LDR,7479,58,50.0,2026-10-05T12:39:40
Tryndamere,30,Maou,7001,80,55.0,2026-10-05T12:40:04
Twisted Fate,1,Fighter,10031,114,51.8,2026-10-05T14:24:40
Twisted Fate,2,phenomenon,9720,35,65.7,2026-10-05T14:24:52
Twisted Fate,3,Dice,9761,48,66.7,2026-10-05T14:26:37
Twisted Fate,4,NightEye,9190,51,56.9,2026-10-05T14:27:04
Twisted Fate,5,CLS Holy,8869,64,64.1,2026-10-05T14:27:26
Twisted Fate,6,Apèx100,8785,31,87.1,2026-10-05T14:27:47
Twisted Fate,7,chinallue,8735,67,61.2,2026-10-05T14:28:03
Twisted Fate,8,iCuyabro,8579,28,71.4,2026-10-05T14:28:27
Twisted Fate,9,Hiro,8778,94,54.3,2026-10-05T14:28:48
Twisted Fate,10,kevin,8579,50,52.0,2026-10-05T14:29:12
Twisted Fate,11,F4te,8579,46,67.4,2026-10-05T14:29:31
Twisted Fate,12,Janshun,8476,79,57.0,2026-10-05T14:29:42
Twisted Fate,13,God Gem Rhito,8210,34,55.9,2026-10-05T14:29:55
Twisted Fate,14,hiamsangggg,8268,74,60.8,2026-10-05T14:30:05
Twisted Fate,15,Chmthôi TaoGià,7969,166,57.2,2026-10-05T14:30:17
Twisted Fate,16,Kero dar o kul,8050,18,72.2,2026-10-05T14:30:29
Twisted Fate,17,iGabo,7834,72,66.7,2026-10-05T14:30:39
Twisted Fate,18,AL pradaone,7907,37,67.6,2026-10-05T14:30:52
Twisted Fate,19,SLQ Ma Tôn,7784,33,63.6,2026-10-05T14:31:03
Twisted Fate,20,Siyao,7560,18,50.0,2026-10-05T14:31:16
Twisted Fate,21,Tremol,8042,99,56.6,2026-10-05T14:31:29
Twisted Fate,22,VlottCulikeke 大好,7865,46,58.7,2026-10-05T14:31:39
Twisted Fate,23,Puro Osso,7395,82,56.1,2026-10-05T14:31:52
Twisted Fate,24,TapiocaJuice,7585,61,50.8,2026-10-05T14:32:05
Twisted Fate,25,亞洲瘋狗,7226,37,64.9,2026-10-05T14:32:15
Twisted Fate,26,Gold Card,7186,48,58.3,2026-10-05T14:32:27
Twisted Fate,27,VAPO,7165,50,60.0,2026-10-05T14:32:37
Twisted Fate,28,Ihave no enemies,7091,12,50.0,2026-10-05T14:32:50
Twisted Fate,30,suicide,7276,87,55.2,2026-10-05T14:34:24
Twitch,1,QMA Blessed,10911,31,67.7,2026-10-05T20:43:02
Twitch,2,Pega o Pombo,10271,75,53.3,2026-10-05T20:43:16
Twitch,3,RATDIFF,10271,110,55.5,2026-10-05T20:43:38
Twitch,4,EzzaRP 喜忠,10271,60,66.7,2026-10-05T20:44:02
Twitch,5,Ghosthaunted,9784,45,68.9,2026-10-05T20:45:01
Twitch,6,Spray and Pray,9570,86,55.8,2026-10-05T20:45:40
Twitch,7,buerooo157,9534,139,59.7,2026-10-05T20:46:10
Twitch,8,ĀnChayKiêngRau,8826,31,71.0,2026-10-05T20:46:31
Twitch,9,Darkill,8797,39,56.4,2026-10-05T20:46:51
Twitch,10,SouthFae,8785,28,67.9,2026-10-05T20:47:10
Twitch,11,L9 ONE LASTGLIDE,8785,44,59.1,2026-10-05T20:47:23
Twitch,12,Verzide,8785,44,54.5,2026-10-05T20:47:39
Twitch,13,Rato de Recife,8579,50,54.0,2026-10-05T20:47:56
Twitch,14,Gabimaru O Rato,8579,43,51.2,2026-10-05T20:48:09
Twitch,15,qwq7给我一个机会,8898,53,50.9,2026-10-05T20:48:22
Twitch,16,Ratozica,8677,122,59.0,2026-10-05T20:48:34
Twitch,17,XMØRALESX,8472,58,55.2,2026-10-05T20:48:43
Twitch,18,GZ Traitør 1vs9,8470,29,62.1,2026-10-05T20:48:54
Twitch,19,Mestre Do Cuscuz,8429,75,61.3,2026-10-05T20:49:05
Twitch,20,Quin Shi Huang,8309,75,58.7,2026-10-05T20:49:15
Twitch,21,DenverRealtor,8366,59,55.9,2026-10-05T20:49:30
Twitch,22,Feeder Parker99,4323,3,33.3,2026-10-05T20:49:40
Twitch,23,Dinho CLT,8256,60,55.0,2026-10-05T20:49:50
Twitch,24,1TrueHero,8231,28,75.0,2026-10-05T20:50:01
Twitch,25,寂寞单排,8540,81,45.7,2026-10-05T20:50:12
Twitch,26,Tayggan,7954,29,58.6,2026-10-05T20:50:22
Twitch,27,Yasuo Krueger,7941,86,53.5,2026-10-05T20:50:35
Twitch,28,秋意浓,7853,62,56.5,2026-10-05T20:50:47
Twitch,29,Lowprofile7,7834,48,60.4,2026-10-05T20:50:57
Twitch,30,月藏在雲後,7842,25,68.0,2026-10-05T20:51:08
Urgot,1,Fxc316,10135,76,56.6,2026-10-06T02:58:50
Urgot,2,,9355,26,61.5,2026-10-06T02:59:04
Urgot,3,CS GOAT,8973,60,60.0,2026-10-06T02:59:17
Urgot,4,The Craven king,8985,97,55.7,2026-10-06T02:59:29
Urgot,5,Guilleh,8983,76,46.1,2026-10-06T02:59:48
Urgot,6,CAVALO DE TRÓIA,8857,143,58.0,2026-10-06T03:00:06
Urgot,7,Pingo Doce,8685,103,44.7,2026-10-06T03:00:14
Urgot,8,하쿠나마타타,8579,48,68.8,2026-10-06T03:00:25
Urgot,9,KRXYMXN,8316,26,53.8,2026-10-06T03:00:33
Urgot,10,QMA Sauto,8309,59,61.0,2026-10-06T03:00:44
Urgot,11,ACE,8416,75,57.3,2026-10-06T03:00:55
Urgot,12,ホSETHホ,8097,30,56.7,2026-10-06T03:01:04
Urgot,13,ChildrenOfBodom,7834,22,68.2,2026-10-06T03:01:15
Urgot,14,ironsuperman,7798,37,75.7,2026-10-06T03:01:24
Urgot,15,Grátis 150ml,8088,39,59.0,2026-10-06T03:01:36
Urgot,16,Transcendence,7762,49,51.0,2026-10-06T03:01:48
Urgot,17,TCS3go the exile,7676,47,51.1,2026-10-06T03:02:00
Urgot,18,Urgot47,7968,199,49.2,2026-10-06T03:02:16
Urgot,19,UrgotTetudo,7565,92,59.8,2026-10-06T03:02:28
Urgot,20,CYBER GOD,7565,57,49.1,2026-10-06T03:02:37
Urgot,21,CZ Nasus地獄,7515,47,57.4,2026-10-06T03:02:47
Urgot,22,LALIN,7550,81,51.9,2026-10-06T03:02:56
Urgot,23,YORLLOFF,7530,61,57.4,2026-10-06T03:03:06
Urgot,24,Urgotcito,7350,97,47.4,2026-10-06T03:03:16
Urgot,25,Kanox,7329,41,56.1,2026-10-06T03:03:25
Urgot,26,C3 Jôkers,7528,75,52.0,2026-10-06T03:03:39
Urgot,27,An0nymyOus,7303,40,75.0,2026-10-06T03:03:47
Urgot,28,Ur God,7342,62,48.4,2026-10-06T03:03:57
Urgot,29,CHARKO,7275,23,47.8,2026-10-06T03:04:09
Urgot,30,SirSâlvatore,7264,32,75.0,2026-10-06T03:04:20
Varus,1,HOMME,10056,31,64.5,2026-10-06T02:17:40
Varus,2,Klover,10024,55,52.7,2026-10-06T02:17:54
Varus,3,我提笔不为离愁,5999,25,44.0,2026-10-06T02:18:05
Varus,4,JIN YOUNG,4959,6,83.3,2026-10-06T02:18:18
Varus,5,Odd,9420,78,59.0,2026-10-06T02:18:36
Varus,6,Merlin #Rr,9665,70,51.4,2026-10-06T02:18:49
Varus,7,Tiktok Argo,9312,29,65.5,2026-10-06T02:18:57
Varus,8,never type,9268,41,58.5,2026-10-06T02:19:08
Varus,9,椎名真昼,8845,73,68.5,2026-10-06T02:19:18
Varus,10,TroubleMaker,8785,47,66.0,2026-10-06T02:19:26
Varus,11,Jokes,8673,114,50.9,2026-10-06T02:19:36
Varus,12,Lwx,8579,28,67.9,2026-10-06T02:19:45
Varus,13,ST Kotz,8394,41,48.8,2026-10-06T02:19:55
Varus,14,2D LEAL,8260,28,75.0,2026-10-06T02:20:06
Varus,15,Ezisty,8345,43,62.8,2026-10-06T02:20:14
Varus,16,XTB DQ,8156,17,58.8,2026-10-06T02:20:27
Varus,17,TDT ÛιτîmΛτε Λxι,8114,28,50.0,2026-10-06T02:20:43
Varus,18,Hope,8133,33,75.8,2026-10-06T02:20:54
Varus,19,TDT Mute,8175,12,75.0,2026-10-06T02:21:10
Varus,20,OWNMYENEMIES,7968,30,66.7,2026-10-06T02:21:21
Varus,21,flare,7950,26,73.1,2026-10-06T02:21:29
Varus,22,my name is hope,7963,25,56.0,2026-10-06T02:21:40
Varus,23,True Crime,7834,114,55.3,2026-10-06T02:21:48
Varus,24,Surgin,7834,37,67.6,2026-10-06T02:21:59
Varus,25,underground,7834,31,61.3,2026-10-06T02:22:09
Varus,26,炎心 kiritoz,7834,43,60.5,2026-10-06T02:22:17
Varus,27,ÅnChayKiêngRau,7966,21,61.9,2026-10-06T02:22:29
Varus,28,Sir Van Witcher,7713,10,80.0,2026-10-06T02:22:38
Varus,29,MetalSiempre,7638,33,63.6,2026-10-06T02:22:46
Varus,30,Jenaro,7544,42,61.9,2026-10-06T02:22:56
Vayne,1,Xavierr,10031,35,60.0,2026-10-05T11:16:37
Vayne,2,Deus Pato I,4043,8,50.0,2026-10-05T11:16:47
Vayne,3,Rob luchy,9814,39,51.3,2026-10-05T11:16:58
Vayne,4,Crzay Station,9347,39,74.4,2026-10-05T11:17:08
Vayne,5,DM Con Chut,9116,52,63.5,2026-10-05T11:17:21
Vayne,6,Honeybee EZ,9091,38,47.4,2026-10-05T11:17:31
Vayne,7,Chaugnar666,9064,48,52.1,2026-10-05T11:17:43
Vayne,8,AlsahHim永,8785,21,81.0,2026-10-05T11:17:54
Vayne,9,Sk Teddy,8747,51,66.7,2026-10-05T11:18:03
Vayne,10,好中意你啊,8851,35,65.7,2026-10-05T11:18:13
Vayne,11,Anão,8734,30,70.0,2026-10-05T11:18:22
Vayne,12,夜Vayne夜,8579,110,56.4,2026-10-05T11:18:32
Vayne,13,梦里与她相遇,8205,28,57.1,2026-10-05T11:18:43
Vayne,14,M4gnet,8260,46,67.4,2026-10-05T11:18:52
Vayne,15,TREMX,8397,122,54.1,2026-10-05T11:19:19
Vayne,16,Vayne Of Golden,8366,48,60.4,2026-10-05T11:19:46
Vayne,17,crystal castles,8103,25,64.0,2026-10-05T11:20:06
Vayne,18,HxH Chrolloo,8030,49,63.3,2026-10-05T11:20:26
Vayne,19,Kush on bush,7970,78,52.6,2026-10-05T11:20:36
Vayne,20,Tqho,5826,17,70.6,2026-10-05T11:20:50
Vayne,21,The HMFIC,8234,53,62.3,2026-10-05T11:20:59
Vayne,22,CEREZA,7941,31,67.7,2026-10-05T11:21:08
Vayne,23,SOPINHA the HERO,7938,25,72.0,2026-10-05T11:21:21
Vayne,24,Enes Kanter,7884,85,56.5,2026-10-05T11:21:34
Vayne,25,Useless support,7874,14,64.3,2026-10-05T11:21:42
Vayne,26,徹 Kotetsu,7852,12,83.3,2026-10-05T11:21:54
Vayne,27,Luc charmoso,8001,72,65.3,2026-10-05T11:22:03
Vayne,28,ALEIXO隼,7825,86,54.7,2026-10-05T11:22:15
Vayne,29,WS T Maceta,7766,36,52.8,2026-10-05T11:22:27
Vayne,30,AYNESSA CAMARGO,7702,16,56.2,2026-10-05T11:22:36
Veigar,1,Vergill,8877,47,44.7,2026-10-06T05:31:30
Veigar,2,carloneytor161,8619,64,57.8,2026-10-06T05:31:39
Veigar,3,NAO AGACHA,8309,75,57.3,2026-10-06T05:31:55
Veigar,4,T3C0望,7800,48,52.1,2026-10-06T05:32:08
Veigar,5,终焉Mińgwæńg,7772,57,54.4,2026-10-06T05:32:28
Veigar,6,El Miauuu,7760,62,67.7,2026-10-06T05:32:45
Veigar,7,aAtNasiO,7529,20,65.0,2026-10-06T05:33:00
Veigar,8,Money2012,7484,63,65.1,2026-10-06T05:33:12
Veigar,9,Nicktssenf,7685,47,63.8,2026-10-06T05:33:23
Veigar,10,PERROT,7574,43,51.2,2026-10-06T05:33:34
Veigar,11,CHIRRETE,7392,49,59.2,2026-10-06T05:33:44
Veigar,12,EspiritunoSanto,7955,77,57.1,2026-10-06T05:33:52
Veigar,13,odd eye circle,7447,31,58.1,2026-10-06T05:34:02
Veigar,14,AndresTxus,7586,108,46.3,2026-10-06T05:34:10
Veigar,15,Marin WR Tiktok,7748,69,49.3,2026-10-06T05:34:20
Veigar,16,Señorita Wesker,7367,71,47.9,2026-10-06T05:34:31
Veigar,17,Piercey9,7058,29,51.7,2026-10-06T05:34:42
Veigar,18,Eu Sou o Mal ASP,7041,25,64.0,2026-10-06T05:34:56
Veigar,19,Crawley Kllaus,7019,36,63.9,2026-10-06T05:35:08
Veigar,20,AXE DEATH,7150,80,53.8,2026-10-06T05:35:21
Veigar,21,本尊Zed,7133,86,54.7,2026-10-06T05:35:31
Veigar,22,Gutierritz99,6945,56,60.7,2026-10-06T05:35:39
Veigar,23,MordekulosWR,6929,65,60.0,2026-10-06T05:35:50
Veigar,24,Rb o Supervilão,6784,71,50.7,2026-10-06T05:36:00
Veigar,25,Tk Morningstar,6985,45,46.7,2026-10-06T05:36:08
Veigar,26,Sir Vitu,6797,52,55.8,2026-10-06T05:36:18
Veigar,27,Abura,6787,64,56.2,2026-10-06T05:36:26
Veigar,28,LULA LADRÃO,6789,77,61.0,2026-10-06T05:36:36
Veigar,29,Bandettoban,6765,72,56.9,2026-10-06T05:36:46
Veigar,30,Supshake1111,7089,64,46.9,2026-10-06T05:36:55
Vel'Koz,1,AsB TrUeBlOoD,8194,46,56.5,2026-10-06T06:07:11
Vel'Koz,2,Exulansis,8256,51,60.8,2026-10-06T06:07:20
Vel'Koz,3,Calientito,8309,117,47.0,2026-10-06T06:07:34
Vel'Koz,4,Black Wizard,8098,41,56.1,2026-10-06T06:07:43
Vel'Koz,5,IJI,8202,125,56.0,2026-10-06T06:07:55
Vel'Koz,6,dianinha,7985,56,64.3,2026-10-06T06:08:04
Vel'Koz,7,Brownie,7884,65,61.5,2026-10-06T06:08:15
Vel'Koz,8,xMERUEMx,7941,55,56.4,2026-10-06T06:08:25
Vel'Koz,9,Preciso De Gank,7738,21,57.1,2026-10-06T06:08:33
Vel'Koz,10,Velkoz Rising,7770,41,63.4,2026-10-06T06:08:45
Vel'Koz,11,dirty ded d dirt,7728,30,83.3,2026-10-06T06:08:57
Vel'Koz,12,Noé e as 4 Mulas,7929,27,59.3,2026-10-06T06:09:10
Vel'Koz,13,davisillo,7834,63,58.7,2026-10-06T06:09:25
Vel'Koz,14,CassiusClay,7622,54,61.1,2026-10-06T06:09:37
Vel'Koz,15,油锸潮汕彭于晏他冯的烂臭,7605,33,51.5,2026-10-06T06:09:49
Vel'Koz,16,Chinh chm cám,7515,97,49.5,2026-10-06T06:09:59
Vel'Koz,17,GodsEye,7468,21,76.2,2026-10-06T06:10:07
Vel'Koz,18,aAtNasiO,7366,34,41.2,2026-10-06T06:10:17
Vel'Koz,19,Jubscreisu,7358,19,63.2,2026-10-06T06:10:27
Vel'Koz,20,I am changing,7352,60,63.3,2026-10-06T06:10:36
Vel'Koz,21,Guteros,7352,52,69.2,2026-10-06T06:10:46
Vel'Koz,22,OTPvel,7297,53,64.2,2026-10-06T06:10:54
Vel'Koz,23,Noon,7262,20,65.0,2026-10-06T06:11:04
Vel'Koz,24,IGROOUVE,7246,70,52.9,2026-10-06T06:11:14
Vel'Koz,25,Ragnar Lodbrok,7501,85,58.8,2026-10-06T06:11:22
Vel'Koz,26,Fúria,7324,69,56.5,2026-10-06T06:11:39
Vel'Koz,27,YMC GrumpyBee,7157,10,80.0,2026-10-06T06:11:50
Vel'Koz,28,Los Odio,7409,112,58.0,2026-10-06T06:11:58
Vel'Koz,29,NISHIMARU,7031,36,58.3,2026-10-06T06:12:09
Vel'Koz,30,DawnAmaranthe,7268,82,61.0,2026-10-06T06:12:20
Vex,1,easymoneysniper,10271,73,63.0,2026-10-06T08:14:39
Vex,2,TheKingOkami,9226,24,62.5,2026-10-06T08:14:54
Vex,3,猫Krøxhý,9347,78,50.0,2026-10-06T08:15:07
Vex,4,Techboy19,8587,58,60.3,2026-10-06T08:15:26
Vex,5,Gótica Fogosa,8154,15,60.0,2026-10-06T08:15:42
Vex,6,erickmarcelopy,8154,46,54.3,2026-10-06T08:15:51
Vex,7,otp vex,8113,132,59.1,2026-10-06T08:16:01
Vex,8,Gonzaga,7913,106,52.8,2026-10-06T08:16:12
Vex,9,SnoozE,7802,28,60.7,2026-10-06T08:16:20
Vex,10,Vex mi novia,7553,55,49.1,2026-10-06T08:16:32
Vex,11,Faker,7510,29,58.6,2026-10-06T08:16:44
Vex,12,Solo millos,7285,36,66.7,2026-10-06T08:16:52
Vex,13,Godspell,7196,72,51.4,2026-10-06T08:17:02
Vex,14,xCVector,7226,30,73.3,2026-10-06T08:17:10
Vex,15,Vicenttex,7279,34,58.8,2026-10-06T08:17:20
Vex,16,xMERUEMx,7338,31,61.3,2026-10-06T08:17:31
Vex,17,phelp0,7119,84,58.3,2026-10-06T08:17:44
Vex,18,axelados,7040,21,57.1,2026-10-06T08:17:59
Vex,19,emy,7021,32,50.0,2026-10-06T08:18:13
Vex,20,Cuguloso,7019,13,84.6,2026-10-06T08:18:26
Vex,21,MalandrinhoWP,7324,104,53.8,2026-10-06T08:18:37
Vex,22,MidnightRevenger,6892,53,41.5,2026-10-06T08:18:45
Vex,23,Ruby,6870,35,51.4,2026-10-06T08:18:57
Vex,24,Kyyns,6833,40,57.5,2026-10-06T08:19:06
Vex,25,tomachimalone,7061,12,58.3,2026-10-06T08:19:14
Vex,26,Chapeu triste,3264,14,64.3,2026-10-06T08:19:24
Vex,27,ACERO GALATICO,7061,32,62.5,2026-10-06T08:19:34
Vex,28,Francisco220307,6965,75,45.3,2026-10-06T08:19:42
Vex,29,Lemon squeezy,6830,50,58.0,2026-10-06T08:19:53
Vex,30,John Wicks Dog,7099,25,68.0,2026-10-06T08:20:02
Vi,1,16420,10525,56,69.6,2026-10-05T20:17:43
Vi,2,AznSyko34,10208,79,57.0,2026-10-05T20:18:06
Vi,3,碎碎念,9974,32,78.1,2026-10-05T20:18:34
Vi,4,朱莉娅花,9697,46,54.3,2026-10-05T20:18:55
Vi,5,Crysis Dream,9534,66,65.2,2026-10-05T20:19:28
Vi,6,YT WildRiftALONE,9333,34,55.9,2026-10-05T20:19:42
Vi,7,CN Deric,9145,21,71.4,2026-10-05T20:19:56
Vi,8,Jungling is Easy,9523,59,55.9,2026-10-05T20:20:08
Vi,9,JotaMP,8979,39,53.8,2026-10-05T20:20:19
Vi,10,CoavasMaster,8953,24,41.7,2026-10-05T20:20:33
Vi,11,JUVE Santzs,8892,25,48.0,2026-10-05T20:20:46
Vi,12,BruteOni,8825,67,53.7,2026-10-05T20:20:56
Vi,13,책스온부시,8989,50,66.0,2026-10-05T20:21:10
Vi,14,Bu yao ma ren,9036,175,52.0,2026-10-05T20:21:23
Vi,15,WW ONLY FANS,8919,32,46.9,2026-10-05T20:21:33
Vi,16,O Mochileiiro,8581,94,56.4,2026-10-05T20:21:50
Vi,17,BrandonBBC,8579,36,69.4,2026-10-05T20:22:06
Vi,18,Love Shen,8516,23,56.5,2026-10-05T20:22:17
Vi,19,AbueloWR,8513,24,58.3,2026-10-05T20:22:30
Vi,20,Loid NG,8383,28,57.1,2026-10-05T20:22:44
Vi,21,一个路人,8524,46,60.9,2026-10-05T20:22:54
Vi,22,pahua,8785,44,56.8,2026-10-05T20:23:07
Vi,23,5K CubanitoPa,8579,53,47.2,2026-10-05T20:23:18
Vi,24,yoon is back,8579,66,47.0,2026-10-05T20:23:38
Vi,25,ArturoC,8260,38,57.9,2026-10-05T20:23:56
Vi,26,Sticky Goop,8341,15,86.7,2026-10-05T20:24:11
Vi,27,Mago louco,8260,58,58.6,2026-10-05T20:24:33
Vi,28,gildon,8356,19,73.7,2026-10-05T20:24:53
Vi,29,Darq,8062,17,58.8,2026-10-05T20:25:10
Vi,30,Yonzu,8019,63,52.4,2026-10-05T20:25:28
Viego,1,REN蒼,11486,32,75.0,2026-10-05T21:17:51
Viego,2,yenyxa,10271,66,60.6,2026-10-05T21:18:12
Viego,3,shxme,10031,26,76.9,2026-10-05T21:18:38
Viego,4,Viniego,9534,34,67.6,2026-10-05T21:18:55
Viego,5,Denji 波喬,9214,29,69.0,2026-10-05T21:19:15
Viego,6,死Ainz ooal gown,9134,39,59.0,2026-10-05T21:19:26
Viego,7,NBDL Gara 愛,4529,5,60.0,2026-10-05T21:19:50
Viego,8,Just Viego,8864,66,47.0,2026-10-05T21:20:06
Viego,9,self control,8788,20,55.0,2026-10-05T21:20:20
Viego,10,Raziel,8785,67,61.2,2026-10-05T21:20:37
Viego,11,Pitú,8589,37,48.6,2026-10-05T21:20:54
Viego,12,DLay,8320,24,66.7,2026-10-05T21:21:09
Viego,13,tik tok soixime,8579,73,47.9,2026-10-05T21:21:31
Viego,14,C3 Blanc,8509,34,52.9,2026-10-05T21:21:44
Viego,15,MTE Cachi,8288,23,60.9,2026-10-05T21:21:58
Viego,16,FizzOuFeed,8685,132,46.2,2026-10-05T21:22:09
Viego,17,ItsLamarck,8233,42,57.1,2026-10-05T21:22:18
Viego,18,深深的空虚,9160,109,56.0,2026-10-05T21:22:28
Viego,19,Justinn,8213,16,68.8,2026-10-05T21:22:39
Viego,20,xpedroxl,8087,69,55.1,2026-10-05T21:22:48
Viego,21,ceifadopelosatan,8032,51,64.7,2026-10-05T21:22:59
Viego,22,akiraS2,8154,56,62.5,2026-10-05T21:23:08
Viego,23,felipe boladão,8013,28,57.1,2026-10-05T21:23:19
Viego,24,I Am Rhaasista,7986,34,61.8,2026-10-05T21:23:32
Viego,25,天庭Kamidere,8146,23,65.2,2026-10-05T21:23:43
Viego,26,Anxiety,7939,19,52.6,2026-10-05T21:24:01
Viego,27,cortesrasos,7889,32,62.5,2026-10-05T21:24:16
Viego,28,InuYasha,8159,70,50.0,2026-10-05T21:24:28
Viego,29,ZOMBOR,7814,21,66.7,2026-10-05T21:24:43
Viego,30,Parmindo da Zona,7815,33,60.6,2026-10-05T21:24:55
Viktor,1,Hedgehog,9195,85,45.9,2026-10-06T08:20:25
Viktor,2,么GOT么Joiner,8906,26,57.7,2026-10-06T08:20:36
Viktor,3,Lokura Pasional,7999,27,55.6,2026-10-06T08:20:52
Viktor,4,Fxc316,7621,67,44.8,2026-10-06T08:21:05
Viktor,5,Nightfall,7642,43,53.5,2026-10-06T08:21:20
Viktor,6,打野没那个,7687,39,64.1,2026-10-06T08:21:31
Viktor,7,Bouton,7446,26,61.5,2026-10-06T08:21:46
Viktor,8,angel,7455,27,66.7,2026-10-06T08:21:56
Viktor,9,AlexRMC,7565,46,65.2,2026-10-06T08:22:04
Viktor,10,Banikz,7315,25,60.0,2026-10-06T08:22:14
Viktor,11,Yoriichi Rocha,7466,53,64.2,2026-10-06T08:22:24
Viktor,12,BHHeQUEMM,7197,46,65.2,2026-10-06T08:22:33
Viktor,13,CoQaBoki,6993,18,72.2,2026-10-06T08:22:43
Viktor,14,Eldryn,6918,18,72.2,2026-10-06T08:22:52
Viktor,15,ViAjeRo,6940,61,62.3,2026-10-06T08:23:02
Viktor,16,Viktor e Hwei,6873,91,48.4,2026-10-06T08:23:12
Viktor,17,PandaZoiudo,6878,26,61.5,2026-10-06T08:23:20
Viktor,18,King,2250,4,75.0,2026-10-06T08:23:35
Viktor,19,Arcano,7007,43,74.4,2026-10-06T08:23:47
Viktor,20,GenkaiiYT,6738,46,52.2,2026-10-06T08:24:02
Viktor,21,Patrick Jane,7171,70,58.6,2026-10-06T08:24:16
Viktor,22,Himaytaro,7066,32,56.2,2026-10-06T08:24:24
Viktor,23,Wizarpro,6720,21,57.1,2026-10-06T08:24:34
Viktor,24,Oberoon,6692,22,72.7,2026-10-06T08:24:46
Viktor,25,SileSé,6708,67,53.7,2026-10-06T08:24:55
Viktor,26,Didakh23,6774,91,52.7,2026-10-06T08:25:08
Viktor,27,Developer,6595,14,85.7,2026-10-06T08:25:16
Viktor,28,Zashy,7090,128,49.2,2026-10-06T08:25:27
Viktor,29,KOKO,6552,14,42.9,2026-10-06T08:25:37
Vladimir,1,Chile,10271,37,70.3,2026-10-06T01:41:39
Vladimir,2,Bathory,10271,61,59.0,2026-10-06T01:41:48
Vladimir,3,Goose em tu,9891,73,61.6,2026-10-06T01:41:58
Vladimir,4,HanSoloQ,9963,54,61.1,2026-10-06T01:42:13
Vladimir,5,Thragg,9800,27,74.1,2026-10-06T01:42:27
Vladimir,6,痛太痛了,9740,58,58.6,2026-10-06T01:42:39
Vladimir,7,angel,9524,47,55.3,2026-10-06T01:42:52
Vladimir,8,一直在我的右边吧,9301,57,56.1,2026-10-06T01:43:04
Vladimir,9,this,9238,32,75.0,2026-10-06T01:43:14
Vladimir,10,ITS OV3R 9000,9120,47,61.7,2026-10-06T01:43:26
Vladimir,11,DarKtail,9160,69,69.6,2026-10-06T01:43:38
Vladimir,12,FA HALLS,9099,80,51.2,2026-10-06T01:43:50
Vladimir,13,,9083,33,51.5,2026-10-06T01:44:01
Vladimir,14,Xbatão,8878,52,71.2,2026-10-06T01:44:09
Vladimir,15,El Toro槌罌,8937,47,70.2,2026-10-06T01:44:19
Vladimir,16,ABYSS,8579,35,68.6,2026-10-06T01:44:29
Vladimir,17,12978143536 job,8579,40,60.0,2026-10-06T01:44:38
Vladimir,18,Vergill,8776,47,61.7,2026-10-06T01:44:55
Vladimir,19,BoG Ulki,8785,89,55.1,2026-10-06T01:45:12
Vladimir,20,Poker,8579,76,59.2,2026-10-06T01:45:24
Vladimir,21,HaltT,8510,64,64.1,2026-10-06T01:45:35
Vladimir,22,qwqHuy,8454,17,64.7,2026-10-06T01:45:43
Vladimir,23,RICHTOFEN,8685,54,57.4,2026-10-06T01:45:54
Vladimir,24,Crucified,8448,36,47.2,2026-10-06T01:46:04
Vladimir,25,827827,8785,40,67.5,2026-10-06T01:46:12
Vladimir,26,EAPOLOEOG,8366,18,88.9,2026-10-06T01:46:23
Vladimir,27,ALTARK,8384,46,58.7,2026-10-06T01:46:33
Vladimir,28,Hollywood,8288,31,71.0,2026-10-06T01:46:41
Vladimir,29,Diablo,8154,37,70.3,2026-10-06T01:46:54
Vladimir,30,Vlad Above All,8052,65,61.5,2026-10-06T01:47:03
Volibear,1,SKRI,9933,78,60.3,2026-10-05T21:33:03
Volibear,2,Azul,9643,100,69.0,2026-10-05T21:33:19
Volibear,3,Spino,9534,40,60.0,2026-10-05T21:33:40
Volibear,4,1ZツTheOne神三三,9218,34,70.6,2026-10-05T21:34:09
Volibear,5,Hellboy,9144,22,59.1,2026-10-05T21:34:28
Volibear,6,JL神,9242,27,74.1,2026-10-05T21:34:39
Volibear,7,Ivad Is Lucifer,9371,26,61.5,2026-10-05T21:35:00
Volibear,8,TikTok Noxzzyi,9212,40,55.0,2026-10-05T21:35:10
Volibear,9,Kevin Depressão,9094,43,53.5,2026-10-05T21:35:21
Volibear,10,ING MORGAN,8928,68,58.8,2026-10-05T21:35:31
Volibear,11,PombeloValhir,9285,87,56.3,2026-10-05T21:35:40
Volibear,12,CrisTF,8788,21,71.4,2026-10-05T21:35:50
Volibear,13,TOGRODITA,8939,35,74.3,2026-10-05T21:36:07
Volibear,14,hectorrodri15,8978,49,61.2,2026-10-05T21:36:18
Volibear,15,PNTK,8817,52,65.4,2026-10-05T21:36:32
Volibear,16,Kam Igu,8579,31,67.7,2026-10-05T21:36:51
Volibear,17,donovanne,8579,30,70.0,2026-10-05T21:37:06
Volibear,18,VL Magallanes,8726,30,56.7,2026-10-05T21:37:23
Volibear,19,"General Radahn,",8526,19,68.4,2026-10-05T21:37:39
Volibear,20,MacetoXOtas,8622,48,58.3,2026-10-05T21:37:59
Volibear,21,senpaiCAM,5937,12,41.7,2026-10-05T21:38:14
Volibear,22,Nightgale暗,8490,44,52.3,2026-10-05T21:38:29
Volibear,23,BrayanAmaya,8485,25,72.0,2026-10-05T21:38:38
Volibear,24,SUN WUKONG死神,8765,29,51.7,2026-10-05T21:38:47
Volibear,25,LechedeVaca,8490,74,62.2,2026-10-05T21:38:58
Volibear,26,Xiao魏,8591,29,72.4,2026-10-05T21:39:09
Volibear,27,XG voy solo,8480,57,56.1,2026-10-05T21:39:18
Volibear,28,VZT CREED,8579,45,57.8,2026-10-05T21:39:32
Volibear,29,CamiloR26,8325,81,56.8,2026-10-05T21:39:45
Volibear,30,TSTN Zé Pilintra,8579,41,56.1,2026-10-05T21:39:55
Warwick,1,Yellow Ranger,9480,44,54.5,2026-10-06T06:18:36
Warwick,2,Quý Văn,9160,104,60.6,2026-10-06T06:18:49
Warwick,3,shxme,9217,30,53.3,2026-10-06T06:19:01
Warwick,4,look at me,9027,62,64.5,2026-10-06T06:19:18
Warwick,5,THE MASTER KING,9235,78,50.0,2026-10-06T06:19:36
Warwick,6,WW ONLY FANS,8979,27,55.6,2026-10-06T06:19:46
Warwick,7,1FRE4K3,8829,20,65.0,2026-10-06T06:19:57
Warwick,8,ChenMastaFlex,8785,98,49.0,2026-10-06T06:20:07
Warwick,9,Jhonii S,8785,38,44.7,2026-10-06T06:20:16
Warwick,10,ZéPlancton13,8737,46,69.6,2026-10-06T06:20:28
Warwick,11,GåBo,8785,111,41.4,2026-10-06T06:20:37
Warwick,12,gemi,8640,24,58.3,2026-10-06T06:20:48
Warwick,13,永夜之中的孤狼,8579,76,50.0,2026-10-06T06:20:58
Warwick,14,Lobão do Prazer,8579,79,50.6,2026-10-06T06:21:06
Warwick,15,WW Ponto Com,8579,24,66.7,2026-10-06T06:21:21
Warwick,16,VillSerfort,8579,83,55.4,2026-10-06T06:21:37
Warwick,17,Eduardo Paes,8413,53,58.5,2026-10-06T06:21:49
Warwick,18,Dargness,8579,81,54.3,2026-10-06T06:22:03
Warwick,19,Moonlit Knight,8325,51,49.0,2026-10-06T06:22:12
Warwick,20,TrickyHunter228,8199,35,57.1,2026-10-06T06:22:25
Warwick,21,Alexxxxs,8144,91,59.3,2026-10-06T06:22:33
Warwick,22,susuya27,8133,43,65.1,2026-10-06T06:22:41
Warwick,23,De Arrascaeta,8163,37,48.6,2026-10-06T06:22:51
Warwick,24,Jungle PCD 美,8019,44,54.5,2026-10-06T06:23:00
Warwick,25,LOLITO KING,8133,75,56.0,2026-10-06T06:23:10
Warwick,26,SASUKEハンター,7992,68,58.8,2026-10-06T06:23:20
Warwick,27,WolfWickX,7834,47,59.6,2026-10-06T06:23:28
Warwick,28,Kagaiow,7806,17,82.4,2026-10-06T06:23:41
Warwick,29,TiktokPlazma,7795,42,45.2,2026-10-06T06:23:51
Warwick,30,Fiscal De Mato,7941,88,54.5,2026-10-06T06:24:06
Wukong,1,流離失所,10271,119,68.1,2026-10-05T11:10:35
Wukong,2,Basara,10031,54,68.5,2026-10-05T11:10:44
Wukong,3,鬼KuroOni鬼,9210,105,64.8,2026-10-05T11:10:58
Wukong,4,Yuta夫,9147,43,69.8,2026-10-05T11:11:08
Wukong,5,cuszeyue,8955,43,67.4,2026-10-05T11:11:20
Wukong,6,空MARSHALLパンテオン,8954,65,53.8,2026-10-05T11:11:29
Wukong,7,DavidGamer,9026,68,64.7,2026-10-05T11:11:40
Wukong,8,OsitoCachondito,8647,26,73.1,2026-10-05T11:11:51
Wukong,9,EXO LEIRU,8794,24,58.3,2026-10-05T11:11:59
Wukong,10,self control,8578,19,52.6,2026-10-05T11:12:10
Wukong,11,XCS Alee22,8579,71,54.9,2026-10-05T11:12:19
Wukong,12,Mousa Buff,8330,27,59.3,2026-10-05T11:12:30
Wukong,13,PIPIXIAWOMENGZOU,8208,21,71.4,2026-10-05T11:12:40
Wukong,14,Passer,8309,28,85.7,2026-10-05T11:12:48
Wukong,15,ZÉ DA MANGA,8460,68,60.3,2026-10-05T11:12:58
Wukong,16,NebulousDowsie,8195,20,65.0,2026-10-05T11:13:09
Wukong,17,AYANOKOYIMDFK,8154,45,57.8,2026-10-05T11:13:18
Wukong,18,lifted,8392,29,41.4,2026-10-05T11:13:28
Wukong,19,流離失所,8281,101,54.5,2026-10-05T11:13:36
Wukong,20,Myfyr,8455,43,53.5,2026-10-05T11:13:47
Wukong,21,XCS Sun Wukong,7834,26,76.9,2026-10-05T11:13:58
Wukong,22,WUKONG KING,2069,3,0.0,2026-10-05T11:14:06
Wukong,23,Shuris,7963,46,60.9,2026-10-05T11:14:17
Wukong,24,SabioPervertido油,7710,36,58.3,2026-10-05T11:14:27
Wukong,25,v1tao final boss,7671,44,61.4,2026-10-05T11:14:38
Wukong,26,Hat,7642,93,51.6,2026-10-05T11:14:47
Wukong,27,MidnightRampage,8024,111,56.8,2026-10-05T11:14:55
Wukong,28,destroza pomppys,7457,39,66.7,2026-10-05T11:15:06
Wukong,29,INS INMORTAL2do,7515,45,68.9,2026-10-05T11:15:17
Wukong,30,T ca,7440,24,70.8,2026-10-05T11:15:26
Xayah,1,Eternal 开荐,10645,30,76.7,2026-10-05T20:26:20
Xayah,2,Flamez,10271,41,61.0,2026-10-05T20:26:35
Xayah,3,Douglas Adolf,10271,46,63.0,2026-10-05T20:27:05
Xayah,4,never type,9736,24,75.0,2026-10-05T20:27:31
Xayah,5,长夜尽,9910,46,58.7,2026-10-05T20:28:20
Xayah,6,Jan Buster,9364,21,76.2,2026-10-05T20:29:00
Xayah,7,ZERI DA BAHIA,9353,70,54.3,2026-10-05T20:29:21
Xayah,8,CTR卓耿杀死了你,9217,28,57.1,2026-10-05T20:29:39
Xayah,9,黑鬼、,9160,66,62.1,2026-10-05T20:29:55
Xayah,10,蔵增舎弟受場解,8794,38,44.7,2026-10-05T20:30:16
Xayah,11,Leflipson,9160,52,69.2,2026-10-05T20:30:35
Xayah,12,omnus 月が綺麗ですね,8579,33,63.6,2026-10-05T20:30:46
Xayah,13,ange,8612,27,63.0,2026-10-05T20:30:58
Xayah,14,newbietothisgame,8555,33,60.6,2026-10-05T20:31:07
Xayah,15,189x,8599,25,64.0,2026-10-05T20:31:19
Xayah,16,Divine,8352,17,64.7,2026-10-05T20:31:30
Xayah,17,BLKN YEAH,8507,22,72.7,2026-10-05T20:31:40
Xayah,18,灰 Tokai Teio,8309,73,57.5,2026-10-05T20:31:53
Xayah,19,GZ xınıníα,8154,44,63.6,2026-10-05T20:32:15
Xayah,20,SoyJesuCristo,8154,33,63.6,2026-10-05T20:32:25
Xayah,21,ELZAEEM,8154,87,62.1,2026-10-05T20:32:46
Xayah,22,Hola Yewen,8017,26,61.5,2026-10-05T20:32:56
Xayah,23,Void 炎,8284,39,48.7,2026-10-05T20:33:12
Xayah,24,TôNaBala,8149,49,51.0,2026-10-05T20:33:21
Xayah,25,麻辣香锅,7991,24,62.5,2026-10-05T20:33:31
Xayah,26,Merlín Hermes,8154,102,47.1,2026-10-05T20:33:44
Xayah,27,我Dezko,7668,25,60.0,2026-10-05T20:33:59
Xayah,28,ProfetaMCZ,5428,11,45.5,2026-10-05T20:34:08
Xayah,29,Maysilee,7642,49,53.1,2026-10-05T20:34:19
Xayah,30,van,7642,22,72.7,2026-10-05T20:34:29
Xin Zhao,1,plasmakenedy,10239,61,60.7,2026-10-05T12:42:23
Xin Zhao,2,Link,9933,25,80.0,2026-10-05T12:42:35
Xin Zhao,3,天神秀,9776,60,58.3,2026-10-05T12:42:45
Xin Zhao,4,gemi,9513,45,62.2,2026-10-05T12:43:02
Xin Zhao,5,ean,9100,37,59.5,2026-10-05T12:43:27
Xin Zhao,6,iGotar,8881,28,71.4,2026-10-05T12:43:39
Xin Zhao,7,277,6722,21,61.9,2026-10-05T12:43:54
Xin Zhao,8,悪BJORNIRONSIDE,8785,150,48.0,2026-10-05T12:44:04
Xin Zhao,9,JL神,8668,20,50.0,2026-10-05T12:44:16
Xin Zhao,10,TSTN BABAYAGA,8622,34,50.0,2026-10-05T12:44:29
Xin Zhao,11,yChaves,8581,14,78.6,2026-10-05T12:44:43
Xin Zhao,12,Tryhard愛,8922,45,62.2,2026-10-05T12:44:53
Xin Zhao,13,MUNETON,8454,22,59.1,2026-10-05T12:45:04
Xin Zhao,14,YOUWR,8257,34,50.0,2026-10-05T12:45:28
Xin Zhao,15,MeVs9Monkeys,8258,25,68.0,2026-10-05T12:45:47
Xin Zhao,16,OFF gang shh her,8138,16,62.5,2026-10-05T12:45:58
Xin Zhao,17,Mi amor,8076,21,66.7,2026-10-05T12:46:08
Xin Zhao,18,撒女内番洋都是傻子,8045,48,60.4,2026-10-05T12:46:20
Xin Zhao,19,Cloudyday,8201,15,66.7,2026-10-05T12:46:31
Xin Zhao,20,Volta p mim Ella,8154,40,52.5,2026-10-05T12:46:40
Xin Zhao,21,Xin Chamba,8073,15,66.7,2026-10-05T12:46:53
Xin Zhao,22,El Makaco xD,7967,74,51.4,2026-10-05T12:47:04
Xin Zhao,23,PB BEIN10IZ,7834,58,51.7,2026-10-05T12:47:17
Xin Zhao,24,四男 yelberkushh,7834,33,63.6,2026-10-05T12:47:28
Xin Zhao,25,yankai,7740,23,60.9,2026-10-05T12:47:37
Xin Zhao,26,PADILH4A,7793,108,49.1,2026-10-05T12:47:48
Xin Zhao,27,XxGaboxX,7722,25,68.0,2026-10-05T12:48:00
Xin Zhao,28,yoon is back,8474,35,54.3,2026-10-05T12:48:09
Xin Zhao,29,Haisonku,7627,29,62.1,2026-10-05T12:48:20
Xin Zhao,30,Andrxs,7674,77,49.4,2026-10-05T12:48:30
Yasuo,1,ヨネArKaDaTa疾風,10761,73,57.5,2026-10-05T16:48:00
Yasuo,2,Kevinisgod,10271,71,50.7,2026-10-05T16:48:15
Yasuo,3,holwxzje,10429,45,73.3,2026-10-05T16:48:27
Yasuo,4,TikTok Yaswrl,10271,79,59.5,2026-10-05T16:48:41
Yasuo,5,T1Clouds,10031,45,71.1,2026-10-05T16:48:59
Yasuo,6,Negoney Supremo,9818,74,63.5,2026-10-05T16:49:10
Yasuo,7,×KuroKaze×,10095,44,54.5,2026-10-05T16:49:26
Yasuo,8,Hyze,9273,32,62.5,2026-10-05T16:49:38
Yasuo,9,Relaxou,9517,88,40.9,2026-10-05T16:49:49
Yasuo,10,Madara,9112,72,41.7,2026-10-05T16:50:02
Yasuo,11,sawce,8949,19,57.9,2026-10-05T16:50:15
Yasuo,12,Mauwrl,8796,154,51.9,2026-10-05T16:50:26
Yasuo,13,Filho do dono,8773,56,50.0,2026-10-05T16:50:48
Yasuo,14,Poch,9269,99,57.6,2026-10-05T16:51:05
Yasuo,15,CrisTF,8811,60,50.0,2026-10-05T16:51:25
Yasuo,16,TSTN Yoka,8579,42,69.0,2026-10-05T16:51:40
Yasuo,17,頑神REDSZ徴峥,8579,45,62.2,2026-10-05T16:51:56
Yasuo,18,VNP Si Co Long,8579,71,52.1,2026-10-05T16:52:18
Yasuo,19,Kaneki,8550,27,59.3,2026-10-05T16:52:39
Yasuo,20,bye,8557,75,52.0,2026-10-05T16:52:56
Yasuo,21,Gmo red lotus,8366,70,62.9,2026-10-05T16:53:09
Yasuo,22,KatenKyokotsu,8420,23,65.2,2026-10-05T16:53:18
Yasuo,23,ShinRyu,8416,46,65.2,2026-10-05T16:53:29
Yasuo,24,EXO Yse,8311,35,68.6,2026-10-05T16:53:40
Yasuo,25,PANTHER幸,8429,43,51.2,2026-10-05T16:53:51
Yasuo,26,TryMyCornbread,8260,49,63.3,2026-10-05T16:54:16
Yasuo,27,Hellboy,8845,135,53.3,2026-10-05T16:54:40
Yasuo,28,pray i die,8785,110,51.8,2026-10-05T16:54:57
Yasuo,29,stergeronevahi,1979,2,0.0,2026-10-05T16:55:13
Yasuo,30,Myaaa,8418,45,48.9,2026-10-05T16:55:22
Yone,1,ヨネArKaDaTa疾風,11179,108,52.8,2026-10-05T23:23:26
Yone,2,Gaolang,10271,49,55.1,2026-10-05T23:23:37
Yone,3,RIEBLITZ,10271,49,67.3,2026-10-05T23:23:48
Yone,4,TikTok Yaswrl,10271,108,52.8,2026-10-05T23:23:59
Yone,5,1hero 9 doggs,10271,56,60.7,2026-10-05T23:24:14
Yone,6,Say Cat,10031,73,56.2,2026-10-05T23:24:27
Yone,7,JuanseVendePapas,10031,43,67.4,2026-10-05T23:24:42
Yone,8,souvlaki,9797,24,79.2,2026-10-05T23:24:54
Yone,9,,9732,53,66.0,2026-10-05T23:25:04
Yone,10,Kevinisgod,9625,21,76.2,2026-10-05T23:25:17
Yone,11,参Joneあ,9612,47,68.1,2026-10-05T23:25:36
Yone,12,feelings,9665,29,62.1,2026-10-05T23:25:50
Yone,13,PzZZang,9791,119,56.3,2026-10-05T23:26:12
Yone,14,yone is russian,9496,40,70.0,2026-10-05T23:26:25
Yone,15,GHO 최고,9627,99,62.6,2026-10-05T23:26:48
Yone,16,dfdsfgdsf,9378,49,59.2,2026-10-05T23:27:09
Yone,17,Feets Enjoyerr,9243,47,55.3,2026-10-05T23:27:24
Yone,18,Madara,9216,43,58.1,2026-10-05T23:27:37
Yone,19,XPURPLEX,9312,42,78.6,2026-10-05T23:27:49
Yone,20,噸添岱MLT6629威信,9866,46,60.9,2026-10-05T23:27:58
Yone,21,chinese,9136,67,49.3,2026-10-05T23:28:13
Yone,22,Nagi,9169,34,52.9,2026-10-05T23:28:25
Yone,23,jupiter jazz,9048,21,71.4,2026-10-05T23:28:38
Yone,24,Demon King,9160,71,62.0,2026-10-05T23:28:51
Yone,25,Dazurダズレ,8970,31,71.0,2026-10-05T23:29:10
Yone,26,KayGratzYT,9534,177,53.1,2026-10-05T23:29:39
Yone,27,menor revoltado,8895,36,75.0,2026-10-05T23:29:58
Yone,28,Yosh,8921,73,53.4,2026-10-05T23:30:12
Yone,29,YoneNT,9095,109,56.9,2026-10-05T23:30:27
Yone,30,O BABA YAGA,8957,13,76.9,2026-10-05T23:30:39
Yunara,1,minimeow,10634,28,82.1,2026-10-06T08:33:32
Yunara,2,Cookie,10271,26,76.9,2026-10-06T08:33:43
Yunara,3,CestLaVie,10093,59,61.0,2026-10-06T08:33:54
Yunara,4,cobalto,10031,68,55.9,2026-10-06T08:34:05
Yunara,5,H1T Lobo Branco,9974,22,86.4,2026-10-06T08:34:19
Yunara,6,NØIR,9935,29,82.8,2026-10-06T08:34:30
Yunara,7,么GOT么 Rysk,9917,34,64.7,2026-10-06T08:34:51
Yunara,8,T ca,10031,58,65.5,2026-10-06T08:35:04
Yunara,9,Gloply,9895,61,67.2,2026-10-06T08:35:13
Yunara,10,Hi Dont Hurt Me,10027,18,77.8,2026-10-06T08:35:24
Yunara,11,Scarlett 9s,9870,32,68.8,2026-10-06T08:35:36
Yunara,12,寂寞单排,9960,47,63.8,2026-10-06T08:35:45
Yunara,13,RBL Uzi,9886,33,69.7,2026-10-06T08:35:59
Yunara,14,Scion,10069,87,69.0,2026-10-06T08:36:10
Yunara,15,Livainzz,9725,72,50.0,2026-10-06T08:36:32
Yunara,16,haeeminn,9701,36,63.9,2026-10-06T08:36:45
Yunara,17,Akyuri蓮,9534,78,64.1,2026-10-06T08:36:54
Yunara,18,八重大人的狗,9492,25,92.0,2026-10-06T08:37:08
Yunara,19,半夏う晴天,9467,28,78.6,2026-10-06T08:37:25
Yunara,20,Twitch pintado,9445,81,60.5,2026-10-06T08:37:33
Yunara,21,06Jug,9403,25,80.0,2026-10-06T08:37:49
Yunara,22,amo pipoca,9417,27,70.4,2026-10-06T08:38:02
Yunara,23,Two9,9658,65,50.8,2026-10-06T08:38:14
Yunara,24,CR7 jnr,9345,29,65.5,2026-10-06T08:38:27
Yunara,25,rog,9306,23,73.9,2026-10-06T08:38:39
Yunara,26,Soju Rain,9284,56,53.6,2026-10-06T08:38:57
Yunara,27,BYD ALEMÃO,9281,37,51.4,2026-10-06T08:39:16
Yunara,28,nautty,9279,109,55.0,2026-10-06T08:39:29
Yunara,29,KyuP,9273,23,60.9,2026-10-06T08:39:41
Yunara,30,Flamez,9314,33,57.6,2026-10-06T08:39:49
Yuumi,1,CARTIER,10014,80,70.0,2026-10-05T13:22:50
Yuumi,2,Petal,9919,40,75.0,2026-10-05T13:23:01
Yuumi,3,WildRft Is Poo,9843,60,75.0,2026-10-05T13:23:13
Yuumi,4,pet me first,9792,69,62.3,2026-10-05T13:24:17
Yuumi,5,Hpule,9174,49,83.7,2026-10-05T13:24:35
Yuumi,6,農HIRUツ,9059,87,57.5,2026-10-05T13:24:47
Yuumi,7,pepeツ,9047,27,66.7,2026-10-05T13:25:01
Yuumi,8,美少女战士,9513,88,59.1,2026-10-05T13:25:17
Yuumi,9,我喜歡記住,9048,48,56.2,2026-10-05T13:31:13
Yuumi,10,YiYi,8900,57,77.2,2026-10-05T13:31:33
Yuumi,11,Bella,8742,25,76.0,2026-10-05T13:31:47
Yuumi,12,Miyuuよ,8722,90,58.9,2026-10-05T13:32:09
Yuumi,13,Zedamaciota,9450,96,54.2,2026-10-05T13:32:19
Yuumi,14,bibi,8579,42,78.6,2026-10-05T13:32:34
Yuumi,15,bubu,8452,48,60.4,2026-10-05T13:33:35
Yuumi,16,milkita,8500,50,58.0,2026-10-05T13:33:49
Yuumi,17,fondizzie,8309,81,59.3,2026-10-05T13:33:59
Yuumi,18,,8283,48,56.2,2026-10-05T13:34:08
Yuumi,19,,3982,4,100.0,2026-10-05T13:34:17
Yuumi,20,pinky,8196,28,67.9,2026-10-05T13:35:03
Yuumi,21,Jun,8154,50,62.0,2026-10-05T13:35:21
Yuumi,22,Donna,8356,61,57.4,2026-10-05T13:35:30
Yuumi,23,Fransexy,8145,23,87.0,2026-10-05T13:35:40
Yuumi,24,Asami,7921,29,48.3,2026-10-05T13:59:50
Yuumi,25,SY一人で,8579,80,48.8,2026-10-05T13:59:58
Yuumi,26,SoftKiller,7921,20,70.0,2026-10-05T14:00:07
Yuumi,27,Mara s2,7820,17,100.0,2026-10-05T14:00:15
Yuumi,28,KhVy,7941,36,66.7,2026-10-05T14:00:25
Yuumi,29,MnMU,7705,26,73.1,2026-10-05T14:00:33
Yuumi,30,Shinobu愛,7642,47,51.1,2026-10-05T14:00:46
Zed,1,zzzzz1,10978,79,72.2,2026-10-05T16:55:44
Zed,2,Angel O Nyco,10165,26,80.8,2026-10-05T16:55:56
Zed,3,BARNY,9994,27,74.1,2026-10-05T16:56:09
Zed,4,CoavasMaster,10271,48,77.1,2026-10-05T16:56:22
Zed,5,× DAAKNS ×,9905,87,59.8,2026-10-05T16:56:38
Zed,6,d0pa,9767,22,72.7,2026-10-05T16:56:50
Zed,7,redlight,9686,43,67.4,2026-10-05T16:57:03
Zed,8,TikTokEoDarkzin,9910,49,61.2,2026-10-05T16:57:16
Zed,9,PANTHER幸,9552,93,51.6,2026-10-05T16:57:25
Zed,10,The Virtuoso,9528,46,63.0,2026-10-05T16:57:38
Zed,11,sawce,9451,19,73.7,2026-10-05T16:57:50
Zed,12,TIO NO PORFAVOR,9445,42,59.5,2026-10-05T16:58:00
Zed,13,Starking,9262,74,50.0,2026-10-05T16:58:13
Zed,14,Jigsaw,9073,123,52.8,2026-10-05T16:58:26
Zed,15,2 Shadows 1 Zed,9057,40,62.5,2026-10-05T16:58:38
Zed,16,eSckol saga,9250,89,56.2,2026-10-05T16:58:50
Zed,17,Tacuache69,8969,39,64.1,2026-10-05T16:59:00
Zed,18,AYNESSA CAMARGO,9000,27,66.7,2026-10-05T16:59:17
Zed,19,Lightning,9019,27,59.3,2026-10-05T16:59:39
Zed,20,TieneLa Zedmilla,8785,44,61.4,2026-10-05T16:59:55
Zed,21,Paul1n26,8785,35,68.6,2026-10-05T17:00:16
Zed,22,Zeno 德,8785,27,74.1,2026-10-05T17:00:37
Zed,23,T1 SHADΩW,3336,12,25.0,2026-10-05T17:00:56
Zed,24,Estigmado,8732,16,81.2,2026-10-05T17:01:13
Zed,25,miquéias,8702,23,65.2,2026-10-05T17:01:41
Zed,26,I only play Zed,4283,9,33.3,2026-10-05T17:02:20
Zed,27,布魯斯 Bryce,8810,32,75.0,2026-10-05T17:02:38
Zed,28,Ascensionism,8797,52,76.9,2026-10-05T17:02:52
Zed,29,Isagi改善,8785,30,66.7,2026-10-05T17:03:03
Zed,30,Boo么,8725,34,55.9,2026-10-05T17:03:12
Zeri,1,Kino緣,10772,35,68.6,2026-10-06T09:57:23
Zeri,2,Hira TT,10271,82,65.9,2026-10-06T09:57:34
Zeri,3,Thi,9953,80,60.0,2026-10-06T09:57:44
Zeri,4,我提笔不为离愁,9580,32,59.4,2026-10-06T09:57:56
Zeri,5,BYD ALEMÃO,9522,22,72.7,2026-10-06T09:58:11
Zeri,6,hdonk,9450,21,89.3,2026-10-06T09:58:21
Zeri,7,SelfLess,9437,33,63.6,2026-10-06T09:58:35
Zeri,8,Just Vodoo,9259,35,65.7,2026-10-06T09:58:48
Zeri,9,蔵增舎弟受場解,9281,88,52.3,2026-10-06T09:59:00
Zeri,10,always cold,5581,15,46.7,2026-10-06T09:59:35
Zeri,11,SLRK GUMA,8882,31,64.5,2026-10-06T10:00:00
Zeri,12,Xcrooss,8687,34,61.8,2026-10-06T10:00:11
Zeri,13,Sebot,8608,34,64.7,2026-10-06T10:00:23
Zeri,14,GEN Ruler,5929,25,52.0,2026-10-06T10:00:33
Zeri,15,MoPaz,8573,40,62.5,2026-10-06T10:00:46
Zeri,16,505ツ,8421,26,65.4,2026-10-06T10:00:59
Zeri,17,Chile,8539,28,53.6,2026-10-06T10:01:10
Zeri,18,Coall,8579,130,53.1,2026-10-06T10:01:22
Zeri,19,Capixaba Maroto,8154,37,56.8,2026-10-06T10:01:32
Zeri,20,cauãboy,8047,15,53.3,2026-10-06T10:01:44
Zeri,21,FHG Aomine,7944,14,64.3,2026-10-06T10:01:56
Zeri,22,MB jxliorr,7902,15,80.0,2026-10-06T10:02:06
Zeri,23,benny jgdiff,8121,119,56.3,2026-10-06T10:02:20
Zeri,24,勾勾棒つ,7946,32,68.8,2026-10-06T10:02:31
Zeri,25,Quinn,7821,22,59.1,2026-10-06T10:02:41
Zeri,26,Luckrpk,7710,144,50.7,2026-10-06T10:02:53
Zeri,27,Beiconsito,7865,15,73.3,2026-10-06T10:03:03
Zeri,28,Casper,7829,31,51.6,2026-10-06T10:03:15
Zeri,29,ZERI DA BAHIA,7951,38,52.6,2026-10-06T10:03:27
Zeri,30,Kamuii,8170,35,48.6,2026-10-06T10:03:37
Ziggs,1,Maguinho NG,10271,64,64.1,2026-10-06T01:29:09
Ziggs,2,Ataque soviético,10059,146,52.1,2026-10-06T01:29:18
Ziggs,3,Heitorculimpinho,9312,98,52.0,2026-10-06T01:29:28
Ziggs,4,siiisiiisiii,8806,42,52.4,2026-10-06T01:29:45
Ziggs,5,RD× ZIGGS,8315,72,56.9,2026-10-06T01:29:58
Ziggs,6,kev1NNN,7750,23,65.2,2026-10-06T01:30:09
Ziggs,7,Fuze,7831,94,54.3,2026-10-06T01:30:23
Ziggs,8,Loki,7671,44,61.4,2026-10-06T01:30:36
Ziggs,9,bmarcond3s,7622,29,79.3,2026-10-06T01:30:49
Ziggs,10,TrunkMonkey2000,7421,92,46.7,2026-10-06T01:31:04
Ziggs,11,Stillyadaddy,7412,29,62.1,2026-10-06T01:31:20
Ziggs,12,Szebe,7199,48,52.1,2026-10-06T01:31:30
Ziggs,13,John,7259,49,57.1,2026-10-06T01:31:40
Ziggs,14,soytupapi乖乖,7077,28,64.3,2026-10-06T01:31:49
Ziggs,15,Fraldas Pampers,7617,47,57.4,2026-10-06T01:32:00
Ziggs,16,Ziggs Mund freud,6952,57,61.4,2026-10-06T01:32:10
Ziggs,17,Menino Wilhu,7274,52,51.9,2026-10-06T01:32:19
Ziggs,18,karmuh,7063,32,65.6,2026-10-06T01:32:33
Ziggs,19,SINGED ROQUEIRO,6959,21,38.1,2026-10-06T01:32:49
Ziggs,20,no diet coke,6943,62,58.1,2026-10-06T01:33:00
Ziggs,21,potatomato,6986,23,69.6,2026-10-06T01:33:14
Ziggs,22,Alfredonios,6997,59,62.7,2026-10-06T01:33:23
Ziggs,23,FakeGuru,6734,30,63.3,2026-10-06T01:33:33
Ziggs,24,ASHE,6626,7,85.7,2026-10-06T01:33:43
Ziggs,25,ronaldMV,6614,37,54.1,2026-10-06T01:33:52
Ziggs,26,paris,6751,25,60.0,2026-10-06T01:34:02
Ziggs,27,Mikaelly,6873,17,41.2,2026-10-06T01:34:10
Ziggs,28,DoinkQ,6684,50,62.0,2026-10-06T01:34:21
Ziggs,29,GODBLEED,6683,75,45.3,2026-10-06T01:34:30
Ziggs,30,VORZKI,6586,59,57.6,2026-10-06T01:34:38
Zilean,1,CantLandBombs,9295,87,54.0,2026-10-06T00:48:07
Zilean,2,RamboJordan715,9201,81,58.0,2026-10-06T00:48:16
Zilean,3,MattMar45,8238,46,69.6,2026-10-06T00:48:26
Zilean,4,Neycaro10,7730,22,54.5,2026-10-06T00:48:36
Zilean,5,enekヅ,7638,17,76.5,2026-10-06T00:48:48
Zilean,6,Nothing,8317,56,51.8,2026-10-06T00:48:58
Zilean,7,o ANJO,7573,15,80.0,2026-10-06T00:49:13
Zilean,8,Tucu,7764,96,55.2,2026-10-06T00:49:25
Zilean,9,rogaciano,7496,59,54.2,2026-10-06T00:49:36
Zilean,10,perfect time,7196,124,62.9,2026-10-06T00:49:50
Zilean,11,miracle,7058,19,73.7,2026-10-06T00:50:02
Zilean,13,BRUTO,7022,38,63.2,2026-10-06T00:50:28
Zilean,14,my melody,6920,19,78.9,2026-10-06T00:50:38
Zilean,15,Dama da Noite,6912,87,46.0,2026-10-06T00:50:49
Zilean,16,Zilean da erva,6986,51,60.8,2026-10-06T00:50:59
Zilean,17,Caroeste Faboclo,7249,39,59.0,2026-10-06T00:51:08
Zilean,18,Ziyou来要天发度,7242,47,53.2,2026-10-06T00:51:18
Zilean,19,βιν,6890,22,68.2,2026-10-06T00:51:27
Zilean,20,1Leoz3ra,6945,51,60.8,2026-10-06T00:51:43
Zilean,21,ruler slayer,6801,9,77.8,2026-10-06T00:51:58
Zilean,22,BielGattini,6785,57,57.9,2026-10-06T00:52:12
Zilean,23,masterkill,6764,57,54.4,2026-10-06T00:52:25
Zilean,24,RipnDip47,6741,128,53.1,2026-10-06T00:52:35
Zilean,25,umZILHÃOdeTADALA,6646,52,53.8,2026-10-06T00:52:44
Zilean,26,Goerus,6637,30,56.7,2026-10-06T00:52:54
Zilean,27,Clauxter,6671,45,66.7,2026-10-06T00:53:03
Zilean,28,TIME WILL TELL,6820,36,63.9,2026-10-06T00:53:13
Zilean,29,Evertiow,6507,62,54.8,2026-10-06T00:53:24
Zilean,30,chupi25,6839,189,47.1,2026-10-06T00:53:32
Zoe,1,Greyrat,11559,85,57.6,2026-10-05T12:22:15
Zoe,2,runaway,10570,110,59.1,2026-10-05T12:22:29
Zoe,3,Em Long Gia Sư,10271,111,55.0,2026-10-05T12:22:41
Zoe,5,SONECAZZZ,10271,44,63.6,2026-10-05T12:23:17
Zoe,6,Soren,10031,51,76.5,2026-10-05T12:23:30
Zoe,7,Le queen,10047,36,69.4,2026-10-05T12:23:43
Zoe,8,anxietyzxs,9665,39,56.4,2026-10-05T12:23:56
Zoe,9,Eryx,9616,30,60.0,2026-10-05T12:24:06
Zoe,10,A Gentle Promise,9416,23,69.6,2026-10-05T12:24:19
Zoe,11,Bjork踢被日记,9212,41,51.2,2026-10-05T12:24:31
Zoe,12,Yuumi Supremacy,9192,26,84.6,2026-10-05T12:24:41
Zoe,13,pug,9078,39,64.1,2026-10-05T12:24:53
Zoe,14,DADDYMIR,9160,67,62.7,2026-10-05T12:25:03
Zoe,15,Bolzani,8785,34,70.6,2026-10-05T12:25:16
Zoe,16,iCuyabro,8579,43,55.8,2026-10-05T12:25:28
Zoe,17,Witt,8579,59,57.6,2026-10-05T12:25:40
Zoe,18,浑身都软就嘴最硬,8785,41,58.5,2026-10-05T12:25:56
Zoe,19,DRG Sparky バツ,8325,14,71.4,2026-10-05T12:26:09
Zoe,20,Kiki,8228,149,57.7,2026-10-05T12:26:22
Zoe,21,poison tree,7834,34,67.6,2026-10-05T12:26:35
Zoe,22,NOVA的angel英雄天罚,7612,9,77.8,2026-10-05T12:26:44
Zoe,23,zoe 愛,8002,75,54.7,2026-10-05T12:26:56
Zoe,24,BLOOM,7653,16,62.5,2026-10-05T12:27:09
Zoe,25,JustAwannabee,7532,36,61.1,2026-10-05T12:27:23
Zoe,26,izoe,7324,12,66.7,2026-10-05T12:27:48
Zoe,27,LY Satoru Gojo五条,7402,45,71.1,2026-10-05T12:28:12
Zoe,28,NERD Vick,7285,24,70.8,2026-10-05T12:28:41
Zoe,29,marreta preta,7196,61,60.7,2026-10-05T12:29:27
Zoe,30,Elysium,7172,34,61.8,2026-10-05T12:29:49
Zyra,1,true story,8159,31,58.1,2026-10-05T22:43:05
Zyra,2,LK KhaS,7955,38,71.1,2026-10-05T22:43:16
Zyra,3,Szebe,7758,35,71.4,2026-10-05T22:43:28
Zyra,4,leo do pagode,7694,48,60.4,2026-10-05T22:43:41
Zyra,5,Noobzyrian,7816,40,67.5,2026-10-05T22:44:12
Zyra,6,KramDolla,7352,77,62.3,2026-10-05T22:44:26
Zyra,7,true dollette,7386,49,57.1,2026-10-05T22:44:37
Zyra,8,lasth me,7196,55,65.5,2026-10-05T22:44:53
Zyra,9,KTG Skjaldmö,7197,54,55.6,2026-10-05T22:45:08
Zyra,10,Atlas,7112,32,65.6,2026-10-05T22:45:24
Zyra,11,Zuko,7053,46,60.9,2026-10-05T22:45:42
Zyra,12,aylin,7196,77,63.6,2026-10-05T22:46:12
Zyra,13,Zenferix,6946,19,73.7,2026-10-05T22:46:31
Zyra,14,PRG MATAMBA,6929,58,58.6,2026-10-05T22:46:48
Zyra,15,今晚不要,6924,89,47.2,2026-10-05T22:47:04
Zyra,16,MyPiggyGirl,7190,15,73.3,2026-10-05T22:47:23
Zyra,17,xSjar,6799,36,69.4,2026-10-05T22:47:36
Zyra,18,ZyraPhine,6799,49,59.2,2026-10-05T22:47:45
Zyra,19,Wyxろサ,6795,35,54.3,2026-10-05T22:47:57
Zyra,20,DomyIsAche,6728,18,44.4,2026-10-05T22:48:07
Zyra,21,H4RD,6673,33,72.7,2026-10-05T22:48:21
Zyra,22,SupportGG,6663,39,43.6,2026-10-05T22:48:42
Zyra,23,talos90n,2072,2,50.0,2026-10-05T22:49:00
Zyra,24,Guilherme,6611,39,66.7,2026-10-05T22:49:23
Zyra,25,Llego tu,6936,58,58.6,2026-10-05T22:49:46
Zyra,26,MOCHILINHA 04,6636,45,46.7,2026-10-05T22:49:55
Zyra,27,jiwoo3483,7146,91,53.8,2026-10-05T22:50:06
Zyra,28,lety,6755,47,51.1,2026-10-05T22:50:16
Zyra,29,THEKINGNACIO,6521,46,52.2,2026-10-05T22:50:28
Zyra,30,Malki,6719,57,57.9,2026-10-05T22:50:40
