champion,rank,player_name,score,games,winrate,captured_at
Aatrox,1,AlienX,11771,36,69.4,2026-10-06T22:02:29
Aatrox,2,THEY CALLME WEZA,10555,52,55.8,2026-10-06T22:02:38
Aatrox,3,lekevin,10090,40,75.0,2026-10-06T22:02:48
Aatrox,4,,10031,61,68.9,2026-10-06T22:02:58
Aatrox,5,BIZIGGS TEWOX,9532,28,46.4,2026-10-06T22:03:15
Aatrox,6,BLKN,9627,24,62.5,2026-10-06T22:03:29
Aatrox,7,Jörmungaandr,9315,107,56.1,2026-10-06T22:03:38
Aatrox,8,Qua,9433,24,62.5,2026-10-06T22:03:51
Aatrox,9,teikannn,9309,35,60.0,2026-10-06T22:04:04
Aatrox,10,Demon Yone,9205,31,74.2,2026-10-06T22:04:16
Aatrox,11,Tommy,9228,25,68.0,2026-10-06T22:04:27
Aatrox,12,Haarox,9160,45,73.3,2026-10-06T22:04:36
Aatrox,13,Eiên 于,9068,95,57.9,2026-10-06T22:04:47
Aatrox,14,欲OBJECTION,8949,33,66.7,2026-10-06T22:04:56
Aatrox,15,无尽之剑,8912,110,60.9,2026-10-06T22:05:07
Aatrox,16,そ Qxlie,8544,14,78.6,2026-10-06T22:05:18
Aatrox,17,Verm,8579,42,59.5,2026-10-06T22:05:27
Aatrox,18,MYSTIKOVER,8546,78,53.8,2026-10-06T22:05:40
Aatrox,19,I will trade,8469,27,55.6,2026-10-06T22:05:51
Aatrox,20,经我也有过一颗完整的心,8685,31,58.1,2026-10-06T22:06:00
Aatrox,21,Tired So,8476,43,48.8,2026-10-06T22:06:15
Aatrox,22,Sweet Spot,8309,48,72.9,2026-10-06T22:06:35
Aatrox,23,Nemesis7,8279,42,64.3,2026-10-06T22:06:59
Aatrox,24,Decameron,8409,112,58.9,2026-10-06T22:07:23
Aatrox,25,LiViNg TrIbUnAl,8160,37,59.5,2026-10-06T22:07:43
Aatrox,26,MMB Dorann,8156,12,91.7,2026-10-06T22:08:04
Aatrox,27,Toxic Riven Main,8127,12,75.0,2026-10-06T22:08:15
Aatrox,28,FIGHT MEE,8125,119,62.2,2026-10-06T22:08:24
Aatrox,29,Maliketh,,,50.0,2026-10-06T22:08:35
Aatrox,30,Read,8080,13,84.6,2026-10-06T22:08:44
Ahri,1,RudeusΨ,11272,29,79.3,2026-10-07T05:43:43
Ahri,2,nNaRuToO,10271,152,57.2,2026-10-07T05:43:52
Ahri,3,Hestia,10271,54,64.8,2026-10-07T05:44:01
Ahri,4,Arigrande,9823,39,69.2,2026-10-07T05:44:12
Ahri,5,hate on me,10209,86,48.8,2026-10-07T05:44:24
Ahri,6,cw×f,9628,34,88.2,2026-10-07T05:44:35
Ahri,7,VERSO,10183,134,54.5,2026-10-07T05:44:50
Ahri,8,Çilek,9535,20,85.0,2026-10-07T05:45:03
Ahri,9,Mohd3s,6121,9,33.3,2026-10-07T05:45:13
Ahri,10,GGWP Svitania,9522,28,67.9,2026-10-07T05:45:25
Ahri,11,Millua,9327,56,66.1,2026-10-07T05:45:42
Ahri,12,沉默是金rsgn,9078,33,66.7,2026-10-07T05:45:52
Ahri,13,SolarEmperor,8921,31,54.8,2026-10-07T05:46:05
Ahri,14,SwtosV,8804,24,54.2,2026-10-07T05:46:13
Ahri,15,W0Lf 0d1No4ka,9165,154,50.6,2026-10-07T05:46:24
Ahri,16,chiikawa,8880,26,69.2,2026-10-07T05:46:34
Ahri,17,ドミトリー,8693,27,55.6,2026-10-07T05:46:43
Ahri,18,Dogskii,8785,49,59.2,2026-10-07T05:46:53
Ahri,19,TYB ZELDRIS,8652,33,72.7,2026-10-07T05:47:02
Ahri,20,SHaMeoftonia,8647,39,53.8,2026-10-07T05:47:15
Ahri,21,LISSCOBAR,8711,26,53.8,2026-10-07T05:47:29
Ahri,22,Cecilia,8559,45,51.1,2026-10-07T05:47:40
Ahri,23,aliYUS,8579,40,65.0,2026-10-07T05:47:55
Ahri,24,Cursed Kami,8527,119,58.0,2026-10-07T05:48:06
Ahri,25,HappyBoy WR,8418,14,64.3,2026-10-07T05:48:14
Ahri,26,RexdDragon,8301,36,52.8,2026-10-07T05:48:24
Ahri,27,Lexcsiii,8295,38,60.5,2026-10-07T05:48:32
Ahri,28,KATREDAM,8325,58,46.6,2026-10-07T05:48:42
Ahri,29,Virtual Divaa,8416,50,62.0,2026-10-07T05:48:52
Ahri,30,NineRainbowTails,8260,48,66.7,2026-10-07T05:49:00
Akali,1,nice troll,10271,44,77.3,2026-10-07T05:09:19
Akali,2,D3VILSLAYER,10271,44,59.1,2026-10-07T05:09:27
Akali,3,ARIMA,10271,163,52.1,2026-10-07T05:09:37
Akali,4,CorelsRotten,9996,26,65.4,2026-10-07T05:09:45
Akali,5,Draxxblaw,10271,125,57.6,2026-10-07T05:09:57
Akali,6,Yoksaol,9717,46,60.9,2026-10-07T05:10:06
Akali,7,Maxthayne ZK,9228,21,76.2,2026-10-07T05:10:17
Akali,8,God of Lightning,9449,58,56.9,2026-10-07T05:10:27
Akali,9,J1R3N,9388,103,61.2,2026-10-07T05:10:36
Akali,10,AAAYMH,9306,78,60.3,2026-10-07T05:10:46
Akali,11,LIŽEMenstruaciju,9279,30,60.0,2026-10-07T05:10:57
Akali,12,Rip,9124,43,60.5,2026-10-07T05:11:10
Akali,13,Kaimo,8970,63,58.7,2026-10-07T05:11:26
Akali,14,Jester,9121,99,58.6,2026-10-07T05:11:38
Akali,15,Master of akali,8994,106,52.8,2026-10-07T05:11:53
Akali,16,lis,8646,27,55.6,2026-10-07T05:12:03
Akali,17,FIREXTRA,9048,60,60.0,2026-10-07T05:12:12
Akali,18,風を歩む者,8519,47,46.8,2026-10-07T05:12:22
Akali,19,BÍPOLAR AKALÍ,9567,227,48.5,2026-10-07T05:12:33
Akali,20,卡塔琳娜前1名,8387,34,58.8,2026-10-07T05:12:42
Akali,21,Kyoshi,8469,22,68.2,2026-10-07T05:12:52
Akali,22,im scared help,2583,11,45.5,2026-10-07T05:13:01
Akali,23,KC Nyrone,6836,10,80.0,2026-10-07T05:13:11
Akali,24,pirus,8300,62,59.7,2026-10-07T05:13:22
Akali,25,TtkShoopywr,8400,96,57.3,2026-10-07T05:13:31
Akali,26,KDA,8260,107,53.3,2026-10-07T05:13:41
Akali,27,Garuo,8083,61,41.0,2026-10-07T05:13:49
Akali,28,XKAZEX,8568,155,51.6,2026-10-07T05:14:01
Akali,29,Ahm3t,8579,55,49.1,2026-10-07T05:14:13
Akali,30,01 turks,8102,24,66.7,2026-10-07T05:14:23
Akshan,7,Zoomis,8206,83,55.4,2026-10-07T14:11:06
Akshan,8,Sqress,8140,39,61.5,2026-10-07T14:11:18
Akshan,9,Akshan exe,8579,43,58.1,2026-10-07T14:11:29
Akshan,10,Glennda,7941,19,63.2,2026-10-07T14:11:41
Akshan,11,ZEN禅魂,8020,38,55.3,2026-10-07T14:11:53
Akshan,15,,7834,66,65.2,2026-10-07T14:12:41
Akshan,16,KayCan,7653,31,64.5,2026-10-07T14:12:53
Akshan,17,tinteritos,7941,94,58.5,2026-10-07T14:13:03
Akshan,18,RevengeExpress,8029,105,53.3,2026-10-07T14:13:16
Akshan,19,cc geass,7568,7,100.0,2026-10-07T14:13:28
Akshan,20,Ipablo,7834,95,54.7,2026-10-07T14:13:38
Akshan,21,LbiraHcKne $oKyCbl,7514,34,67.6,2026-10-07T14:13:50
Akshan,23,Elozu,7567,35,54.3,2026-10-07T14:14:41
Akshan,24,Megalodon,7515,47,63.8,2026-10-07T14:14:55
Akshan,25,5CRINGE in 1Team,7352,40,65.0,2026-10-07T14:15:05
Akshan,26,Chosen One,7618,61,50.8,2026-10-07T14:15:18
Akshan,27,BolkønskyDJ,7303,85,58.8,2026-10-07T14:15:28
Akshan,28,AKshAN,7340,56,46.4,2026-10-07T14:15:38
Akshan,29,katarian,7297,81,54.3,2026-10-07T14:15:50
Akshan,30,xyzcba,7161,37,67.6,2026-10-07T14:16:03
Alistar,1,Ubi,9892,82,50.0,2026-10-07T09:42:25
Alistar,2,buzağı,9302,81,55.6,2026-10-07T09:42:51
Alistar,3,McFister,8154,35,65.7,2026-10-07T09:43:07
Alistar,4,Privatelvanov,7932,41,63.4,2026-10-07T09:44:01
Alistar,5,Trevor,8119,107,57.9,2026-10-07T09:44:20
Alistar,6,Naphiles,7834,67,56.7,2026-10-07T09:44:39
Alistar,7,KendoGod,7640,36,55.6,2026-10-07T09:44:55
Alistar,8,Cow Rules,7424,64,45.3,2026-10-07T09:45:11
Alistar,9,anydon1,7486,18,61.1,2026-10-07T09:45:22
Alistar,10,Buugiiii,7465,26,50.0,2026-10-07T09:45:38
Alistar,11,grlkalp,7138,49,59.2,2026-10-07T09:45:53
Alistar,12,GoC,7565,59,54.2,2026-10-07T09:46:08
Alistar,13,Trolistar,7297,30,56.7,2026-10-07T09:46:24
Alistar,14,Last Wyrm,7001,36,58.3,2026-10-07T09:46:38
Alistar,15,XXXXXX,6927,81,51.9,2026-10-07T09:46:53
Alistar,16,name,6914,71,53.5,2026-10-07T09:47:13
Alistar,17,Alistar,6976,66,60.6,2026-10-07T09:47:29
Alistar,18,Suspencor,6898,48,54.2,2026-10-07T09:48:12
Alistar,19,UğurB,6798,65,46.2,2026-10-07T09:48:40
Alistar,20,穏WhoCares,6850,49,69.4,2026-10-07T09:48:59
Alistar,21,Meuh,7263,87,56.3,2026-10-07T09:49:17
Alistar,22,191cm20cmfr,7196,54,57.4,2026-10-07T09:49:38
Alistar,23,jijinam,6807,70,54.3,2026-10-07T09:50:00
Alistar,24,STR,6813,34,50.0,2026-10-07T09:50:20
Alistar,25,MILK THOSE,6662,23,47.8,2026-10-07T09:50:36
Alistar,26,GODISTAR,7053,49,51.0,2026-10-07T09:50:55
Alistar,27,cOrtAh,6770,35,42.9,2026-10-07T09:51:14
Alistar,28,YMeTHMK,6861,47,42.6,2026-10-07T09:51:31
Alistar,29,Alistar Bot,6649,82,51.2,2026-10-07T09:52:07
Alistar,30,NeoAmstrongJet,6567,17,70.6,2026-10-07T09:52:42
Ambessa,1,Tommy,7339,15,80.0,2026-10-07T20:33:32
Ambessa,2,豪哥哥哥,12242,34,97.1,2026-10-07T20:33:41
Ambessa,3,草丛里有猫,11721,46,73.9,2026-10-07T20:33:52
Ambessa,4,FlameT,10673,42,76.2,2026-10-07T20:34:02
Ambessa,5,主义的花盛开在理想主义的土,10353,34,88.2,2026-10-07T20:34:18
Ambessa,6,ShAdOwMoOn7,10274,72,59.7,2026-10-07T20:34:28
Ambessa,7,nota,10271,43,74.4,2026-10-07T20:34:40
Ambessa,8,embriONE,10031,54,59.3,2026-10-07T20:34:51
Ambessa,9,kzqqq7,9970,22,86.4,2026-10-07T20:35:00
Ambessa,10,EmpAmbessa,10003,46,65.2,2026-10-07T20:35:11
Ambessa,11,Shiroblank,9845,56,57.1,2026-10-07T20:35:22
Ambessa,12,Babe不,9620,36,52.8,2026-10-07T20:35:31
Ambessa,13,just ichi,9452,29,65.5,2026-10-07T20:35:43
Ambessa,14,I Hate Myself,9422,32,56.2,2026-10-07T20:35:55
Ambessa,15,Bowonski,9421,47,59.6,2026-10-07T20:36:04
Ambessa,16,Lacest,9402,18,72.2,2026-10-07T20:36:15
Ambessa,17,LechuzoDeNube,9145,116,57.8,2026-10-07T20:36:24
Ambessa,18,LCDM Komaa59,9136,40,55.0,2026-10-07T20:36:38
Ambessa,19,世界都是你的 我给,8996,55,65.5,2026-10-07T20:36:50
Ambessa,20,Titron3,8705,60,63.3,2026-10-07T20:36:59
Ambessa,21,traksteer twitch,8819,32,43.8,2026-10-07T20:37:10
Ambessa,22,Zukirin,8705,45,71.1,2026-10-07T20:37:19
Ambessa,23,Easy,8740,36,52.8,2026-10-07T20:37:30
Ambessa,24,天魔神使,8546,35,60.0,2026-10-07T20:37:42
Ambessa,25,MisterMac,8440,48,58.3,2026-10-07T20:37:51
Ambessa,26,Zooky,8484,36,69.4,2026-10-07T20:38:06
Ambessa,27,CrimsonQT,8579,23,78.3,2026-10-07T20:38:15
Ambessa,28,大熊硬糖,8356,13,92.3,2026-10-07T20:38:24
Ambessa,29,CaHA AeMacneu,9037,72,56.9,2026-10-07T20:38:35
Ambessa,30,滅びを歩む者,8413,47,44.7,2026-10-07T20:38:46
Amumu,1,Dontsayhisname,10103,130,61.5,2026-10-06T22:19:20
Amumu,2,Zaizaizai,10167,34,67.6,2026-10-06T22:19:30
Amumu,3,El Patrón,9965,35,71.4,2026-10-06T22:19:39
Amumu,4,Dur'oc rói,9658,78,65.4,2026-10-06T22:20:24
Amumu,5,axa29,9770,51,64.7,2026-10-06T22:20:43
Amumu,6,LR Nyx,9576,39,53.8,2026-10-06T22:20:55
Amumu,7,xDopeboy,9187,51,74.5,2026-10-06T22:21:05
Amumu,8,BeApo KOTAT,9388,50,64.0,2026-10-06T22:21:17
Amumu,9,Eyal,9218,158,57.6,2026-10-06T22:21:26
Amumu,10,MacaroniHero,8923,129,60.5,2026-10-06T22:21:40
Amumu,11,MiraçBaba5665,8871,39,59.0,2026-10-06T22:21:53
Amumu,12,RedWhiteMEAT,2955,10,50.0,2026-10-06T22:22:03
Amumu,13,YuraS,8465,32,56.2,2026-10-06T22:22:15
Amumu,14,DAYANTURK,8445,86,65.1,2026-10-06T22:22:26
Amumu,15,Monaroz95,8442,38,65.8,2026-10-06T22:22:40
Amumu,16,VVeasel,8295,42,64.3,2026-10-06T22:22:54
Amumu,17,YTV Mamc,8260,38,63.2,2026-10-06T22:23:07
Amumu,18,WOODY,3234,8,12.5,2026-10-06T22:23:23
Amumu,19,kareY,8199,56,64.3,2026-10-06T22:23:38
Amumu,20,Polynom,8208,70,67.1,2026-10-06T22:23:55
Amumu,21,Shenron,8154,46,54.3,2026-10-06T22:24:05
Amumu,22,IHateAdcMains,8141,52,57.7,2026-10-06T22:24:14
Amumu,23,Nazgûl,8787,143,58.0,2026-10-06T22:24:25
Amumu,24,EPG×Suzukiツ,7990,57,66.7,2026-10-06T22:24:36
Amumu,25,维修health nature徒,7941,36,61.1,2026-10-06T22:24:49
Amumu,26,BoostedKU,7934,123,55.3,2026-10-06T22:25:00
Amumu,27,BOT Amumu,8011,78,64.1,2026-10-06T22:25:09
Amumu,28,VKN×ECLIPSE,7944,25,72.0,2026-10-06T22:25:20
Amumu,29,MUM6H,8105,34,64.7,2026-10-06T22:25:31
Amumu,30,2Bカルマ,7914,69,56.5,2026-10-06T22:25:44
Annie,1,RudeusΨ,11130,41,85.4,2026-10-07T05:32:31
Annie,2,Rits xong Cook,10271,47,63.8,2026-10-07T05:32:40
Annie,3,Heart,10271,62,66.1,2026-10-07T05:32:53
Annie,4,情随伤逝恨随痛至,9656,50,62.0,2026-10-07T05:33:06
Annie,5,Bé ia đùn,9534,116,62.1,2026-10-07T05:33:24
Annie,6,AnnieForEver,9343,124,59.7,2026-10-07T05:33:35
Annie,7,Chapa,8710,21,61.9,2026-10-07T05:33:48
Annie,8,CC Magnets,9032,72,61.1,2026-10-07T05:34:00
Annie,9,YAZIKAFANAAA,9322,128,56.2,2026-10-07T05:34:12
Annie,10,Vxp BattleMage,8785,34,67.6,2026-10-07T05:34:24
Annie,11,Snik,8666,136,51.5,2026-10-07T05:34:34
Annie,12,DEUS,8238,105,51.4,2026-10-07T05:34:42
Annie,13,LightningMcQueen,8576,46,60.9,2026-10-07T05:34:52
Annie,14,中国万万岁,8079,87,47.1,2026-10-07T05:35:00
Annie,15,Freddie,7954,38,71.1,2026-10-07T05:35:11
Annie,16,Koko la légend,7671,47,72.3,2026-10-07T05:35:24
Annie,17,parejix,7545,137,56.9,2026-10-07T05:35:36
Annie,18,4Ewa,7565,43,69.8,2026-10-07T05:35:54
Annie,19,coJleBou,7515,56,73.2,2026-10-07T05:36:07
Annie,20,SxrryyyIOS,7449,27,70.4,2026-10-07T05:36:20
Annie,21,Tommy Hovindej,7508,46,67.4,2026-10-07T05:36:30
Annie,22,Sunny,7409,90,54.4,2026-10-07T05:36:38
Annie,23,OneTrickyPony,7409,76,60.5,2026-10-07T05:36:48
Annie,24,DrunkFish,7457,34,41.2,2026-10-07T05:36:58
Annie,25,T1 Rekkles,7339,38,71.1,2026-10-07T05:37:06
Annie,26,BOT ANNÍE,7196,69,65.2,2026-10-07T05:37:17
Annie,27,Yexter 2021,7188,36,61.1,2026-10-07T05:37:25
Annie,28,flayG,7105,17,52.9,2026-10-07T05:37:37
Annie,29,Hide oN bush,7320,69,58.0,2026-10-07T05:37:47
Annie,30,ibos,7245,77,66.2,2026-10-07T05:37:55
Ashe,1,Dzedas,10271,120,60.0,2026-10-07T09:26:11
Ashe,2,The Cutest,10271,34,76.5,2026-10-07T09:26:24
Ashe,3,King Mars,4841,8,87.5,2026-10-07T09:26:43
Ashe,4,Nietzsche,8794,15,80.0,2026-10-07T09:27:03
Ashe,5,Weakside refugee,8878,36,50.0,2026-10-07T09:27:23
Ashe,6,theBrokenGuy,8747,34,55.9,2026-10-07T09:27:35
Ashe,7,xDark,8724,36,69.4,2026-10-07T09:27:51
Ashe,8,BOPE CR7ezReal,9534,168,53.0,2026-10-07T09:28:03
Ashe,9,ONE SHOT,8685,86,57.0,2026-10-07T09:28:12
Ashe,10,Deadly 永生,8571,27,74.1,2026-10-07T09:28:23
Ashe,11,SandMan,8379,114,60.5,2026-10-07T09:28:34
Ashe,12,Ducidus Aquilius,8579,27,88.9,2026-10-07T09:28:43
Ashe,13,神之火花,8118,20,70.0,2026-10-07T09:28:55
Ashe,14,D4CHO,8110,27,51.9,2026-10-07T09:29:05
Ashe,15,Warea,8106,28,53.6,2026-10-07T09:29:18
Ashe,16,Nythm,8342,103,57.3,2026-10-07T09:29:31
Ashe,17,Jno,8260,46,65.2,2026-10-07T09:29:42
Ashe,18,Djo,8169,40,45.0,2026-10-07T09:29:57
Ashe,19,LOKI影,8165,29,69.0,2026-10-07T09:30:06
Ashe,20,APOCALYPSE,8157,97,75.3,2026-10-07T09:30:17
Ashe,21,我妻善逸,7880,14,78.6,2026-10-07T09:30:33
Ashe,22,Siervo del Señor,8725,112,51.8,2026-10-07T09:30:44
Ashe,23,Mheo31,8224,164,55.5,2026-10-07T09:30:59
Ashe,24,NOX,2437,9,44.4,2026-10-07T09:31:17
Ashe,25,psikolojim bozuk,7787,25,60.0,2026-10-07T09:31:35
Ashe,26,NoSoyUnGnomo,7910,23,65.2,2026-10-07T09:32:05
Ashe,27,,7590,28,60.7,2026-10-07T09:32:21
Ashe,28,LAFREON,7724,76,63.2,2026-10-07T09:32:46
Ashe,29,AmDaCarry,7565,56,62.5,2026-10-07T09:33:12
Ashe,30,ADC00,7740,31,64.5,2026-10-07T09:33:41
Aurelion Sol,1,124448474884,11460,45,66.7,2026-10-07T04:26:32
Aurelion Sol,2,qqwiizx,10041,128,61.7,2026-10-07T04:26:44
Aurelion Sol,3,Lyas,9263,19,68.4,2026-10-07T04:26:57
Aurelion Sol,4,feel the limits,9259,50,52.0,2026-10-07T04:27:09
Aurelion Sol,5,W0Lf 0d1No4ka,9279,31,67.7,2026-10-07T04:27:25
Aurelion Sol,6,Dies Irae,8785,37,62.2,2026-10-07T04:27:35
Aurelion Sol,7,Dragon 29v5,8749,30,70.0,2026-10-07T04:27:46
Aurelion Sol,8,GoldsBeer,8622,93,60.2,2026-10-07T04:27:56
Aurelion Sol,9,MikasaLovesRng,8541,29,58.6,2026-10-07T04:28:04
Aurelion Sol,10,Tuu,8400,63,65.1,2026-10-07T04:28:14
Aurelion Sol,11,CosmicReaper,8329,25,60.0,2026-10-07T04:28:24
Aurelion Sol,12,skajex33,8414,66,66.7,2026-10-07T04:28:32
Aurelion Sol,13,Agur,8196,46,65.2,2026-10-07T04:28:42
Aurelion Sol,14,DEA,8525,87,52.9,2026-10-07T04:28:50
Aurelion Sol,15,P1ttikYiYEN,8260,46,67.4,2026-10-07T04:29:00
Aurelion Sol,16,FannyGrab69,8235,30,83.3,2026-10-07T04:29:14
Aurelion Sol,17,KiveG,8057,22,63.6,2026-10-07T04:29:25
Aurelion Sol,18,WEIYANG,8019,22,50.0,2026-10-07T04:29:41
Aurelion Sol,19,KamehameAurelion,7990,45,64.4,2026-10-07T04:29:57
Aurelion Sol,20,DragenfraSt斯图之龙,7917,49,75.5,2026-10-07T04:30:06
Aurelion Sol,21,NO MIND CONTROL,7884,70,61.4,2026-10-07T04:30:16
Aurelion Sol,22,RFc,7834,29,72.4,2026-10-07T04:30:24
Aurelion Sol,23,japyyyy,7875,39,69.2,2026-10-07T04:30:34
Aurelion Sol,24,Lexcsiii,8117,66,56.1,2026-10-07T04:30:44
Aurelion Sol,25,Krusher76,7834,62,59.7,2026-10-07T04:30:52
Aurelion Sol,26,Free CS,7821,32,62.5,2026-10-07T04:31:03
Aurelion Sol,27,lilxWaLeD,7834,59,57.6,2026-10-07T04:31:14
Aurelion Sol,28,69拉格納,7740,44,61.4,2026-10-07T04:31:22
Aurelion Sol,29,Eqvalent,7834,98,57.1,2026-10-07T04:31:32
Aurelion Sol,30,bekasi,7565,33,66.7,2026-10-07T04:31:40
Aurora,1,Ewaai,10721,27,66.7,2026-10-07T11:44:03
Aurora,2,コロンビーナ,10271,51,70.6,2026-10-07T11:44:21
Aurora,3,カオスLEONEL,10104,61,54.1,2026-10-07T11:44:38
Aurora,4,Adè,9885,42,61.9,2026-10-07T11:44:48
Aurora,5,OrenIV,9768,33,66.7,2026-10-07T11:45:04
Aurora,6,Apranax,9790,104,57.7,2026-10-07T11:45:15
Aurora,7,塗YAKUZA塗,9658,56,60.7,2026-10-07T11:45:28
Aurora,8,BlackWhite,9828,89,50.6,2026-10-07T11:45:40
Aurora,9,Shiloh,9330,17,64.7,2026-10-07T11:45:49
Aurora,10,zindo,9251,70,52.9,2026-10-07T11:46:02
Aurora,11,IIBaDIIBlooDII,9231,30,60.0,2026-10-07T11:46:12
Aurora,12,JÄGERロッこ,9160,56,51.8,2026-10-07T11:46:21
Aurora,13,Ślyth,9160,80,65.0,2026-10-07T11:46:31
Aurora,14,koberito,9183,34,61.8,2026-10-07T11:46:41
Aurora,15,qqwiizx,8628,40,55.0,2026-10-07T11:46:51
Aurora,16,Ao青,8769,25,60.0,2026-10-07T11:47:02
Aurora,17,SirRado,9093,106,59.4,2026-10-07T11:47:10
Aurora,18,ISUSOVA ŠLAPA,8447,61,55.7,2026-10-07T11:47:22
Aurora,19,Tillshi8970,8425,68,69.1,2026-10-07T11:47:31
Aurora,20,Arigrande,8391,24,58.3,2026-10-07T11:47:43
Aurora,21,dicigner,8257,19,63.2,2026-10-07T11:47:57
Aurora,22,sleepyy,8243,13,84.6,2026-10-07T11:48:10
Aurora,23,AAPTAHbSAH XD,8150,50,52.0,2026-10-07T11:48:27
Aurora,24,Maxthayne ZK,7985,20,55.0,2026-10-07T11:48:43
Aurora,25,OpuM,7967,24,54.2,2026-10-07T11:48:55
Aurora,26,xRusher,7945,36,66.7,2026-10-07T11:49:09
Aurora,27,meoww,7866,35,60.0,2026-10-07T11:49:18
Aurora,28,Gasai,8094,73,57.5,2026-10-07T11:49:29
Aurora,29,Samira Is Cute,7850,32,59.4,2026-10-07T11:49:40
Aurora,30,BrandonRSA,7893,51,52.9,2026-10-07T11:49:48
Bard,1,lvキルラキル,10702,45,62.2,2026-10-07T14:46:15
Bard,2,醒来就这样,10098,56,55.4,2026-10-07T14:46:27
Bard,3,Mihailo,10005,32,68.8,2026-10-07T14:46:48
Bard,4,Blåbärspaj,9777,162,59.9,2026-10-07T14:47:20
Bard,5,dimentiy,9409,69,62.3,2026-10-07T14:47:41
Bard,6,TLOP Blub,8356,68,55.9,2026-10-07T14:47:57
Bard,7,NaWaF,8341,18,72.2,2026-10-07T14:48:18
Bard,8,hugorix,8745,70,52.9,2026-10-07T14:48:31
Bard,9,ZEAN,8138,24,58.3,2026-10-07T14:48:41
Bard,10,Aegis123,8014,41,51.2,2026-10-07T14:48:54
Bard,11,011,7941,56,57.1,2026-10-07T14:49:07
Bard,12,Maybe,7861,17,70.6,2026-10-07T14:49:21
Bard,13,BIELKA22,7772,28,46.4,2026-10-07T14:49:38
Bard,14,Marcellus,7816,40,60.0,2026-10-07T14:49:49
Bard,15,Dòu,7622,86,53.5,2026-10-07T14:50:02
Bard,16,WoS,7490,11,72.7,2026-10-07T14:50:20
Bard,17,Lambda,7318,59,52.5,2026-10-07T14:50:39
Bard,18,Adel,7400,31,51.6,2026-10-07T14:51:02
Bard,19,SMO,7251,49,61.2,2026-10-07T14:51:23
Bard,20,BSP MyTreshh,7319,93,53.8,2026-10-07T14:51:34
Bard,21,Český HARD DIFF,7469,28,64.3,2026-10-07T14:51:51
Bard,22,Coach Doucette,7329,38,55.3,2026-10-07T14:52:02
Bard,23,Limbo,7101,25,48.0,2026-10-07T14:52:12
Bard,24,Beso Ceco,7007,33,66.7,2026-10-07T14:52:25
Bard,25,yozu,6926,35,57.1,2026-10-07T14:52:39
Bard,26,KC RandomChall,6885,33,57.6,2026-10-07T14:52:49
Bard,27,MagicoVicente,6686,10,90.0,2026-10-07T14:53:03
Bard,28,Autoskorjeny,6747,26,73.1,2026-10-07T14:53:16
Bard,29,Waiting 2nd ban,6587,27,63.0,2026-10-07T14:53:26
Bard,30,KC moiltrouduq,6644,62,56.5,2026-10-07T14:53:39
Blitzcrank,1,TTV Lux01,8970,54,79.6,2026-10-07T05:20:44
Blitzcrank,2,ツMIYAVKAIツ,9160,293,47.1,2026-10-07T05:20:54
Blitzcrank,3,冥灯引魂SSQ,8611,23,56.5,2026-10-07T05:21:07
Blitzcrank,4,immortal yasuuo,8473,58,56.9,2026-10-07T05:21:25
Blitzcrank,5,PotenceR,8130,96,59.4,2026-10-07T05:21:39
Blitzcrank,6,CanClovex,8183,179,50.3,2026-10-07T05:21:53
Blitzcrank,7,Heizeken,2369,5,40.0,2026-10-07T05:22:10
Blitzcrank,8,WaffkenS,7878,145,54.5,2026-10-07T05:22:23
Blitzcrank,9,plyhrd,7834,68,60.3,2026-10-07T05:22:32
Blitzcrank,10,SaucyLasagne,7702,18,50.0,2026-10-07T05:22:49
Blitzcrank,11,Unknown9191,7941,70,55.7,2026-10-07T05:23:03
Blitzcrank,12,cRaken,7622,87,56.3,2026-10-07T05:23:14
Blitzcrank,13,하지만해피,7515,56,60.7,2026-10-07T05:23:26
Blitzcrank,14,be like Ganacci,7356,28,50.0,2026-10-07T05:23:37
Blitzcrank,15,Giomanno,7329,40,62.5,2026-10-07T05:23:49
Blitzcrank,16,Dravegan,7363,79,60.8,2026-10-07T05:23:59
Blitzcrank,17,FIZZLER,7648,36,44.4,2026-10-07T05:24:12
Blitzcrank,18,q4hn,7396,55,49.1,2026-10-07T05:24:22
Blitzcrank,19,Propiedad SARA,7246,41,39.0,2026-10-07T05:24:34
Blitzcrank,20,Skorc,7390,79,50.6,2026-10-07T05:24:48
Blitzcrank,21,Gilgamech,7265,60,65.0,2026-10-07T05:25:03
Blitzcrank,22,KawaiAsaf38,7125,52,61.5,2026-10-07T05:25:16
Blitzcrank,23,newmiracle,7090,34,67.6,2026-10-07T05:25:27
Blitzcrank,24,PorarazBiracca,7513,86,60.5,2026-10-07T05:25:40
Blitzcrank,25,Hakona,7129,64,51.6,2026-10-07T05:25:48
Blitzcrank,26,Cripss,7851,112,56.2,2026-10-07T05:25:59
Blitzcrank,27,Kse0s,6938,33,69.7,2026-10-07T05:26:08
Blitzcrank,28,Cho,7018,17,64.7,2026-10-07T05:26:18
Blitzcrank,29,Yami Sukehiro,6876,32,78.1,2026-10-07T05:26:28
Blitzcrank,30,I got you,7352,80,51.2,2026-10-07T05:26:36
Brand,1,AngelOfNightFall,5914,13,76.9,2026-10-07T16:39:36
Brand,2,JogaBonito,9534,163,50.9,2026-10-07T16:39:46
Brand,3,Aimzz,8652,65,63.1,2026-10-07T16:39:58
Brand,4,AlucarD,8260,80,47.5,2026-10-07T16:40:10
Brand,5,ツルネンマルテイ,8047,79,48.1,2026-10-07T16:40:25
Brand,6,euForie,8154,64,54.7,2026-10-07T16:40:36
Brand,7,SWINOBODY,7989,85,60.0,2026-10-07T16:40:49
Brand,8,Marik90,7961,86,57.0,2026-10-07T16:41:00
Brand,9,Darklighted,7834,100,52.0,2026-10-07T16:41:09
Brand,10,Feelmyfart,7683,50,66.0,2026-10-07T16:41:22
Brand,11,DayDreamer,7701,22,72.7,2026-10-07T16:41:31
Brand,12,WExxxED,7624,69,55.1,2026-10-07T16:41:44
Brand,13,Darkhate1,3117,5,60.0,2026-10-07T16:42:03
Brand,14,RISK,7678,59,57.6,2026-10-07T16:42:15
Brand,15,Mavera,7619,103,59.2,2026-10-07T16:42:31
Brand,16,LaFlame,7453,38,78.9,2026-10-07T16:42:49
Brand,17,Escape Or Die,7443,27,66.7,2026-10-07T16:43:02
Brand,18,Legend0fBlue,7480,78,48.7,2026-10-07T16:43:21
Brand,19,BCN FAIZ,7592,40,60.0,2026-10-07T16:43:37
Brand,20,JHIN WICK,7417,25,68.0,2026-10-07T16:43:50
Brand,21,LR TRBOSS,7454,73,57.5,2026-10-07T16:44:01
Brand,22,BOAK C BHHCTPAK,7689,122,50.8,2026-10-07T16:44:10
Brand,23,DarkWizZArRD,7457,26,61.5,2026-10-07T16:44:21
Brand,24,BRANDY ORTON,7303,52,67.3,2026-10-07T16:44:32
Brand,25,Anty Kleryk,7351,63,47.6,2026-10-07T16:44:42
Brand,26,FERRAGAMO,7279,82,58.5,2026-10-07T16:45:00
Brand,27,Paradise,7268,78,56.4,2026-10-07T16:45:17
Brand,28,SoUlChaRmツ,7294,52,51.9,2026-10-07T16:45:34
Brand,29,WhiteBearD,7209,48,62.5,2026-10-07T16:45:51
Brand,30,BEPTULLIKA,7941,51,54.9,2026-10-07T16:46:07
Braum,1,LUNA scar2592,10047,108,61.1,2026-10-07T04:15:44
Braum,2,MLV DrTesto,9767,24,79.2,2026-10-07T04:15:57
Braum,3,Huatame,9764,91,60.4,2026-10-07T04:16:09
Braum,4,paulina又,9746,40,55.0,2026-10-07T04:16:36
Braum,5,Nascastooo,9421,53,66.0,2026-10-07T04:16:56
Braum,6,BIELKA22,8967,37,54.1,2026-10-07T04:17:07
Braum,7,JamesBomb,9149,49,53.1,2026-10-07T04:17:15
Braum,8,YOLYEMEZ,8782,60,58.3,2026-10-07T04:17:30
Braum,9,Thresh Player,8561,66,65.2,2026-10-07T04:17:43
Braum,10,Edark,8548,115,53.9,2026-10-07T04:17:51
Braum,11,ÇÍNGENE BRAUM,8260,71,56.3,2026-10-07T04:18:02
Braum,12,Trolistar,8154,41,53.7,2026-10-07T04:18:11
Braum,13,Ozai,8262,64,53.1,2026-10-07T04:18:19
Braum,14,KGB VsëMimo,8054,81,55.6,2026-10-07T04:18:29
Braum,15,Saahra,8064,116,50.0,2026-10-07T04:18:37
Braum,16,kashy,7834,62,50.0,2026-10-07T04:18:49
Braum,17,The Asgard,7779,51,52.9,2026-10-07T04:19:00
Braum,18,Wujek Czaju,7671,89,61.8,2026-10-07T04:19:09
Braum,19,Millua,7858,25,52.0,2026-10-07T04:19:18
Braum,20,Charley is back,7681,34,73.5,2026-10-07T04:19:26
Braum,21,Femme Fatale,5619,22,45.5,2026-10-07T04:19:36
Braum,22,Kagami,7552,22,81.8,2026-10-07T04:19:46
Braum,23,NÄTI242ロッこ,7673,84,53.6,2026-10-07T04:19:54
Braum,24,The BoyWho,7622,82,57.3,2026-10-07T04:20:03
Braum,25,Shankss,7373,38,68.4,2026-10-07T04:20:12
Braum,26,Dorkitas,7371,35,54.3,2026-10-07T04:20:21
Braum,27,TTK LOCOGREECO,7294,15,60.0,2026-10-07T04:20:31
Braum,28,BigBellyDude,7269,26,65.4,2026-10-07T04:20:39
Braum,29,Em Mina,7255,32,59.4,2026-10-07T04:20:49
Braum,30,Luuuu die Rakete,7225,65,53.8,2026-10-07T04:20:59
Caitlyn,1,Maya Berovic,11403,41,70.7,2026-10-07T16:07:47
Caitlyn,2,VE ABÍNÍZ,10747,41,73.2,2026-10-07T16:07:59
Caitlyn,3,AD INFINITUM,10669,159,56.6,2026-10-07T16:08:13
Caitlyn,4,fav meal blondes,10484,70,60.0,2026-10-07T16:08:26
Caitlyn,5,,10271,36,77.8,2026-10-07T16:08:41
Caitlyn,6,Four,10271,41,65.9,2026-10-07T16:08:52
Caitlyn,7,Dragneel,10271,44,68.2,2026-10-07T16:09:07
Caitlyn,8,Ly佐柚,10271,60,65.0,2026-10-07T16:09:20
Caitlyn,9,EλαEδω,10039,92,58.7,2026-10-07T16:09:31
Caitlyn,10,Kam1k,10032,53,64.2,2026-10-07T16:09:44
Caitlyn,11,D4CHO,9794,106,49.1,2026-10-07T16:09:58
Caitlyn,12,Wildflowering,9540,31,61.3,2026-10-07T16:10:10
Caitlyn,13,天使鳩,9427,39,56.4,2026-10-07T16:10:39
Caitlyn,14,HerMoon,9244,39,61.5,2026-10-07T16:10:56
Caitlyn,15,airbaander3,9545,40,67.5,2026-10-07T16:11:20
Caitlyn,16,KBAPTIPAHT,9034,35,60.0,2026-10-07T16:11:37
Caitlyn,17,Balance1,9306,68,54.4,2026-10-07T16:11:52
Caitlyn,18,DJ Caitpol,8973,66,69.7,2026-10-07T16:12:10
Caitlyn,19,lukica,9120,39,64.1,2026-10-07T16:12:23
Caitlyn,20,Yasins,8933,54,48.1,2026-10-07T16:12:35
Caitlyn,21,SAS,8777,35,65.7,2026-10-07T16:12:55
Caitlyn,22,Oberon Vortigern,8700,64,59.4,2026-10-07T16:13:11
Caitlyn,23,Mrez,8673,30,56.7,2026-10-07T16:13:31
Caitlyn,24,Perspective,8834,51,70.6,2026-10-07T16:13:52
Caitlyn,25,Kung Lao,8590,31,54.8,2026-10-07T16:14:04
Caitlyn,26,ParisGRE,9118,22,54.5,2026-10-07T16:14:16
Caitlyn,27,Kayou,8551,74,59.5,2026-10-07T16:14:26
Caitlyn,28,Qwil,8688,37,51.4,2026-10-07T16:14:40
Caitlyn,29,BunnyShot,8762,52,57.7,2026-10-07T16:14:52
Caitlyn,30,V3 Açé,8367,43,51.2,2026-10-07T16:15:01
Camille,1,AlienX,12911,44,70.5,2026-10-07T20:25:26
Camille,2,大熊硬糖,11431,38,84.2,2026-10-07T20:25:37
Camille,3,孔二楞子,11266,88,53.4,2026-10-07T20:26:21
Camille,4,ZMxy,11132,73,57.5,2026-10-07T20:26:32
Camille,5,Kan,11061,76,65.8,2026-10-07T20:26:45
Camille,6,牛肉加辣,10867,76,50.0,2026-10-07T20:26:56
Camille,7,camilleenjoyer,10503,127,57.5,2026-10-07T20:27:05
Camille,8,Hegesias,10271,80,62.5,2026-10-07T20:27:28
Camille,9,cxmxllx Pedro,10271,112,61.6,2026-10-07T20:27:40
Camille,10,meomituot,10043,74,63.5,2026-10-07T20:27:49
Camille,11,Nguyn Hà Nam,9848,79,59.5,2026-10-07T20:27:59
Camille,12,Hinata,9807,55,65.5,2026-10-07T20:28:08
Camille,13,Karaj,9782,49,65.3,2026-10-07T20:28:19
Camille,14,Lana del gay,9221,62,58.1,2026-10-07T20:28:29
Camille,15,Yuso,9270,41,63.4,2026-10-07T20:28:38
Camille,16,Danskeren,9050,27,81.5,2026-10-07T20:28:49
Camille,17,Xiaoxie,9265,41,58.5,2026-10-07T20:28:58
Camille,18,Shødean,9029,34,52.9,2026-10-07T20:29:09
Camille,19,Ariss,8795,21,61.9,2026-10-07T20:29:19
Camille,20,Tài Năng Già,8622,38,76.3,2026-10-07T20:29:28
Camille,21,cassper,8568,18,77.8,2026-10-07T20:29:40
Camille,22,BAKI HANMA 霸鬼,8515,25,48.0,2026-10-07T20:29:48
Camille,23,Spown,8353,34,47.1,2026-10-07T20:30:00
Camille,24,Tired So,8305,34,50.0,2026-10-07T20:30:09
Camille,25,kato,8399,21,71.4,2026-10-07T20:30:18
Camille,26,Nguyn Anh Tun,8262,16,56.2,2026-10-07T20:30:30
Camille,27,,8152,42,61.9,2026-10-07T20:30:41
Camille,28,H1zel,8098,37,75.7,2026-10-07T20:30:50
Camille,29,zzhoaxzz,8024,41,63.4,2026-10-07T20:31:01
Camille,30,GODZY,7947,36,63.9,2026-10-07T20:31:10
Cho'Gath,1,RA1D Nahro,11661,76,55.3,2026-10-07T12:13:48
Cho'Gath,2,kzqqq7,10229,52,63.5,2026-10-07T12:13:58
Cho'Gath,3,LouisLêKhôi O7,9793,77,50.6,2026-10-07T12:14:20
Cho'Gath,4,Kaiju,9993,38,63.2,2026-10-07T12:14:33
Cho'Gath,5,豪哥哥,9927,17,100.0,2026-10-07T12:14:48
Cho'Gath,6,Lich King,9528,49,59.2,2026-10-07T12:14:59
Cho'Gath,7,Shædow,9390,46,58.7,2026-10-07T12:15:11
Cho'Gath,8,リゼロMonkeyyRBD,9218,40,65.0,2026-10-07T12:15:24
Cho'Gath,9,AMaAa HO,8968,44,65.9,2026-10-07T12:15:34
Cho'Gath,10,ZMxy,9084,45,53.3,2026-10-07T12:15:47
Cho'Gath,11,tugerglokdik,4963,9,55.6,2026-10-07T12:16:03
Cho'Gath,12,Abisso,8704,50,46.0,2026-10-07T12:16:20
Cho'Gath,13,Nakama,8690,30,53.3,2026-10-07T12:16:38
Cho'Gath,14,phú,8669,57,64.9,2026-10-07T12:16:52
Cho'Gath,15,TheUnforgotten,8923,70,57.1,2026-10-07T12:17:01
Cho'Gath,16,DemisSionMacron,8561,44,56.8,2026-10-07T12:17:13
Cho'Gath,17,HònDáiÂmDương,8598,44,61.4,2026-10-07T12:17:25
Cho'Gath,18,L9 Huni,8446,35,68.6,2026-10-07T12:17:36
Cho'Gath,19,Insta estaboost,8426,21,81.0,2026-10-07T12:17:48
Cho'Gath,20,TR Ryzê,8172,42,54.8,2026-10-07T12:17:58
Cho'Gath,21,破破破破破破破破,8221,38,47.4,2026-10-07T12:18:15
Cho'Gath,22,lyun,8154,30,70.0,2026-10-07T12:18:26
Cho'Gath,23,Dotter,8421,33,66.7,2026-10-07T12:18:35
Cho'Gath,24,TheLastBastion,8238,37,67.6,2026-10-07T12:18:47
Cho'Gath,25,Favi3,8366,60,56.7,2026-10-07T12:18:58
Cho'Gath,26,Sunniee,8045,32,68.8,2026-10-07T12:19:12
Cho'Gath,27,Retired toplane,8502,14,64.3,2026-10-07T12:19:31
Cho'Gath,28,LR Almighty,7947,14,71.4,2026-10-07T12:19:48
Cho'Gath,29,ANDREW TERROR,8015,14,64.3,2026-10-07T12:20:08
Cho'Gath,30,iG 壓倒的,7951,91,56.0,2026-10-07T12:20:26
Corki,1,MikasaLovesRng,9274,24,70.8,2026-10-07T07:30:37
Corki,2,Xaver,9371,41,63.4,2026-10-07T07:30:46
Corki,3,Daemon,8823,43,69.8,2026-10-07T07:30:57
Corki,4,IMANE,8785,60,61.7,2026-10-07T07:31:07
Corki,5,BoxBox,8579,48,62.5,2026-10-07T07:31:24
Corki,6,FARKEDMEZ,8473,37,78.4,2026-10-07T07:31:38
Corki,7,XAYAH,8410,41,53.7,2026-10-07T07:31:48
Corki,8,DatOneShotTho,8336,31,64.5,2026-10-07T07:32:03
Corki,9,zoinks,8154,53,54.7,2026-10-07T07:32:13
Corki,10,TKmiguel不可觸碰,8147,23,56.5,2026-10-07T07:32:22
Corki,11,Anvil AmbRi,7806,15,60.0,2026-10-07T07:32:35
Corki,12,Don Tomás,7694,50,58.0,2026-10-07T07:32:47
Corki,13,Mihailo,7673,25,60.0,2026-10-07T07:32:55
Corki,14,Nyxian,7680,30,60.0,2026-10-07T07:33:06
Corki,15,Karlakov,7539,34,64.7,2026-10-07T07:33:14
Corki,16,ADKING VIET,7634,45,57.8,2026-10-07T07:33:25
Corki,17,Xaver,7938,26,80.8,2026-10-07T07:33:36
Corki,18,車臣FORWARDS95,7529,30,63.3,2026-10-07T07:33:47
Corki,19,lost my mind,7606,37,54.1,2026-10-07T07:34:01
Corki,20,MrProf,7622,70,61.4,2026-10-07T07:34:16
Corki,21,MindsetDeleted,7650,38,55.3,2026-10-07T07:34:28
Corki,22,ONE SHOT,7133,39,51.3,2026-10-07T07:34:39
Corki,23,Vasya100PudoW,7074,51,54.9,2026-10-07T07:34:47
Corki,24,MrLigmaBallz,7041,28,60.7,2026-10-07T07:34:57
Corki,25,Instgrm wrdboost,6904,9,100.0,2026-10-07T07:35:07
Corki,26,SAUL GOODMAN,6912,51,60.8,2026-10-07T07:35:15
Corki,27,我是世界上最糟糕的人,6746,29,55.2,2026-10-07T07:35:26
Corki,28,Kuschelarmy,6967,14,57.1,2026-10-07T07:35:35
Corki,29,Bedobombratyo,6734,32,56.2,2026-10-07T07:35:44
Corki,30,Xsymeo,6557,38,63.2,2026-10-07T07:35:54
Darius,1,Minazuki复制,11771,286,60.1,2026-10-07T08:31:21
Darius,2,MADNESS,11249,135,57.8,2026-10-07T08:31:31
Darius,3,RA1D Nahro,10592,52,59.6,2026-10-07T08:31:40
Darius,4,Noctis Lucis望,10458,71,54.9,2026-10-07T08:31:50
Darius,5,An1F1rst,10271,54,61.1,2026-10-07T08:32:10
Darius,6,HOOKinYOURface,1000,4,50.0,2026-10-07T08:32:21
Darius,7,Kira,10271,97,68.0,2026-10-07T08:32:35
Darius,8,Kâsâp Generâl,10031,68,61.8,2026-10-07T08:32:47
Darius,9,OBIWAN,10271,57,68.4,2026-10-07T08:32:58
Darius,10,支离 Memory,9999,51,64.7,2026-10-07T08:33:11
Darius,11,wujek 1v9,9814,91,47.3,2026-10-07T08:33:25
Darius,12,eez,10031,132,59.1,2026-10-07T08:33:35
Darius,13,TSW Pun,9603,54,75.9,2026-10-07T08:33:49
Darius,14,RA1D Nahro,9690,51,62.7,2026-10-07T08:33:57
Darius,15,Ap4XINO,9369,68,64.7,2026-10-07T08:34:08
Darius,16,Lich King,9542,60,46.7,2026-10-07T08:34:18
Darius,17,pink ward,10053,73,58.9,2026-10-07T08:34:26
Darius,18,Kaiju,9912,49,53.1,2026-10-07T08:34:37
Darius,19,kl0wn,9175,34,70.6,2026-10-07T08:34:47
Darius,20,raf051,9534,194,56.7,2026-10-07T08:34:55
Darius,21,INSIDIOUS,9169,98,55.1,2026-10-07T08:35:06
Darius,22,Kriskoo,9092,34,52.9,2026-10-07T08:35:14
Darius,23,Babe不,9260,29,65.5,2026-10-07T08:35:24
Darius,24,Cheqirge,8894,95,51.6,2026-10-07T08:35:34
Darius,25,No Equal 組長,8869,53,54.7,2026-10-07T08:35:43
Darius,26,T1 Katania,8845,91,60.4,2026-10-07T08:35:53
Darius,27,AliceInPiggyland,8843,16,81.2,2026-10-07T08:36:04
Darius,28,ALASTOR,8785,60,60.0,2026-10-07T08:36:12
Darius,29,Greedy,8785,52,59.6,2026-10-07T08:36:22
Darius,30,David,8785,66,57.6,2026-10-07T08:36:33
Diana,1,RedLY,10271,63,73.0,2026-10-07T00:53:40
Diana,2,MordreD,9983,39,64.1,2026-10-07T00:53:52
Diana,3,Resident,9534,160,56.9,2026-10-07T00:54:02
Diana,4,VIE Trong,8974,46,76.1,2026-10-07T00:54:15
Diana,5,OwnZ,8968,48,58.3,2026-10-07T00:54:33
Diana,6,夏夜晚風,3956,9,77.8,2026-10-07T00:54:49
Diana,7,Kriskoo,8983,16,68.8,2026-10-07T00:55:01
Diana,8,lukica,8813,54,53.7,2026-10-07T00:55:12
Diana,9,Bae Em đng khóc,8793,25,56.0,2026-10-07T00:55:21
Diana,10,ZxCBreak,8785,42,71.4,2026-10-07T00:55:32
Diana,11,SINA,8579,39,56.4,2026-10-07T00:55:51
Diana,12,AethelWR,8460,53,58.5,2026-10-07T00:56:03
Diana,13,KaRaKaMa,8414,147,56.5,2026-10-07T00:56:15
Diana,14,Klaf,8279,21,85.7,2026-10-07T00:56:26
Diana,15,VE Keuflugg,8281,26,65.4,2026-10-07T00:56:42
Diana,16,Yedi,8254,34,55.9,2026-10-07T00:56:58
Diana,17,tiktok sk0fi,8336,16,75.0,2026-10-07T00:57:09
Diana,18,Billie jinx,8382,37,56.8,2026-10-07T00:57:24
Diana,19,SyPiQky,7982,42,50.0,2026-10-07T00:57:40
Diana,20,Tilt Mentality,8333,81,48.1,2026-10-07T00:57:56
Diana,21,ning,8276,66,45.5,2026-10-07T00:58:08
Diana,22,vincekir,7576,17,52.9,2026-10-07T00:58:18
Diana,23,en feu,8305,22,50.0,2026-10-07T00:58:33
Diana,24,엠푸키짱,8056,50,60.0,2026-10-07T00:59:01
Diana,25,天国剣,7776,27,70.4,2026-10-07T00:59:28
Diana,26,Arşimist,7704,17,70.6,2026-10-07T01:00:21
Diana,27,womansimulator,7799,25,64.0,2026-10-07T01:00:52
Diana,28,RaiZo,7687,49,44.9,2026-10-07T01:01:27
Diana,29,MG Thành Văn,8329,31,51.6,2026-10-07T01:01:53
Diana,30,MLV Lethal Hook,7657,12,58.3,2026-10-07T01:02:20
Dr. Mundo,1,日日日,10036,66,59.1,2026-10-07T07:41:41
Dr. Mundo,2,ANDREW TERROR,9571,43,46.5,2026-10-07T07:41:50
Dr. Mundo,3,Caramelo甜品,9160,94,56.4,2026-10-07T07:42:00
Dr. Mundo,4,天天神券福利官,8579,83,51.8,2026-10-07T07:42:09
Dr. Mundo,5,Insta wrpikasso,8293,35,85.7,2026-10-07T07:42:23
Dr. Mundo,6,无聊啊,3727,14,57.1,2026-10-07T07:42:35
Dr. Mundo,7,VAYNPWNZ,8047,77,64.9,2026-10-07T07:42:49
Dr. Mundo,8,BP Yoel,8016,36,55.6,2026-10-07T07:43:01
Dr. Mundo,9,Ananasik,7916,116,55.2,2026-10-07T07:43:11
Dr. Mundo,10,이가렌,7991,39,64.1,2026-10-07T07:43:22
Dr. Mundo,11,Morgoth,7976,102,47.1,2026-10-07T07:43:33
Dr. Mundo,12,PST THEBESTMATE1,7894,14,78.6,2026-10-07T07:43:44
Dr. Mundo,13,LichKing,7945,40,55.0,2026-10-07T07:43:57
Dr. Mundo,14,Roronoa,7843,34,58.8,2026-10-07T07:44:05
Dr. Mundo,15,Rom,7834,51,52.9,2026-10-07T07:44:15
Dr. Mundo,16,MUSSALLAT,7736,41,73.2,2026-10-07T07:44:25
Dr. Mundo,17,Anh Minh,7934,15,66.7,2026-10-07T07:44:32
Dr. Mundo,18,XxNATOUxX,7834,58,63.8,2026-10-07T07:44:47
Dr. Mundo,19,Leo羊,7709,35,68.6,2026-10-07T07:44:57
Dr. Mundo,20,Giero,7731,22,59.1,2026-10-07T07:45:12
Dr. Mundo,21,PaddleJumper,7538,20,55.0,2026-10-07T07:45:26
Dr. Mundo,22,OZAN ARSLAN,7533,18,72.2,2026-10-07T07:45:37
Dr. Mundo,23,BogeBftc,7511,37,75.7,2026-10-07T07:45:48
Dr. Mundo,24,GregorSamsa闇,7571,48,56.2,2026-10-07T07:46:00
Dr. Mundo,25,dev1L,7409,74,62.2,2026-10-07T07:46:08
Dr. Mundo,26,Keciupas,7307,59,59.3,2026-10-07T07:46:18
Dr. Mundo,27,nuts21,7552,85,54.1,2026-10-07T07:46:26
Dr. Mundo,28,RMM,7275,34,61.8,2026-10-07T07:46:36
Dr. Mundo,29,Lehobbn,7303,71,59.2,2026-10-07T07:46:46
Dr. Mundo,30,989ama989,7434,66,59.1,2026-10-07T07:46:54
Draven,1,abimöldü25092026,11771,137,65.0,2026-10-07T09:05:29
Draven,2,OYE,10897,187,56.1,2026-10-07T09:05:41
Draven,3,胆小鬼,10271,50,76.0,2026-10-07T09:05:52
Draven,4,HomelessOTP,10271,110,64.5,2026-10-07T09:06:02
Draven,5,ToprAxe,10024,64,68.8,2026-10-07T09:06:15
Draven,6,smörrebrot,9757,81,61.7,2026-10-07T09:06:28
Draven,7,Low Cortisol,9336,37,56.8,2026-10-07T09:06:36
Draven,8,chinnibou,8895,50,62.0,2026-10-07T09:06:47
Draven,9,Boosted as Seik,8785,44,70.5,2026-10-07T09:06:55
Draven,10,欲OBJECTION,9007,36,52.8,2026-10-07T09:07:05
Draven,11,SdS 罪 Greed,8602,34,61.8,2026-10-07T09:07:16
Draven,12,t1m1ng1,8331,32,93.8,2026-10-07T09:07:25
Draven,13,Mk17 Draven,8309,38,65.8,2026-10-07T09:07:41
Draven,14,Yin,8295,24,70.8,2026-10-07T09:07:55
Draven,15,Capris,8221,23,60.9,2026-10-07T09:08:10
Draven,16,absent,7993,19,57.9,2026-10-07T09:08:32
Draven,17,barczi,8242,68,50.0,2026-10-07T09:08:50
Draven,18,FALL1N,7748,21,71.4,2026-10-07T09:09:23
Draven,19,Twisted O DRAVEN,7882,65,56.9,2026-10-07T09:09:45
Draven,20,Outplay Machine,8112,47,51.1,2026-10-07T09:10:00
Draven,21,K4DINPATLATAN,7834,36,69.4,2026-10-07T09:10:14
Draven,22,BADRASSO,7926,27,55.6,2026-10-07T09:10:25
Draven,23,Naćpany Hrabia,7572,19,78.9,2026-10-07T09:10:34
Draven,24,DC yotauwu67,,,0.0,2026-10-07T09:10:45
Draven,25,MyDickisDimDick,7515,62,54.8,2026-10-07T09:11:00
Draven,26,SSS CEO,7409,22,86.4,2026-10-07T09:11:09
Draven,27,temesto,7405,40,72.5,2026-10-07T09:11:26
Draven,28,Roy,7352,158,47.5,2026-10-07T09:11:34
Draven,29,TOJO 老師,7297,15,66.7,2026-10-07T09:11:45
Draven,30,Anh Th Nails,7366,20,65.0,2026-10-07T09:11:57
Ekko,1,BLOOD RAIN,10561,50,64.0,2026-10-07T00:38:49
Ekko,2,Ekkostic,10271,117,56.4,2026-10-07T00:38:58
Ekko,3,伊瓦尔IVAR,10271,60,53.3,2026-10-07T00:39:14
Ekko,4,hypocrite,10031,72,62.5,2026-10-07T00:39:25
Ekko,5,inyali,10149,33,63.6,2026-10-07T00:39:38
Ekko,6,PøleStaR,10031,111,55.0,2026-10-07T00:39:48
Ekko,7,Kroxinux10,9716,94,62.8,2026-10-07T00:39:58
Ekko,8,CarlitoSilver,9658,81,67.9,2026-10-07T00:40:09
Ekko,9,True Last Boss,9555,187,51.3,2026-10-07T00:40:18
Ekko,10,,3068,7,42.9,2026-10-07T00:40:28
Ekko,11,the idgaf player,9228,38,65.8,2026-10-07T00:40:39
Ekko,12,Juniorskii,9220,31,74.2,2026-10-07T00:40:53
Ekko,13,TimeShatterer,9376,69,63.8,2026-10-07T00:41:04
Ekko,14,Bae Em đng khóc,8793,25,56.0,2026-10-07T00:41:13
Ekko,15,Kev,9219,41,63.4,2026-10-07T00:41:27
Ekko,16,MyBBY,8990,54,64.8,2026-10-07T00:41:41
Ekko,17,Vermixs,9534,112,58.0,2026-10-07T00:41:50
Ekko,18,Xm WaKaShy,9520,92,53.3,2026-10-07T00:42:08
Ekko,19,么Ekkoist么,8785,38,65.8,2026-10-07T00:42:28
Ekko,20,JungleSalMoruk,8747,94,48.9,2026-10-07T00:42:48
Ekko,21,Qnonstop,8785,28,64.3,2026-10-07T00:43:06
Ekko,22,比赛的冠军,8785,46,63.0,2026-10-07T00:43:21
Ekko,23,YBD KRAKEN,8785,38,60.5,2026-10-07T00:43:34
Ekko,24,xiaoli,9026,77,55.8,2026-10-07T00:43:46
Ekko,25,kanh,8614,51,64.7,2026-10-07T00:43:55
Ekko,26,Kev is King,9006,76,52.6,2026-10-07T00:44:05
Ekko,27,DarkDays,8579,34,58.8,2026-10-07T00:44:15
Ekko,28,小丑NeverOnMyRole,6888,10,50.0,2026-10-07T00:44:27
Ekko,29,YAMINOIR,8528,136,53.7,2026-10-07T00:44:38
Ekko,30,底架匹夫点倦茄薇sumy58,8514,21,90.5,2026-10-07T00:44:47
Evelynn,1,Hidden Mosquito,9534,43,69.8,2026-10-07T05:00:22
Evelynn,2,ZanQs,9374,73,56.2,2026-10-07T05:00:31
Evelynn,3,xLagze,9023,58,65.5,2026-10-07T05:00:41
Evelynn,4,Vapo,8874,40,50.0,2026-10-07T05:00:51
Evelynn,5,Larinn,8776,22,63.6,2026-10-07T05:01:04
Evelynn,6,Rin is mad,8785,35,68.6,2026-10-07T05:01:13
Evelynn,7,Code Name VI,8579,57,47.4,2026-10-07T05:01:23
Evelynn,8,Animeshnik,8564,33,72.7,2026-10-07T05:01:33
Evelynn,9,ParoNayakK,8688,44,52.3,2026-10-07T05:01:42
Evelynn,10,Copycat,8300,18,66.7,2026-10-07T05:01:54
Evelynn,11,美式学弟爱上广岛学姐,8265,25,72.0,2026-10-07T05:02:05
Evelynn,12,BeniitoCamela69,8117,55,56.4,2026-10-07T05:02:14
Evelynn,13,Ormancı Kız,8201,36,58.3,2026-10-07T05:02:25
Evelynn,14,うちはMadara,8154,36,63.9,2026-10-07T05:02:41
Evelynn,15,gareubneli gogo,4463,5,40.0,2026-10-07T05:02:51
Evelynn,16,6üstü1oyun,7990,68,57.4,2026-10-07T05:03:03
Evelynn,17,1v9vEvelynn,7964,83,62.7,2026-10-07T05:03:12
Evelynn,18,Hero,7884,55,65.5,2026-10-07T05:03:24
Evelynn,19,ImVox,8277,76,56.6,2026-10-07T05:03:43
Evelynn,20,30cm ez,7834,42,66.7,2026-10-07T05:04:04
Evelynn,21,Erfi,7803,25,68.0,2026-10-07T05:07:38
Evelynn,22,xMx169,7865,56,57.1,2026-10-07T05:07:47
Evelynn,23,IComeBacK,7834,95,58.9,2026-10-07T05:07:55
Evelynn,24,LEEROOOY JENKINS,7680,27,63.0,2026-10-07T05:08:05
Evelynn,25,Feshoo,7834,44,63.6,2026-10-07T05:08:14
Evelynn,26,LEGENDS,7607,40,67.5,2026-10-07T05:08:24
Evelynn,27,DZVIRYO,8020,55,58.2,2026-10-07T05:08:33
Evelynn,28,Performance吉,7706,126,59.5,2026-10-07T05:08:43
Evelynn,29,MooDy,7612,81,58.0,2026-10-07T05:08:54
Evelynn,30,Tropatemcalma,7529,39,79.5,2026-10-07T05:09:02
Ezreal,1,Serious Sam,10271,67,59.7,2026-10-07T13:54:59
Ezreal,2,lvキルラキル,9954,23,78.3,2026-10-07T13:55:16
Ezreal,3,Maybe Us,10271,67,61.2,2026-10-07T13:55:35
Ezreal,4,Clipp,10033,70,52.9,2026-10-07T13:55:52
Ezreal,5,iSd,9534,30,66.7,2026-10-07T13:56:14
Ezreal,6,yiğiitgedik,9648,32,65.6,2026-10-07T13:56:32
Ezreal,7,Ladykiller,9370,67,58.2,2026-10-07T13:56:42
Ezreal,8,宝贝Xu Cà Na,9364,14,92.9,2026-10-07T13:56:55
Ezreal,9,Chinh zinh,9467,64,54.7,2026-10-07T13:57:07
Ezreal,10,Demon AFGHAN,9645,63,55.6,2026-10-07T13:57:17
Ezreal,11,ZORGAX,9395,31,64.5,2026-10-07T13:57:28
Ezreal,12,ParisGRE,9118,22,54.5,2026-10-07T13:57:38
Ezreal,13,Wildflowering,9257,33,51.5,2026-10-07T13:57:50
Ezreal,14,quietKid,9012,31,58.1,2026-10-07T13:58:02
Ezreal,15,rin,8925,54,57.4,2026-10-07T13:58:12
Ezreal,16,VN LEVI,8916,23,73.9,2026-10-07T13:58:24
Ezreal,17,m1ko,8906,19,78.9,2026-10-07T13:58:36
Ezreal,18,Alkanphel Twitch,9342,32,62.5,2026-10-07T13:58:46
Ezreal,19,保护我方小妈妈,9109,59,74.6,2026-10-07T13:58:59
Ezreal,20,Kon,8685,82,62.2,2026-10-07T13:59:13
Ezreal,21,seohyun,8651,72,50.0,2026-10-07T13:59:23
Ezreal,22,MarksMan 1,8720,74,66.2,2026-10-07T13:59:41
Ezreal,23,HerMoon,9035,26,65.4,2026-10-07T13:59:59
Ezreal,24,insta cepiboost,8566,19,68.4,2026-10-07T14:00:20
Ezreal,25,Reon,8537,20,65.0,2026-10-07T14:00:41
Ezreal,26,2marszoo,8520,91,50.5,2026-10-07T14:00:52
Ezreal,27,LFFS,8500,34,55.9,2026-10-07T14:01:07
Ezreal,28,KoKonT派對,8475,19,63.2,2026-10-07T14:01:17
Ezreal,29,我妻善逸,8472,9,100.0,2026-10-07T14:01:30
Ezreal,30,JÄGERロッこ,8701,38,60.5,2026-10-07T14:01:43
Fiddlesticks,1,22cm,11792,120,60.8,2026-10-07T18:21:04
Fiddlesticks,2,番茄炒逼,10304,57,73.7,2026-10-07T18:21:15
Fiddlesticks,3,xxlrt,10271,60,60.0,2026-10-07T18:21:35
Fiddlesticks,4,Peltrok,9782,127,55.9,2026-10-07T18:21:47
Fiddlesticks,6,KGB VsëKrivo,9013,48,58.3,2026-10-07T18:22:19
Fiddlesticks,7,ShadowofFadel,8851,89,59.6,2026-10-07T18:22:31
Fiddlesticks,8,bizi taşı zac,8571,125,56.0,2026-10-07T18:22:44
Fiddlesticks,9,WhysoSalty,8510,33,60.6,2026-10-07T18:22:56
Fiddlesticks,10,FIDDLE 1V9,825,2,50.0,2026-10-07T18:23:09
Fiddlesticks,11,kasztanowiec,3967,1,100.0,2026-10-07T18:23:26
Fiddlesticks,12,Kzz支,8005,50,46.0,2026-10-07T18:23:39
Fiddlesticks,13,WA WA WEE WA,8175,41,56.1,2026-10-07T18:23:56
Fiddlesticks,14,FNC Sangoten,7990,66,56.1,2026-10-07T18:24:06
Fiddlesticks,15,T1 VoidQuiver,7834,43,62.8,2026-10-07T18:24:20
Fiddlesticks,16,LaughingDonkey,7829,25,52.0,2026-10-07T18:24:37
Fiddlesticks,17,Alpaca,7850,72,51.4,2026-10-07T18:24:50
Fiddlesticks,18,Kiszony Ogórek,7726,23,73.9,2026-10-07T18:25:05
Fiddlesticks,19,Çubuk Kraker,7776,26,61.5,2026-10-07T18:25:16
Fiddlesticks,20,doncondon,7645,33,66.7,2026-10-07T18:25:46
Fiddlesticks,21,goldfinger,7643,25,76.0,2026-10-07T18:26:11
Fiddlesticks,22,Fiddlmystick,7898,56,51.8,2026-10-07T18:26:28
Fiddlesticks,23,A7AFIDDLESTICKS,7484,78,60.3,2026-10-07T18:26:49
Fiddlesticks,24,Kiarga,7470,32,50.0,2026-10-07T18:27:13
Fiddlesticks,25,xSpecialForcesx,7565,118,58.5,2026-10-07T18:27:33
Fiddlesticks,26,POV,7778,75,62.7,2026-10-07T18:28:08
Fiddlesticks,27,Compote,7409,96,49.0,2026-10-07T18:28:40
Fiddlesticks,28,SKT ALPHA3LO,7451,15,73.3,2026-10-07T18:28:58
Fiddlesticks,29,MuchLoVeP00Rn,7430,34,67.6,2026-10-07T18:29:13
Fiddlesticks,30,OnlyFiddlePlayer,7450,51,60.8,2026-10-07T18:29:25
Fiora,1,Kowal,10921,59,57.6,2026-10-07T05:14:46
Fiora,2,ChosenB,10271,41,70.7,2026-10-07T05:14:59
Fiora,3,unknown inter,10271,45,88.9,2026-10-07T05:15:12
Fiora,4,DriFyuZ,9824,94,50.0,2026-10-07T05:15:22
Fiora,5,インフィニティinfitit,9577,42,59.5,2026-10-07T05:16:06
Fiora,6,NIKA,3988,13,38.5,2026-10-07T05:16:15
Fiora,7,KRAL MERT,9488,48,66.7,2026-10-07T05:16:25
Fiora,8,Rhaegarターガリエン,9269,55,49.1,2026-10-07T05:16:36
Fiora,9,8686m,9141,25,88.0,2026-10-07T05:16:44
Fiora,10,DC Zenonn17,9162,34,64.7,2026-10-07T05:16:54
Fiora,11,MADNESS,9060,82,57.3,2026-10-07T05:17:06
Fiora,12,Shødean,8788,33,48.5,2026-10-07T05:17:14
Fiora,13,Eng Ronin,8772,45,57.8,2026-10-07T05:17:29
Fiora,14,Yassssssssine,8949,177,55.9,2026-10-07T05:17:41
Fiora,15,Yedi,8785,56,57.1,2026-10-07T05:17:55
Fiora,16,孔二楞子,8785,28,60.7,2026-10-07T05:18:09
Fiora,17,欧一上,8785,32,56.2,2026-10-07T05:18:20
Fiora,18,Onzed,8420,22,72.7,2026-10-07T05:18:30
Fiora,19,Fate is Twisted,8358,28,71.4,2026-10-07T05:18:38
Fiora,20,Nadir95,8694,92,64.1,2026-10-07T05:18:49
Fiora,21,CNM,8540,190,59.5,2026-10-07T05:18:59
Fiora,22,Fiostrom,8260,47,61.7,2026-10-07T05:19:08
Fiora,23,new era,8180,25,60.0,2026-10-07T05:19:19
Fiora,24,Xrm 警察,8151,48,64.6,2026-10-07T05:19:30
Fiora,25,MuQ,8359,45,60.0,2026-10-07T05:19:38
Fiora,26,BERFIN,8071,42,59.5,2026-10-07T05:19:49
Fiora,27,sawsocke,8155,63,50.8,2026-10-07T05:19:57
Fiora,28,KFC manager,8065,17,76.5,2026-10-07T05:20:07
Fiora,29,Asensio,8154,26,69.2,2026-10-07T05:20:18
Fiora,30,社恐没法打团,7984,36,66.7,2026-10-07T05:20:26
Fizz,1,FIZZLER,9321,53,66.0,2026-10-07T11:50:09
Fizz,2,Challenger Fizz,8845,126,57.1,2026-10-07T11:50:20
Fizz,3,家族KerpetenKadir,8467,37,45.9,2026-10-07T11:50:34
Fizz,4,THE CHIMIST,8260,72,55.6,2026-10-07T11:50:53
Fizz,5,大宝剑,8352,37,51.4,2026-10-07T11:52:13
Fizz,6,FISHMAD,7728,46,71.7,2026-10-07T11:52:24
Fizz,8,EL FA7L,7939,61,47.5,2026-10-07T11:52:53
Fizz,9,TXIC FZ神一般的嘶嘶聲,7655,20,70.0,2026-10-07T11:53:08
Fizz,10,Q36,7537,52,55.8,2026-10-07T11:53:22
Fizz,11,quelqun,7487,51,56.9,2026-10-07T11:53:36
Fizz,12,Better Call FISH,7384,56,53.6,2026-10-07T11:53:47
Fizz,13,Fizzical Therapy,7318,39,64.1,2026-10-07T11:53:59
Fizz,14,AkiiLii,7295,40,52.5,2026-10-07T11:54:11
Fizz,15,Hi Im Not Dopa,7240,35,62.9,2026-10-07T11:54:31
Fizz,16,Salty Crock,7451,62,61.3,2026-10-07T11:54:43
Fizz,17,HCIDante,2741,12,41.7,2026-10-07T11:54:58
Fizz,18,Player 1,7145,43,51.2,2026-10-07T11:55:09
Fizz,19,Pawlow,7266,53,56.6,2026-10-07T11:55:19
Fizz,20,DAlessandro,7205,45,51.1,2026-10-07T11:55:28
Fizz,21,FiiKK,7368,67,56.7,2026-10-07T11:55:40
Fizz,22,FizzMan13,7172,98,51.0,2026-10-07T11:55:49
Fizz,23,abuabu,7250,67,53.7,2026-10-07T11:56:05
Fizz,24,Bunkerbursche,7035,40,65.0,2026-10-07T11:56:17
Fizz,25,jhode10,6976,52,55.8,2026-10-07T11:56:27
Fizz,26,RAZZVAN BYE,2473,11,36.4,2026-10-07T11:56:40
Fizz,27,ELniNo,6954,21,76.2,2026-10-07T11:56:55
Fizz,28,MâerdXevick,7174,88,59.1,2026-10-07T11:57:18
Fizz,29,Metamorfizzis,6868,34,64.7,2026-10-07T11:57:39
Fizz,30,MASON GREENWOOD,7303,86,55.8,2026-10-07T11:58:06
Galio,1,KISHIBE,10271,65,47.7,2026-10-07T14:02:06
Galio,2,Scrow,10271,49,63.3,2026-10-07T14:02:18
Galio,3,T1 SoloKing,10025,142,57.7,2026-10-07T14:02:43
Galio,4,VüMotMí,9780,62,64.5,2026-10-07T14:02:56
Galio,5,Ser Galileo,9559,33,54.5,2026-10-07T14:03:19
Galio,6,DoYouFearOfDeath,9477,55,54.5,2026-10-07T14:03:31
Galio,7,BeKa,9501,71,57.7,2026-10-07T14:03:46
Galio,8,Connor,9371,30,70.0,2026-10-07T14:03:59
Galio,9,UNDxRGRxUND,9148,25,60.0,2026-10-07T14:04:10
Galio,10,NotAleex161,9122,46,65.2,2026-10-07T14:04:28
Galio,11,nothing,8665,61,59.0,2026-10-07T14:04:46
Galio,12,Wellbrock,8514,33,45.5,2026-10-07T14:05:02
Galio,13,foX,8362,91,52.7,2026-10-07T14:05:21
Galio,14,TALÂT,8358,31,61.3,2026-10-07T14:05:38
Galio,15,SXNDRIU暴,8269,25,68.0,2026-10-07T14:05:52
Galio,16,LDI MkBaGuncinha,8277,57,57.9,2026-10-07T14:06:09
Galio,17,GãLio Cc Súc,8620,63,60.3,2026-10-07T14:06:20
Galio,18,HERO,8154,51,60.8,2026-10-07T14:06:32
Galio,19,乡PiBe,8146,37,51.4,2026-10-07T14:06:44
Galio,20,Xclasst,8052,29,62.1,2026-10-07T14:06:53
Galio,21,gypsy1950,8005,35,62.9,2026-10-07T14:07:08
Galio,22,as a Glitch,8196,37,56.8,2026-10-07T14:07:18
Galio,23,xSurPa,8042,19,57.9,2026-10-07T14:07:33
Galio,24,Cinnamon,8013,51,60.8,2026-10-07T14:07:51
Galio,25,VORNAX,7885,63,65.1,2026-10-07T14:08:10
Galio,26,emporio ivankov,7827,18,55.6,2026-10-07T14:08:24
Galio,27,Oloveyn,7789,38,57.9,2026-10-07T14:08:39
Galio,28,KmmKmMkm0036,7761,17,82.4,2026-10-07T14:08:49
Galio,29,魔武 Snøop Gøat,7881,50,62.0,2026-10-07T14:09:01
Garen,1,Xx盖世绝伦 xX,9815,138,53.6,2026-10-06T21:54:18
Garen,2,Hai Duong Dang,9114,39,59.0,2026-10-06T21:54:46
Garen,3,インフィニティinfitit,8580,35,51.4,2026-10-06T21:55:19
Garen,4,NOXIAN KING,8579,33,66.7,2026-10-06T21:55:53
Garen,5,FotexG,8346,51,52.9,2026-10-06T21:56:35
Garen,6,vdzhe0x,8261,34,70.6,2026-10-06T21:56:49
Garen,7,Ilopqupoyvvntos,3339,1,100.0,2026-10-06T21:57:04
Garen,8,Yuval,8285,70,54.3,2026-10-06T21:57:17
Garen,9,이가렌,4187,7,57.1,2026-10-06T21:57:28
Garen,10,440,8522,45,53.3,2026-10-06T21:57:46
Garen,11,leo4444,8031,17,64.7,2026-10-06T21:58:02
Garen,12,Enrane,7971,86,62.8,2026-10-06T21:58:13
Garen,13,RizgarMardin47,7941,132,48.5,2026-10-06T21:58:26
Garen,14,DOLBILA,7741,59,45.8,2026-10-06T21:58:38
Garen,15,Undyne,7719,12,75.0,2026-10-06T21:58:49
Garen,16,Noah the dog,7591,34,55.9,2026-10-06T21:59:04
Garen,17,CHAOSSi,7526,114,59.6,2026-10-06T21:59:13
Garen,18,uamaxua,7602,78,52.6,2026-10-06T21:59:28
Garen,19,20frano23,7480,33,51.5,2026-10-06T21:59:40
Garen,20,The Taric,7463,92,51.1,2026-10-06T21:59:50
Garen,21,Leo羊,7316,19,73.7,2026-10-06T22:00:01
Garen,22,Gamusino,7303,66,48.5,2026-10-06T22:00:10
Garen,23,Naraues,7597,46,58.7,2026-10-06T22:00:21
Garen,24,bbll,7426,27,70.4,2026-10-06T22:01:17
Garen,25,Captain jSparrow,7248,34,58.8,2026-10-06T22:01:26
Garen,26,LEAGUE OF ME,7409,47,61.7,2026-10-06T22:01:34
Garen,27,geo uzumaki,7188,50,54.0,2026-10-06T22:01:44
Garen,28,Wolffy Mozart,7296,55,40.0,2026-10-06T22:01:52
Garen,29,triaxas77,7178,46,65.2,2026-10-06T22:02:02
Garen,30,BMW,7884,85,51.8,2026-10-06T22:02:12
Gnar,1,BOPE LOPES,9534,94,55.3,2026-10-07T09:16:33
Gnar,2,EλαESW,8984,35,48.6,2026-10-07T09:16:45
Gnar,3,Rengar Is My C4t,8848,50,56.0,2026-10-07T09:16:57
Gnar,4,No VN,8581,21,61.9,2026-10-07T09:19:03
Gnar,5,LiveSolo DieSolo,8579,38,68.4,2026-10-07T09:19:21
Gnar,6,Bct21,8378,37,56.8,2026-10-07T09:19:31
Gnar,7,3Gerberas6,8237,82,57.3,2026-10-07T09:19:44
Gnar,8,WYRT,7961,86,54.7,2026-10-07T09:19:54
Gnar,9,ValiantQiQi,7958,48,64.6,2026-10-07T09:20:06
Gnar,10,ShowNoMercy99,7911,75,61.3,2026-10-07T09:20:15
Gnar,11,Tissle,7884,82,54.9,2026-10-07T09:20:23
Gnar,12,PoTsKi,7808,20,60.0,2026-10-07T09:20:42
Gnar,13,GM STUCKK HTD,7673,40,62.5,2026-10-07T09:21:31
Gnar,14,DoYouFearOfDeath,7573,21,57.1,2026-10-07T09:21:50
Gnar,15,Bujakasaa,7622,70,64.3,2026-10-07T09:22:08
Gnar,16,Tuğ,7565,52,61.5,2026-10-07T09:22:26
Gnar,17,CRYOMANCER,7834,22,72.7,2026-10-07T09:22:44
Gnar,18,5X30,7384,15,86.7,2026-10-07T09:22:55
Gnar,19,Captain Blunt,7421,53,60.4,2026-10-07T09:23:05
Gnar,20,紫Murasaki,5076,8,75.0,2026-10-07T09:23:21
Gnar,21,Mxj,7265,20,65.0,2026-10-07T09:23:34
Gnar,22,TreiL,7245,47,68.1,2026-10-07T09:23:43
Gnar,23,Angeldark24k,7352,51,56.9,2026-10-07T09:23:57
Gnar,24,BokaSica22,7196,64,56.2,2026-10-07T09:24:22
Gnar,25,El Kapitano,7292,58,51.7,2026-10-07T09:24:41
Gnar,26,GissaWakka,7834,98,49.0,2026-10-07T09:24:53
Gnar,27,härlig hämnd,7654,66,56.1,2026-10-07T09:25:06
Gnar,28,discord avahfa,7081,52,65.4,2026-10-07T09:25:31
Gnar,29,Kewli,7215,83,51.8,2026-10-07T09:25:45
Gnar,30,2paska,7061,15,86.7,2026-10-07T09:25:54
Gragas,1,Yousef,,,54.5,2026-10-07T12:21:05
Gragas,2,Asensio,9323,29,62.1,2026-10-07T12:21:15
Gragas,3,잊을 수 없는,9435,20,60.0,2026-10-07T12:21:29
Gragas,4,Sunless,9515,65,66.2,2026-10-07T12:21:43
Gragas,5,Don,8539,38,57.9,2026-10-07T12:22:05
Gragas,6,Marko Mitrovic,8812,57,49.1,2026-10-07T12:22:19
Gragas,7,07GENCLIK,8564,47,46.8,2026-10-07T12:22:28
Gragas,8,BRASILIAN SKIES,8579,50,62.0,2026-10-07T12:22:51
Gragas,9,MobaGod,8133,35,57.1,2026-10-07T12:23:01
Gragas,10,Khoribgi 7way,8049,37,56.8,2026-10-07T12:23:15
Gragas,11,Anssatsusha,7975,19,52.6,2026-10-07T12:23:27
Gragas,12,Çubuk Kraker,7840,37,51.4,2026-10-07T12:23:37
Gragas,13,Hakka no Togame,8213,43,58.1,2026-10-07T12:23:50
Gragas,14,Vapo,7584,11,72.7,2026-10-07T12:24:03
Gragas,15,Groegoe,7903,87,52.9,2026-10-07T12:24:13
Gragas,16,Thê LãdyO,7414,47,48.9,2026-10-07T12:24:31
Gragas,17,M7mDKuN,7302,50,62.0,2026-10-07T12:24:48
Gragas,18,ZMS MG Xiao,,,62.5,2026-10-07T12:25:10
Gragas,19,fanys,7080,61,52.5,2026-10-07T12:25:30
Gragas,20,5bit Waifu あきみ,6967,12,75.0,2026-10-07T12:25:44
Gragas,27,APEX,6601,35,42.9,2026-10-07T12:27:31
Gragas,28,CEO Dr Bomba CSG,6430,19,57.9,2026-10-07T12:27:42
Gragas,29,Ali,6369,16,75.0,2026-10-07T12:27:55
Gragas,30,AriseFrom Shadow,6523,9,66.7,2026-10-07T12:28:05
Graves,1,我看看怎么个事儿,8402,28,64.3,2026-10-07T08:36:48
Graves,2,Mr GRAVES,8192,154,50.6,2026-10-07T08:36:56
Graves,3,Ducidus Aquilius,7850,15,80.0,2026-10-07T08:37:06
Graves,4,Linght,7591,118,53.4,2026-10-07T08:37:16
Graves,5,JMA Ilegal,7495,25,72.0,2026-10-07T08:37:29
Graves,6,Son Of Boosted,7366,40,55.0,2026-10-07T08:37:38
Graves,7,Dubai Monkey,7261,16,68.8,2026-10-07T08:37:49
Graves,8,aeqfzscqfaevz,7196,57,73.7,2026-10-07T08:37:59
Graves,9,布里茨ai智能家居,2915,7,71.4,2026-10-07T08:38:08
Graves,10,No3hills,7314,31,61.3,2026-10-07T08:38:18
Graves,11,Gorillasz,7157,93,58.1,2026-10-07T08:38:28
Graves,12,ArizonalcedTea,7393,112,50.9,2026-10-07T08:38:36
Graves,13,DBT Karakatun,6763,27,66.7,2026-10-07T08:38:50
Graves,14,龙虎商会张龙,7014,57,49.1,2026-10-07T08:39:02
Graves,15,Itzhvrry,6596,29,65.5,2026-10-07T08:39:16
Graves,16,恐怖の名誉,6415,40,60.0,2026-10-07T08:39:30
Graves,17,JJkritS,7054,81,51.9,2026-10-07T08:39:41
Graves,18,LeChaudALAbagarr,6353,19,47.4,2026-10-07T08:39:52
Graves,19,Eazy,6340,64,59.4,2026-10-07T08:40:03
Graves,20,Justhateme,6460,92,46.7,2026-10-07T08:40:12
Graves,21,Pars44,6297,47,61.7,2026-10-07T08:40:22
Graves,22,ProoFStRiKeR,6664,84,52.4,2026-10-07T08:40:30
Graves,23,Django,6271,53,56.6,2026-10-07T08:40:41
Graves,24,THEdarkLORD,3848,7,57.1,2026-10-07T08:40:52
Graves,25,LEO17,6240,13,23.1,2026-10-07T08:41:00
Graves,26,N9shkaT9shka,6135,43,58.1,2026-10-07T08:41:12
Graves,27,silent assasin,6187,42,50.0,2026-10-07T08:41:21
Graves,28,DeNis132,6286,46,63.0,2026-10-07T08:41:30
Graves,29,泡泡在哪里,6128,37,48.6,2026-10-07T08:41:40
Graves,30,≡mishiro,6069,65,55.4,2026-10-07T08:41:51
Gwen,1,Joelz,10435,39,64.1,2026-10-07T06:52:48
Gwen,2,Krek,9912,28,67.9,2026-10-07T06:52:57
Gwen,3,Flare,9824,32,71.9,2026-10-07T06:53:06
Gwen,4,Shødean,9737,28,64.3,2026-10-07T06:53:17
Gwen,5,Bo3bMyBpoT3axAe6,9720,40,60.0,2026-10-07T06:53:29
Gwen,6,Explosive,9176,150,55.3,2026-10-07T06:53:41
Gwen,7,hoèng,9149,19,73.7,2026-10-07T06:53:54
Gwen,8,NootNoot,5035,11,63.6,2026-10-07T06:54:07
Gwen,9,TheWalkingGwen,9160,102,62.7,2026-10-07T06:54:17
Gwen,10,Terreter,9105,25,76.0,2026-10-07T06:54:32
Gwen,11,Discord yusiv,9099,97,59.8,2026-10-07T06:54:52
Gwen,12,Juni Okane,5921,10,80.0,2026-10-07T06:55:03
Gwen,13,Fei,8596,43,65.1,2026-10-07T06:55:14
Gwen,14,peachy,8584,37,62.2,2026-10-07T06:55:22
Gwen,15,Pumped伝説,8579,37,56.8,2026-10-07T06:55:32
Gwen,16,AliceInPiggyland,8592,19,57.9,2026-10-07T06:55:42
Gwen,17,Legacy remains,8626,30,66.7,2026-10-07T06:55:50
Gwen,18,El C4udillo,9047,48,58.3,2026-10-07T06:56:01
Gwen,19,Qin,8544,21,85.7,2026-10-07T06:56:13
Gwen,20,raiichu,8798,47,66.0,2026-10-07T06:56:28
Gwen,21,tt teto,8367,15,80.0,2026-10-07T06:56:46
Gwen,22,RBP CiclonFrank,8361,16,87.5,2026-10-07T06:56:58
Gwen,23,Lucyna Kushinada,8305,14,92.9,2026-10-07T06:57:08
Gwen,24,KhirOn,8308,51,51.0,2026-10-07T06:57:18
Gwen,25,Press R Button,8154,14,64.3,2026-10-07T06:57:27
Gwen,26,freiirz,8144,25,80.0,2026-10-07T06:57:37
Gwen,27,Proxy123,8166,40,52.5,2026-10-07T06:57:47
Gwen,28,RiDant,7965,24,62.5,2026-10-07T06:57:55
Gwen,29,Heaven,8291,22,54.5,2026-10-07T06:58:06
Gwen,30,LR Balance,8325,35,57.1,2026-10-07T06:58:14
Hecarim,1,沃洛佳,10326,42,61.9,2026-10-07T04:04:57
Hecarim,2,Onlyplaysolo,10015,52,76.9,2026-10-07T04:05:07
Hecarim,3,Hououin Kyouma,9757,51,64.7,2026-10-07T04:05:17
Hecarim,4,fragile silence,9616,50,60.0,2026-10-07T04:05:33
Hecarim,5,JG GAP ERKOO,9542,22,63.6,2026-10-07T04:05:46
Hecarim,6,Locves,9231,24,62.5,2026-10-07T04:05:55
Hecarim,7,888,9051,22,54.5,2026-10-07T04:06:10
Hecarim,8,Civciv Hamdi,9021,21,57.1,2026-10-07T04:06:23
Hecarim,9,狗屎服务器,8590,14,71.4,2026-10-07T04:06:33
Hecarim,10,代醅加威LuvXingyu,8427,37,64.9,2026-10-07T04:06:48
Hecarim,11,BSP ZagreuS,8555,23,73.9,2026-10-07T04:07:01
Hecarim,12,沉稳小生,8710,48,62.5,2026-10-07T04:07:12
Hecarim,13,Lean 嫌い,8355,22,59.1,2026-10-07T04:07:24
Hecarim,14,LuciferTheGod魔神,8317,34,79.4,2026-10-07T04:07:32
Hecarim,15,Ormancı Kız,8785,110,52.7,2026-10-07T04:07:42
Hecarim,16,Neo,8472,47,46.8,2026-10-07T04:07:52
Hecarim,17,PACKORA,8172,47,68.1,2026-10-07T04:08:00
Hecarim,18,biubiu,8157,22,72.7,2026-10-07T04:08:11
Hecarim,19,pizza kutulari,8153,24,75.0,2026-10-07T04:08:20
Hecarim,20,lykia is cute,8134,15,66.7,2026-10-07T04:08:30
Hecarim,21,Retired Hecarim,7985,38,60.5,2026-10-07T04:08:40
Hecarim,22,Ferrarii,8154,44,61.4,2026-10-07T04:08:49
Hecarim,23,maja marinković,7928,17,82.4,2026-10-07T04:08:58
Hecarim,24,ÑOX 冥骑 克里斯托弗,8314,31,64.5,2026-10-07T04:09:08
Hecarim,25,hardcore,7884,91,59.3,2026-10-07T04:09:16
Hecarim,26,Eterno,7856,67,71.6,2026-10-07T04:09:26
Hecarim,27,Fei,7796,23,60.9,2026-10-07T04:09:34
Hecarim,28,Gossip Girl,7774,12,75.0,2026-10-07T04:09:44
Hecarim,29,skushhh,7686,15,53.3,2026-10-07T04:09:54
Hecarim,30,MetasalKillDogu,8285,40,50.0,2026-10-07T04:10:02
Heimerdinger,1,Carrie Fisher,9658,91,58.2,2026-10-07T17:32:41
Heimerdinger,2,NøMercy,9534,134,58.2,2026-10-07T17:32:53
Heimerdinger,3,夜间消音器我很倾斜兄弟,9631,63,61.9,2026-10-07T17:33:05
Heimerdinger,4,Putomiguel,8831,45,57.8,2026-10-07T17:33:18
Heimerdinger,5,NePa,8946,93,63.4,2026-10-07T17:33:35
Heimerdinger,6,TurretDiff,8912,75,68.0,2026-10-07T17:33:46
Heimerdinger,7,124448474884,8525,28,50.0,2026-10-07T17:33:59
Heimerdinger,8,WhySoSeriousMan,8405,101,50.5,2026-10-07T17:34:12
Heimerdinger,9,DAZIČNY prika,8154,30,70.0,2026-10-07T17:34:33
Heimerdinger,10,TurrY,8119,18,61.1,2026-10-07T17:35:04
Heimerdinger,11,DeadCowTellNoMoo,7941,45,55.6,2026-10-07T17:35:33
Heimerdinger,12,shac0,7622,74,63.5,2026-10-07T17:35:51
Heimerdinger,13,ghostd3v11,7544,44,65.9,2026-10-07T17:36:22
Heimerdinger,14,Game of Thrones,7531,24,79.2,2026-10-07T17:36:51
Heimerdinger,15,G2 TXOU,2334,4,50.0,2026-10-07T17:37:14
Heimerdinger,16,Ryutz,7869,97,57.7,2026-10-07T17:37:28
Heimerdinger,17,GRICHI99,7435,63,52.4,2026-10-07T17:37:44
Heimerdinger,18,Andaralho,7391,41,56.1,2026-10-07T17:37:58
Heimerdinger,19,okdonger,7352,101,58.4,2026-10-07T17:38:14
Heimerdinger,20,xStrambux,7354,55,52.7,2026-10-07T17:38:26
Heimerdinger,21,Seyrek,7196,90,52.2,2026-10-07T17:38:40
Heimerdinger,22,SitDownKitty,2571,8,62.5,2026-10-07T17:38:51
Heimerdinger,23,Fritz,7196,80,52.5,2026-10-07T17:39:07
Heimerdinger,24,not now,7515,105,58.1,2026-10-07T17:39:23
Heimerdinger,25,JESUS WIN,7022,31,74.2,2026-10-07T17:39:37
Heimerdinger,26,Jacolzor,7016,24,66.7,2026-10-07T17:39:58
Heimerdinger,27,GeoShubi,7009,55,52.7,2026-10-07T17:40:18
Heimerdinger,28,조에프,6950,26,80.8,2026-10-07T17:40:37
Heimerdinger,29,euskalChrox,6907,56,62.5,2026-10-07T17:40:56
Heimerdinger,30,Hala,7097,74,59.5,2026-10-07T17:41:14
Hwei,1,Brat Summer,8715,21,61.9,2026-10-07T19:35:01
Hwei,2,BIZIGGS TEWOX,11446,40,82.5,2026-10-07T19:35:14
Hwei,3,feel the limits,10819,82,58.5,2026-10-07T19:35:29
Hwei,4,菜小莲,10546,33,75.8,2026-10-07T19:35:43
Hwei,5,Discord fakerap0,9997,41,63.4,2026-10-07T19:49:05
Hwei,6,Sonder縁,9779,44,65.9,2026-10-07T19:49:13
Hwei,7,R3move EGIRLS,9703,42,64.3,2026-10-07T19:49:20
Hwei,8,TpaHAMacTep \u,9534,82,64.6,2026-10-07T19:49:30
Hwei,9,Ren sinner,9174,38,65.8,2026-10-07T19:49:38
Hwei,10,SwtosV,9203,49,65.3,2026-10-07T19:49:47
Hwei,11,DanZ1,9228,64,67.2,2026-10-07T19:49:57
Hwei,12,温简言,9019,33,78.8,2026-10-07T19:50:05
Hwei,13,Llaalléiv,8912,86,79.1,2026-10-07T19:50:16
Hwei,14,LosThErR,8869,84,52.4,2026-10-07T19:50:26
Hwei,15,Vinsmoke Sanji,3067,13,30.8,2026-10-07T19:50:35
Hwei,16,BlackWhite,8838,48,64.6,2026-10-07T19:50:44
Hwei,17,Xato,8617,51,60.8,2026-10-07T19:50:52
Hwei,18,Viper 大婚,8758,59,61.0,2026-10-07T19:51:02
Hwei,19,LiXEN,8586,45,60.0,2026-10-07T19:51:11
Hwei,20,Kzz支,8566,47,59.6,2026-10-07T19:51:19
Hwei,21,124448474884,8455,58,51.7,2026-10-07T19:51:29
Hwei,22,cTeqaHH,8387,44,45.5,2026-10-07T19:51:40
Hwei,23,em cuoi xinh lam,8272,31,67.7,2026-10-07T19:51:48
Hwei,24,月儿明,8251,47,68.1,2026-10-07T19:51:58
Hwei,25,净天Thorvex,8224,52,65.4,2026-10-07T19:52:06
Hwei,26,疾風TEMPEST,8809,47,53.2,2026-10-07T19:52:16
Hwei,27,Kumamon,8186,37,67.6,2026-10-07T19:52:26
Hwei,28,Víncere Áut Møri,8159,51,56.9,2026-10-07T19:52:34
Hwei,29,NoQuarter,8113,43,53.5,2026-10-07T19:52:44
Hwei,30,Godzz夜,8325,53,69.8,2026-10-07T19:52:55
Irelia,1,LEO17,10271,51,54.9,2026-10-07T13:12:54
Irelia,2,Intensity,,,100.0,2026-10-07T13:13:20
Irelia,3,就像大雨落下怎么能让人不牵,9917,98,60.2,2026-10-07T13:13:49
Irelia,4,D3VILSLAYER,9912,69,52.2,2026-10-07T13:18:35
Irelia,6,Juni Okane,9135,12,100.0,2026-10-07T13:21:36
Irelia,8,ManGoBeast,8978,43,62.8,2026-10-07T13:22:06
Irelia,9,king嗜血,8787,143,52.4,2026-10-07T13:22:17
Irelia,10,Eren1210,8785,74,54.1,2026-10-07T13:22:28
Irelia,11,Blade Dancer,8785,29,62.1,2026-10-07T13:22:41
Irelia,12,蛤鸡米,8785,47,63.8,2026-10-07T13:22:51
Irelia,13,Lostgamer,8579,20,80.0,2026-10-07T13:23:03
Irelia,14,GUVERCIN,8579,27,59.3,2026-10-07T13:23:21
Irelia,15,嘎嘎呵呵哈哈,9010,111,54.1,2026-10-07T13:23:45
Irelia,16,IreX,8412,54,50.0,2026-10-07T13:24:08
Irelia,17,Zayd99,8399,10,80.0,2026-10-07T13:24:29
Irelia,18,i hurt myself,8528,67,50.7,2026-10-07T13:24:53
Irelia,19,奶香小土豆,8472,61,57.4,2026-10-07T13:25:13
Irelia,20,Bleedin fxr love,8260,134,50.7,2026-10-07T13:25:23
Irelia,21,乂SeXwithMe×,8122,60,58.3,2026-10-07T13:25:35
Irelia,22,Heaven,8286,33,51.5,2026-10-07T13:25:44
Irelia,23,Swazt1ka,8413,135,48.9,2026-10-07T13:25:56
Irelia,24,大豆腐,8116,73,60.3,2026-10-07T13:26:07
Irelia,25,krolik,8010,56,44.6,2026-10-07T13:26:17
Irelia,26,Lemfy,7990,23,73.9,2026-10-07T13:26:38
Irelia,27,Axel witsel,8325,57,47.4,2026-10-07T13:26:53
Irelia,28,traksteer twitch,7968,48,45.8,2026-10-07T13:27:02
Irelia,29,hibiscustown,7898,77,55.8,2026-10-07T13:27:15
Janna,1,meowing 4 kiryu,10466,51,74.5,2026-10-07T08:53:37
Janna,2,SART Fiery,9187,54,57.4,2026-10-07T08:53:46
Janna,3,FuryEmotion,8994,62,51.6,2026-10-07T08:53:55
Janna,4,BOPE WANG 支持,8705,41,58.5,2026-10-07T08:54:04
Janna,5,Jap10,8683,45,57.8,2026-10-07T08:54:16
Janna,6,DETHRONE,8904,141,56.0,2026-10-07T08:54:27
Janna,7,TheFallingCat,8506,28,71.4,2026-10-07T08:54:35
Janna,8,莲花 Anastasia,8444,28,85.7,2026-10-07T08:54:57
Janna,9,reiyun,8785,28,82.1,2026-10-07T08:55:06
Janna,10,Havana Janna,8039,21,76.2,2026-10-07T08:55:18
Janna,11,Red Spider Lily,7932,27,81.5,2026-10-07T08:55:34
Janna,12,FastSpeed,7881,27,63.0,2026-10-07T08:55:46
Janna,13,Enchantress,7560,18,72.2,2026-10-07T08:56:01
Janna,14,Talon,8026,44,63.6,2026-10-07T08:56:16
Janna,15,FBM Ψ Kava,7733,42,57.1,2026-10-07T08:56:24
Janna,16,LISERDES,7527,50,68.0,2026-10-07T08:56:35
Janna,17,Hsin,7225,33,60.6,2026-10-07T08:56:45
Janna,18,AyHOKpyT,7274,59,61.0,2026-10-07T08:56:55
Janna,19,obito,685,11,36.4,2026-10-07T08:57:05
Janna,20,mayang,7354,42,59.5,2026-10-07T08:57:15
Janna,21,Alo ben kâzım,7122,52,65.4,2026-10-07T08:57:24
Janna,22,Kasnaka BG,7405,52,55.8,2026-10-07T08:57:35
Janna,23,GLOCK,7515,73,57.5,2026-10-07T08:57:46
Janna,24,Cilekli Femboy,7057,56,51.8,2026-10-07T08:57:54
Janna,25,Lukaku 86,7064,55,56.4,2026-10-07T08:58:05
Janna,26,泣かないでベイビー,6976,49,67.3,2026-10-07T08:58:15
Janna,27,PITCH,7158,84,57.1,2026-10-07T08:58:31
Janna,28,Sansasyon37 v2,6913,40,57.5,2026-10-07T08:58:41
Janna,29,Hiryra,6919,58,62.1,2026-10-07T08:58:51
Janna,30,KaaHCnAHOWeroO3ep,6991,40,75.0,2026-10-07T08:59:04
Jarvan IV,1,Sang Boom,10496,25,80.0,2026-10-07T06:58:35
Jarvan IV,2,Nguyn Hà Nam,10271,62,56.5,2026-10-07T06:58:44
Jarvan IV,4,"Yves,Le Vent #1",9751,44,59.1,2026-10-07T07:10:11
Jarvan IV,5,飞Buu飞,10008,44,65.9,2026-10-07T07:10:22
Jarvan IV,6,Yasins,9453,28,64.3,2026-10-07T07:10:30
Jarvan IV,7,MD Pentakill,9559,31,64.5,2026-10-07T07:10:40
Jarvan IV,8,BibyssE YT,9277,28,67.9,2026-10-07T07:10:50
Jarvan IV,9,BOPE Kywb,9170,59,52.5,2026-10-07T07:10:58
Jarvan IV,10,EinfachistGewinn,8995,64,53.1,2026-10-07T07:11:08
Jarvan IV,11,BOPE SNAYDER,8327,166,51.2,2026-10-07T07:11:17
Jarvan IV,12,NoMercyyツ,8252,51,56.9,2026-10-07T07:11:26
Jarvan IV,13,Weghs,8165,48,56.2,2026-10-07T07:11:36
Jarvan IV,14,宝贝Xu Cà Na,8067,15,73.3,2026-10-07T07:11:44
Jarvan IV,15,Caesar,8049,30,63.3,2026-10-07T07:11:55
Jarvan IV,16,Evil Lucian,8047,66,59.1,2026-10-07T07:12:06
Jarvan IV,17,Kyiv,8084,99,43.4,2026-10-07T07:12:14
Jarvan IV,18,CưnginParis,7984,35,60.0,2026-10-07T07:12:23
Jarvan IV,19,Huysike113,7764,26,73.1,2026-10-07T07:12:32
Jarvan IV,20,WaifuMaterial,7881,30,46.7,2026-10-07T07:12:41
Jarvan IV,21,PostPartumPsychO,7711,24,58.3,2026-10-07T07:12:51
Jarvan IV,22,Persues,7884,59,55.9,2026-10-07T07:12:59
Jarvan IV,23,徘徊于阴影的低语,8051,34,67.6,2026-10-07T07:13:10
Jarvan IV,24,Itachi Uchiha,7671,43,58.1,2026-10-07T07:13:18
Jarvan IV,25,Vićentije IV,7712,46,58.7,2026-10-07T07:13:29
Jarvan IV,26,UB Morax,6751,12,50.0,2026-10-07T07:13:37
Jarvan IV,27,Thunder,7515,24,79.2,2026-10-07T07:13:45
Jarvan IV,28,BDM nyangpilo,7515,28,85.7,2026-10-07T07:13:55
Jarvan IV,29,KC the loup,7580,23,78.3,2026-10-07T07:14:03
Jarvan IV,30,hrono,7715,58,48.3,2026-10-07T07:14:13
Jax,1,Bae Em đng khóc,10271,28,82.1,2026-10-07T05:49:20
Jax,2,0100,10271,94,57.4,2026-10-07T05:49:29
Jax,3,打10个,10271,120,58.3,2026-10-07T05:49:40
Jax,4,Q chokona1,10421,48,68.8,2026-10-07T05:49:57
Jax,5,teikannn,10107,46,60.9,2026-10-07T05:50:09
Jax,6,慢羊羊,9955,49,69.4,2026-10-07T05:50:18
Jax,7,Sniper,9736,44,65.9,2026-10-07T05:50:29
Jax,8,Civciv Hamdi,9316,33,78.8,2026-10-07T05:50:40
Jax,9,RiDant,9244,23,69.6,2026-10-07T05:50:51
Jax,10,WaifuMaterial,10271,175,55.4,2026-10-07T05:51:04
Jax,11,Tekko,9123,28,78.6,2026-10-07T05:51:16
Jax,12,AZR Quentin,8905,23,65.2,2026-10-07T05:51:27
Jax,13,LaughingDonkey,8724,13,84.6,2026-10-07T05:51:41
Jax,14,DarkLucieAdc,8707,64,67.2,2026-10-07T05:51:52
Jax,15,taha,8484,27,59.3,2026-10-07T05:52:06
Jax,16,Joelz,8506,27,51.9,2026-10-07T05:52:19
Jax,17,MobaGod,8457,42,50.0,2026-10-07T05:52:27
Jax,18,Nastyran,8414,32,75.0,2026-10-07T05:52:40
Jax,19,Dracarys TikTok,8427,128,58.6,2026-10-07T05:52:55
Jax,20,Dorifto Kingo,8653,57,54.4,2026-10-07T05:53:06
Jax,21,米 OG Grind,8330,37,51.4,2026-10-07T05:53:34
Jax,22,Aawa,8352,102,58.8,2026-10-07T05:53:44
Jax,23,wend,8260,29,65.5,2026-10-07T05:53:53
Jax,24,VN Optimus,8270,29,62.1,2026-10-07T05:54:02
Jax,25,Kí burst,5406,14,28.6,2026-10-07T05:54:11
Jax,26,JuniNebunu,8366,62,61.3,2026-10-07T05:54:21
Jax,27,LDFR Azox,8050,107,60.7,2026-10-07T05:54:30
Jax,28,,8101,23,52.2,2026-10-07T05:54:39
Jax,29,NOOP SAÍBOT,8031,28,67.9,2026-10-07T05:54:54
Jax,30,havalıçinlinick,8202,19,52.6,2026-10-07T05:55:04
Jayce,1,HKT龙战神,11888,100,58.0,2026-10-07T14:16:22
Jayce,2,wkk,11639,123,67.5,2026-10-07T14:17:50
Jayce,3,Rhaegarターガリエン,10225,78,52.6,2026-10-07T14:18:01
Jayce,4,Zhou Mingrui,10208,71,64.8,2026-10-07T14:18:13
Jayce,6,DrJohn Parkinson,9718,118,49.2,2026-10-07T14:18:41
Jayce,7,Popeye,9582,60,56.7,2026-10-07T14:18:58
Jayce,8,Skurwiel,5884,14,50.0,2026-10-07T14:19:14
Jayce,9,玳培加威LuvXingyu,9442,106,53.8,2026-10-07T14:19:25
Jayce,10,病 Lame,9015,29,58.6,2026-10-07T14:19:41
Jayce,11,Bellion,8944,59,61.0,2026-10-07T14:19:56
Jayce,12,Patek3940,8823,90,55.6,2026-10-07T14:20:07
Jayce,13,杰西卡佩古拉,8569,65,56.9,2026-10-07T14:20:27
Jayce,14,神Kingゾーン,8396,20,75.0,2026-10-07T14:20:39
Jayce,15,uL ShowMaker,8491,89,53.9,2026-10-07T14:20:52
Jayce,16,φpyKTOBbI,8553,42,69.0,2026-10-07T14:21:02
Jayce,17,Easy,8268,51,49.0,2026-10-07T14:21:12
Jayce,18,GREEED欲,8246,31,71.0,2026-10-07T14:21:25
Jayce,19,Tuna,8124,14,85.7,2026-10-07T14:21:38
Jayce,20,JJJenny,8065,16,75.0,2026-10-07T14:21:48
Jayce,21,XXRyanLeXX,8052,44,59.1,2026-10-07T14:22:00
Jayce,22,欧一上,8542,71,52.1,2026-10-07T14:22:11
Jayce,23,Ducnofear,8097,25,64.0,2026-10-07T14:22:28
Jayce,24,挠唧唧好酥胡,7967,12,75.0,2026-10-07T14:22:41
Jayce,25,睡到自然醒,7834,110,60.0,2026-10-07T14:22:54
Jayce,26,POMPACI,7824,54,59.3,2026-10-07T14:23:09
Jayce,27,MMB Dorann,7738,18,88.9,2026-10-07T14:23:21
Jayce,28,Yuso,7889,42,42.9,2026-10-07T14:23:34
Jayce,29,Sezz,7834,70,57.1,2026-10-07T14:23:43
Jayce,30,Trustthehammer,7786,60,48.3,2026-10-07T14:23:56
Jhin,1,769,11354,47,72.3,2026-10-07T04:21:13
Jhin,2,PAŞA,11064,39,56.4,2026-10-07T04:21:21
Jhin,3,Erdim,10067,52,59.6,2026-10-07T04:21:30
Jhin,4,看著我的眼睛,10031,80,61.2,2026-10-07T04:21:38
Jhin,5,CheckMySpeed,9731,42,59.5,2026-10-07T04:21:49
Jhin,6,BOT DIFF,9751,85,55.3,2026-10-07T04:21:58
Jhin,7,Demon AFGHAN,9292,43,58.1,2026-10-07T04:22:08
Jhin,8,Balance1,9030,30,53.3,2026-10-07T04:22:18
Jhin,9,MATRIX,9105,40,55.0,2026-10-07T04:22:26
Jhin,10,PhilxSolitudee1,9046,18,66.7,2026-10-07T04:22:37
Jhin,11,kingotadz,9287,105,53.3,2026-10-07T04:22:48
Jhin,12,Jhin Cox,8785,50,72.0,2026-10-07T04:22:59
Jhin,13,Des Capitan,8819,56,57.1,2026-10-07T04:23:13
Jhin,14,anhnhoem,8791,19,57.9,2026-10-07T04:23:25
Jhin,15,me like solobolo,8501,19,73.7,2026-10-07T04:23:40
Jhin,16,YAPMA YANARIZZ,8497,25,60.0,2026-10-07T04:23:52
Jhin,17,熊天T,8593,63,60.3,2026-10-07T04:24:00
Jhin,18,cwDen,8418,26,65.4,2026-10-07T04:24:10
Jhin,19,NUKB Robert,8595,87,47.1,2026-10-07T04:24:18
Jhin,20,BABA1,8552,52,55.8,2026-10-07T04:24:28
Jhin,21,Saikyoツ,8287,67,50.7,2026-10-07T04:24:39
Jhin,22,Nawras Toxic,8579,69,56.5,2026-10-07T04:24:47
Jhin,23,灰暗的水底,8154,16,93.8,2026-10-07T04:24:57
Jhin,24,BushCamper,8383,32,62.5,2026-10-07T04:25:08
Jhin,25,CloudySky,8139,22,54.5,2026-10-07T04:25:16
Jhin,26,her eyes,8235,29,51.7,2026-10-07T04:25:26
Jhin,27,cerrahpaşalı,8117,26,57.7,2026-10-07T04:25:37
Jhin,28,SH Skypuu Cousin,8112,33,60.6,2026-10-07T04:25:45
Jhin,29,DjWukong,8096,57,68.4,2026-10-07T04:25:56
Jhin,30,furry prince,8247,24,50.0,2026-10-07T04:26:09
Jinx,1,PAŞA,11049,29,69.0,2026-10-07T03:59:06
Jinx,2,Ht Bia Bóp Lon,10942,40,67.5,2026-10-07T03:59:19
Jinx,3,Elkochana,10271,45,77.8,2026-10-07T03:59:40
Jinx,4,Uliqiorra,10081,69,52.2,2026-10-07T03:59:54
Jinx,5,BØPE Legendary,10160,52,61.5,2026-10-07T04:00:09
Jinx,6,Nakama,9902,52,57.7,2026-10-07T04:00:20
Jinx,7,QHHnTaAAKOMeAHA,9823,86,53.5,2026-10-07T04:00:34
Jinx,8,,9719,30,80.0,2026-10-07T04:00:45
Jinx,9,Tmr,9534,118,59.3,2026-10-07T04:00:54
Jinx,10,我女朋友打我vuvi,9389,29,58.6,2026-10-07T04:01:04
Jinx,11,STL FRYST,9511,66,68.2,2026-10-07T04:01:16
Jinx,12,Vaidade,9160,176,54.0,2026-10-07T04:01:25
Jinx,13,KA1ZEN,9153,76,64.5,2026-10-07T04:01:35
Jinx,14,gotuseksiahmet,9114,27,70.4,2026-10-07T04:01:44
Jinx,15,神Hercules,9042,47,61.7,2026-10-07T04:01:54
Jinx,16,Criminal,9271,36,58.3,2026-10-07T04:02:04
Jinx,17,Beyond感,8928,33,66.7,2026-10-07T04:02:12
Jinx,18,pVg,8913,24,75.0,2026-10-07T04:02:24
Jinx,19,啊不怕呃Luden,8865,61,59.0,2026-10-07T04:02:36
Jinx,20,IXI,8845,54,83.3,2026-10-07T04:02:51
Jinx,21,VE ABÍNÍZ,8889,19,57.9,2026-10-07T04:03:04
Jinx,22,Desert Rose,8840,32,68.8,2026-10-07T04:03:15
Jinx,23,B1TTIMHANE,9160,172,50.6,2026-10-07T04:03:29
Jinx,24,甜醋排骨,8787,90,62.2,2026-10-07T04:03:37
Jinx,25,AETHER,8850,62,56.5,2026-10-07T04:03:46
Jinx,26,Legend,2420,5,20.0,2026-10-07T04:03:56
Jinx,27,AcidJuke,8487,19,57.9,2026-10-07T04:04:06
Jinx,28,watchme1shotyou,8476,44,56.8,2026-10-07T04:04:15
Jinx,29,Yuri Boyka,8544,24,50.0,2026-10-07T04:04:31
Jinx,30,TikTok Nivex,8425,18,61.1,2026-10-07T04:04:42
K'Sante,1,Joelz,11467,50,64.0,2026-10-07T20:08:51
K'Sante,2,Bully Maguire,10803,52,63.5,2026-10-07T20:09:04
K'Sante,3,Bowonski,10653,77,59.7,2026-10-07T20:09:18
K'Sante,4,YT TeaYenSvg,10243,37,73.0,2026-10-07T20:09:30
K'Sante,5,가운 계절이 피워낸 하얀 꽃,10190,31,77.4,2026-10-07T20:09:46
K'Sante,6,Retired toplane,9724,30,66.7,2026-10-07T20:09:58
K'Sante,7,没有数值全是操作,9608,31,67.7,2026-10-07T20:10:14
K'Sante,8,Last Blade,9393,46,56.5,2026-10-07T20:10:28
K'Sante,9,Ainsi va la vie,9290,26,76.9,2026-10-07T20:10:42
K'Sante,10,Den4ik,9295,79,62.0,2026-10-07T20:10:57
K'Sante,11,Spown,9052,38,60.5,2026-10-07T20:11:11
K'Sante,12,HARAKIFRI,9636,119,57.1,2026-10-07T20:11:22
K'Sante,13,zaxahas,8916,15,80.0,2026-10-07T20:11:37
K'Sante,14,Shogun 戦士,8797,18,72.2,2026-10-07T20:11:47
K'Sante,15,LCDM Komaa59,8908,44,63.6,2026-10-07T20:12:03
K'Sante,16,Ser Galileo,8585,34,61.8,2026-10-07T20:12:17
K'Sante,17,emporio ivankov,8355,24,58.3,2026-10-07T20:12:27
K'Sante,18,GREEED欲,8464,38,52.6,2026-10-07T20:12:41
K'Sante,19,ÖLÜCEKSİN,8557,181,56.9,2026-10-07T20:12:51
K'Sante,20,Popeye,8791,36,41.7,2026-10-07T20:13:04
K'Sante,21,Mysa,8283,31,51.6,2026-10-07T20:13:21
K'Sante,22,Layzer,8227,64,51.6,2026-10-07T20:13:35
K'Sante,23,Øxi,8154,40,50.0,2026-10-07T20:13:58
K'Sante,24,zeromin,8137,19,73.7,2026-10-07T20:14:30
K'Sante,25,Detnev,8102,23,73.9,2026-10-07T20:14:57
K'Sante,26,M6nifestSueda,8143,32,56.2,2026-10-07T20:15:07
K'Sante,27,Karaj,7979,67,46.3,2026-10-07T20:15:17
K'Sante,28,Lakatown,7975,14,71.4,2026-10-07T20:15:30
K'Sante,29,Yummy sandwich,7880,66,50.0,2026-10-07T20:15:44
K'Sante,30,jeanbernard398,7873,16,81.2,2026-10-07T20:15:54
Kai'Sa,1,Akon Smack That,11687,92,62.0,2026-10-07T04:43:38
Kai'Sa,2,Iluha prime,10860,46,65.2,2026-10-07T04:43:47
Kai'Sa,3,糯啵迷路中,10271,66,66.7,2026-10-07T04:43:57
Kai'Sa,4,arachnophobia,10240,58,69.0,2026-10-07T04:44:07
Kai'Sa,5,CorelsRotten,10061,36,61.1,2026-10-07T04:44:22
Kai'Sa,6,Absolute,10048,29,72.4,2026-10-07T04:44:34
Kai'Sa,7,SSS Ton 618,10099,27,63.0,2026-10-07T04:44:47
Kai'Sa,8,是阿德里安呀,9734,26,73.1,2026-10-07T04:45:00
Kai'Sa,9,东风吹人醒,9877,39,53.8,2026-10-07T04:45:09
Kai'Sa,10,只有塞赞,9788,46,58.7,2026-10-07T04:45:21
Kai'Sa,11,JPedrøn,9534,95,55.8,2026-10-07T04:45:34
Kai'Sa,12,SW Murta,4517,11,54.5,2026-10-07T04:45:45
Kai'Sa,13,Psychóbóy,9439,101,48.5,2026-10-07T04:45:56
Kai'Sa,14,LâmTLinh,9493,56,50.0,2026-10-07T04:46:05
Kai'Sa,15,123456789,9534,57,70.2,2026-10-07T04:46:15
Kai'Sa,16,Sharky,9206,21,66.7,2026-10-07T04:46:25
Kai'Sa,17,Onurysl,9274,41,65.9,2026-10-07T04:46:33
Kai'Sa,18,aphant,9492,36,55.6,2026-10-07T04:46:43
Kai'Sa,19,Bermix,9110,30,60.0,2026-10-07T04:46:56
Kai'Sa,20,进裤子掏出又大又硬又烫的手,9532,35,57.1,2026-10-07T04:47:05
Kai'Sa,21,Falko,9293,49,57.1,2026-10-07T04:47:16
Kai'Sa,22,Nikson,9091,38,50.0,2026-10-07T04:47:29
Kai'Sa,23,HAEDESxx,8855,45,66.7,2026-10-07T04:47:43
Kai'Sa,24,Japon Bey,8785,17,88.2,2026-10-07T04:47:56
Kai'Sa,25,Succo Mai Dicu,8785,50,66.0,2026-10-07T04:48:04
Kai'Sa,26,雅庫戈奇,8735,33,60.6,2026-10-07T04:48:13
Kai'Sa,27,TonighThe Night,8717,25,64.0,2026-10-07T04:48:22
Kai'Sa,28,火雲邪神,8827,16,87.5,2026-10-07T04:48:31
Kai'Sa,29,3aBapHo BceM ya,8633,55,65.5,2026-10-07T04:48:41
Kai'Sa,30,Shiroblank,8621,24,66.7,2026-10-07T04:48:49
Kalista,1,情随伤逝恨随痛至,9704,35,71.4,2026-10-07T18:30:02
Kalista,2,qdz,10201,66,43.9,2026-10-07T18:30:28
Kalista,3,オーラRIN,9095,16,87.5,2026-10-07T18:30:46
Kalista,4,TonighThe Night,8815,33,51.5,2026-10-07T18:31:01
Kalista,5,Aerø,8778,56,58.9,2026-10-07T18:31:16
Kalista,6,SAVAGE,7303,21,47.6,2026-10-07T18:31:29
Kalista,7,ProONoObS,8762,140,62.1,2026-10-07T18:31:47
Kalista,8,CHCUKA,8735,127,53.5,2026-10-07T18:32:00
Kalista,9,IHI,8552,38,60.5,2026-10-07T18:32:12
Kalista,10,Kirs,8533,92,63.0,2026-10-07T18:32:26
Kalista,11,RianDurin,8490,63,54.0,2026-10-07T18:32:41
Kalista,12,koberito,8483,23,52.2,2026-10-07T18:32:52
Kalista,13,云上天阙龙吟紫宸令一心,8448,28,67.9,2026-10-07T18:33:06
Kalista,14,你个水果酱,4838,4,75.0,2026-10-07T18:33:19
Kalista,15,Dostum Batu,8445,22,63.6,2026-10-07T18:33:30
Kalista,16,Tài Năng Già,8191,72,55.6,2026-10-07T18:33:42
Kalista,17,the bunny fufu 爱,8260,99,53.5,2026-10-07T18:33:55
Kalista,18,laryyy,8154,49,61.2,2026-10-07T18:34:09
Kalista,19,dilldoobaggins,8099,37,70.3,2026-10-07T18:34:21
Kalista,20,Daddy sam,7694,84,53.6,2026-10-07T18:34:32
Kalista,21,Andrejcarina2,7671,80,60.0,2026-10-07T18:36:15
Kalista,22,THRESH OYNUCAM,7918,71,53.5,2026-10-07T18:37:05
Kalista,23,BarkingAtJng,7617,36,69.4,2026-10-07T18:37:39
Kalista,24,Uchiha Yasuo,3238,7,57.1,2026-10-07T18:38:13
Kalista,25,John Wick 7,7565,36,72.2,2026-10-07T18:38:41
Kalista,26,TWERK yapan weyn,4409,9,33.3,2026-10-07T18:39:13
Kalista,27,ISCEN,7515,62,58.1,2026-10-07T18:39:41
Kalista,28,BO5,7515,76,61.8,2026-10-07T18:39:53
Kalista,29,Zhenchouchou,7469,117,49.6,2026-10-07T18:40:07
Kalista,30,Cpt Haramb69e,7469,37,54.1,2026-10-07T18:40:16
Karma,1,rosélla,10045,55,63.6,2026-10-06T22:40:55
Karma,2,Inspire,10271,165,49.1,2026-10-06T22:41:05
Karma,3,WhyYaSouBad,9373,42,66.7,2026-10-06T22:41:14
Karma,4,sefu,9229,45,66.7,2026-10-06T22:41:25
Karma,5,Kopa antisocial,9161,39,64.1,2026-10-06T22:41:42
Karma,6,FuryEmotion,9198,89,53.9,2026-10-06T22:41:53
Karma,7,あNefelia,8941,57,54.4,2026-10-06T22:42:06
Karma,9,半ばMarkitus,8269,37,54.1,2026-10-06T22:42:28
Karma,10,Copycat,8418,22,68.2,2026-10-06T22:42:39
Karma,11,老牛逼,8450,37,51.4,2026-10-06T22:42:50
Karma,12,Snowfall,8213,34,67.6,2026-10-06T22:43:00
Karma,13,Limbo,8134,25,60.0,2026-10-06T22:43:14
Karma,14,Mue PSD,8063,36,52.8,2026-10-06T22:43:25
Karma,15,WRD Sasha 龍,7999,119,50.4,2026-10-06T22:43:37
Karma,16,1MBIR,7954,25,72.0,2026-10-06T22:43:51
Karma,17,630 wTさん,8394,74,55.4,2026-10-06T22:44:02
Karma,18,FantasyAngel,7850,162,47.5,2026-10-06T22:44:16
Karma,19,免費赢,7685,46,56.5,2026-10-06T22:44:26
Karma,20,buzağı,7719,21,66.7,2026-10-06T22:44:42
Karma,21,Lexy,7662,25,64.0,2026-10-06T22:44:54
Karma,22,Popex,1569,9,33.3,2026-10-06T22:45:04
Karma,23,xava愛,7530,37,54.1,2026-10-06T22:45:20
Karma,24,Ralexus,6311,11,45.5,2026-10-06T22:45:41
Karma,25,Łxy∆,7442,21,61.9,2026-10-06T22:45:56
Karma,26,CoAHe4HbIPe6eHOK,7345,13,76.9,2026-10-06T22:46:10
Karma,27,For Her Eyes,7314,41,65.9,2026-10-06T22:46:23
Karma,28,Hirae,7303,29,62.1,2026-10-06T22:46:34
Karma,29,,7491,27,74.1,2026-10-06T22:46:46
Karma,30,只有你弗坎弗坎,7258,18,55.6,2026-10-06T22:46:54
Kassadin,1,Ti Sao Bé 0 lc,11771,82,72.0,2026-10-07T14:30:54
Kassadin,2,Shima,10586,133,59.4,2026-10-07T14:31:08
Kassadin,3,HappyBoy WR,10391,66,56.1,2026-10-07T14:31:56
Kassadin,4,euqinuY,10383,120,63.3,2026-10-07T14:32:30
Kassadin,5,Ao青,9875,57,59.6,2026-10-07T14:33:00
Kassadin,6,TeoWarp,9611,68,72.1,2026-10-07T14:33:14
Kassadin,7,CbIH yprOTa,9591,49,57.1,2026-10-07T14:33:24
Kassadin,8,vorgge,9285,70,71.4,2026-10-07T14:33:38
Kassadin,9,Vid,9247,16,87.5,2026-10-07T14:33:47
Kassadin,10,TTK Basil,9050,32,75.0,2026-10-07T14:34:02
Kassadin,11,vulcanot,9068,38,68.4,2026-10-07T14:34:12
Kassadin,12,Poisoned Beer,8959,27,74.1,2026-10-07T14:34:23
Kassadin,13,没収玳培威DONA,8982,45,53.3,2026-10-07T14:34:33
Kassadin,14,陽MINIジャングルの王,9020,47,57.4,2026-10-07T14:34:44
Kassadin,15,Kassadin 這,8787,85,69.4,2026-10-07T14:35:00
Kassadin,16,ASHBORN,8579,48,75.0,2026-10-07T14:35:15
Kassadin,17,KyBaAAa,8549,34,61.8,2026-10-07T14:35:34
Kassadin,18,insta wrBakire09,8470,55,54.5,2026-10-07T14:35:49
Kassadin,19,Fasterkill,8444,20,75.0,2026-10-07T14:36:06
Kassadin,20,em cuoi xinh lam,8410,11,81.8,2026-10-07T14:36:17
Kassadin,21,Perce,8579,53,58.5,2026-10-07T14:36:27
Kassadin,22,Son,8490,31,71.0,2026-10-07T14:36:40
Kassadin,23,NiSuan What,8260,39,79.5,2026-10-07T14:36:52
Kassadin,24,GATSBY,8260,34,73.5,2026-10-07T14:37:02
Kassadin,25,為亞索瘋狂Ressn,8231,41,56.1,2026-10-07T14:37:16
Kassadin,26,FEERZ,8154,53,67.9,2026-10-07T14:37:30
Kassadin,27,solace,8150,28,75.0,2026-10-07T14:37:40
Kassadin,28,Kassadyn,8325,53,62.3,2026-10-07T14:37:52
Kassadin,29,SxrryyyIOS,8079,54,51.9,2026-10-07T14:38:03
Kassadin,30,XIII KASSAWIN,8365,25,60.0,2026-10-07T14:38:15
Katarina,1,Rigwyn,10271,109,56.0,2026-10-07T13:27:46
Katarina,2,Rank 1 Kata Supp,10031,126,55.6,2026-10-07T13:27:58
Katarina,3,Brat Summer,10016,46,67.4,2026-10-07T13:28:10
Katarina,4,UrBetterWithMe,9991,29,65.5,2026-10-07T13:28:25
Katarina,5,Legach,9963,40,67.5,2026-10-07T13:28:42
Katarina,6,ÇANKIRILI KATA,9782,80,66.2,2026-10-07T13:28:57
Katarina,7,banban,9737,62,61.3,2026-10-07T13:29:13
Katarina,8,Rexus,9655,31,74.2,2026-10-07T13:29:31
Katarina,9,温简言,9853,54,53.7,2026-10-07T13:29:42
Katarina,10,nice troll,9309,67,38.8,2026-10-07T13:29:58
Katarina,11,意漢Nidale瞿翹,9066,20,60.0,2026-10-07T13:30:21
Katarina,12,ceeky44,9016,79,63.3,2026-10-07T13:30:55
Katarina,13,MiraçBaba5665,9163,85,51.8,2026-10-07T13:31:21
Katarina,14,Hate me,8785,29,69.0,2026-10-07T13:31:40
Katarina,15,そKrøx,8785,31,80.6,2026-10-07T13:32:04
Katarina,16,vicsffm ttv,8776,35,57.1,2026-10-07T13:32:26
Katarina,17,KATA 77,8991,116,54.3,2026-10-07T13:32:37
Katarina,18,PAŞA,8597,15,60.0,2026-10-07T13:32:52
Katarina,19,LR Alone,8579,49,67.3,2026-10-07T13:33:04
Katarina,20,Roula is Cute,8579,54,61.1,2026-10-07T13:33:21
Katarina,21,KiveG,8579,30,70.0,2026-10-07T13:33:37
Katarina,22,Robi brosz,8356,34,64.7,2026-10-07T13:33:55
Katarina,23,발견자,8747,78,51.3,2026-10-07T13:34:20
Katarina,24,KaE},8329,27,55.6,2026-10-07T13:34:43
Katarina,25,KatarinaOnly,3533,16,62.5,2026-10-07T13:35:00
Katarina,26,Marko Mitrovic,8212,27,59.3,2026-10-07T13:35:14
Katarina,27,Whisper,8154,19,89.5,2026-10-07T13:35:25
Katarina,28,Nyx KiaNOOO,8139,50,54.0,2026-10-07T13:35:38
Katarina,29,DARLORD 主要,8262,44,61.4,2026-10-07T13:35:50
Katarina,30,AkiN01,8537,65,60.0,2026-10-07T13:36:01
Kayle,1,Skurwiel,10155,57,63.2,2026-10-07T05:55:20
Kayle,2,Master,10108,120,66.7,2026-10-07T05:55:29
Kayle,3,YIKILMAZ,10271,58,63.8,2026-10-07T05:55:39
Kayle,4,ZLLLLLLLLLL,9754,22,59.1,2026-10-07T05:55:49
Kayle,5,日日日,9035,49,59.2,2026-10-07T05:56:03
Kayle,6,PWR Sales,8579,40,62.5,2026-10-07T05:56:16
Kayle,7,inting all day,7935,45,57.8,2026-10-07T05:56:24
Kayle,8,The Final Gleam,7884,48,60.4,2026-10-07T05:56:35
Kayle,9,NothingHappened,7728,120,58.3,2026-10-07T05:56:43
Kayle,11,Satochi,7714,22,68.2,2026-10-07T05:57:08
Kayle,12,Chim Bé Tí,7834,37,83.8,2026-10-07T05:57:19
Kayle,13,Anvil AmbRi,,,72.7,2026-10-07T05:57:33
Kayle,14,loss streak,7409,55,63.6,2026-10-07T05:57:42
Kayle,15,OG KeineShow,7410,37,62.2,2026-10-07T05:57:54
Kayle,16,M1GR4,7321,46,58.7,2026-10-07T05:58:06
Kayle,17,Ataesus,7196,65,63.1,2026-10-07T05:58:17
Kayle,18,Nadhesk,7263,98,57.1,2026-10-07T05:58:28
Kayle,19,DEATH END,7303,69,60.9,2026-10-07T05:58:36
Kayle,20,Lê Báo Long,7267,80,55.0,2026-10-07T05:58:50
Kayle,21,Lorrius,7164,11,81.8,2026-10-07T05:59:04
Kayle,22,Liz,7157,90,60.0,2026-10-07T05:59:16
Kayle,23,Olszi16,6976,51,58.8,2026-10-07T05:59:44
Kayle,24,死|Wolf,6827,26,57.7,2026-10-07T05:59:55
Kayle,25,NbAHbIõ 4épT,6900,53,60.4,2026-10-07T06:00:03
Kayle,26,Mariみ,6792,7,71.4,2026-10-07T06:00:13
Kayle,27,DEMON,6850,61,65.6,2026-10-07T06:00:21
Kayle,28,Jaime Le Poulet,6829,77,62.3,2026-10-07T06:00:31
Kayle,29,Peipuks,6930,47,61.7,2026-10-07T06:00:42
Kayle,30,Sereno037,7075,167,51.5,2026-10-07T06:00:50
Kayn,1,Larinn,10088,43,58.1,2026-10-06T22:26:13
Kayn,2,帝Kaybil王,9880,199,53.3,2026-10-06T22:26:24
Kayn,3,LetMeSoloThem,9649,51,66.7,2026-10-06T22:26:37
Kayn,4,BORAS,9605,26,69.2,2026-10-06T22:26:48
Kayn,5,Leywin再覚醒,9605,27,70.4,2026-10-06T22:27:05
Kayn,6,MrPap YT,9654,56,62.5,2026-10-06T22:27:18
Kayn,7,cw Mnh Him,9363,98,68.4,2026-10-06T22:27:45
Kayn,8,Return to God,9336,78,65.4,2026-10-06T22:28:06
Kayn,9,Jok3r,9534,89,64.0,2026-10-06T22:28:25
Kayn,10,Lin,9533,102,52.9,2026-10-06T22:28:45
Kayn,11,Megatron8,9446,34,61.8,2026-10-06T22:28:58
Kayn,12,XXXXXXXXXX,2963,4,50.0,2026-10-06T22:29:13
Kayn,13,Xm WaKaShy,8897,20,65.0,2026-10-06T22:29:30
Kayn,14,Maracanã,8725,35,62.9,2026-10-06T22:29:46
Kayn,15,Aysunuanlamak,8937,90,55.6,2026-10-06T22:29:59
Kayn,16,Lucky,8366,65,63.1,2026-10-06T22:30:14
Kayn,17,Shieda影,8309,35,65.7,2026-10-06T22:30:25
Kayn,18,vetle1235,1623,2,50.0,2026-10-06T22:30:41
Kayn,19,法YOWAIMO法,8088,56,60.7,2026-10-06T22:30:59
Kayn,20,toxic biker,8309,110,61.8,2026-10-06T22:31:11
Kayn,21,CHOUCHOOUU,8260,64,62.5,2026-10-06T22:31:22
Kayn,22,KASHIRA Dz,8203,22,72.7,2026-10-06T22:31:35
Kayn,23,NESSUNO,7940,92,58.7,2026-10-06T22:31:47
Kayn,24,Chrollo Lucilfer,7940,30,43.3,2026-10-06T22:32:01
Kayn,25,Yamin,8018,52,61.5,2026-10-06T22:32:10
Kayn,26,kayn7,7884,60,63.3,2026-10-06T22:32:20
Kayn,27,Jackk Danielss,7834,66,69.7,2026-10-06T22:32:29
Kayn,28,Gabit7a,7834,74,60.8,2026-10-06T22:32:39
Kayn,29,Zeleph PFR,8164,53,54.7,2026-10-06T22:32:53
Kayn,30,HFX Bik,7875,79,67.1,2026-10-06T22:33:07
Kennen,1,Meine Liebe ZB,9887,41,56.1,2026-10-07T07:36:15
Kennen,2,XxDeMoNyxX,9845,32,65.6,2026-10-07T07:36:24
Kennen,3,シフヴスヤン,10031,225,50.7,2026-10-07T07:36:35
Kennen,4,Raiden,9716,72,63.9,2026-10-07T07:36:45
Kennen,5,E6ΛOMëT,9534,124,54.8,2026-10-07T07:36:58
Kennen,6,Kennen Yıldız,9810,104,56.7,2026-10-07T07:37:09
Kennen,7,pedro,9218,72,59.7,2026-10-07T07:37:22
Kennen,8,Behlül,9098,51,52.9,2026-10-07T07:37:34
Kennen,9,Lazy2TryharD,8847,35,65.7,2026-10-07T07:37:44
Kennen,10,KoksOLO,8693,99,51.5,2026-10-07T07:37:56
Kennen,11,Insane Skills,8735,55,63.6,2026-10-07T07:38:07
Kennen,12,NARCO,9073,126,58.7,2026-10-07T07:38:18
Kennen,13,TeヤMoon,8579,63,58.7,2026-10-07T07:38:30
Kennen,14,PaekD× Zoro,8461,34,67.6,2026-10-07T07:38:39
Kennen,15,50eXeLaNS,8738,29,55.2,2026-10-07T07:38:49
Kennen,16,Ashketchuuuum,8304,138,55.8,2026-10-07T07:38:59
Kennen,17,Laners,8195,23,47.8,2026-10-07T07:39:07
Kennen,18,Exotic,8194,51,64.7,2026-10-07T07:39:19
Kennen,19,ASKELADD,8579,51,56.9,2026-10-07T07:39:34
Kennen,20,silent Rogue,8067,23,82.6,2026-10-07T07:39:45
Kennen,21,Better top wins,8063,70,61.4,2026-10-07T07:40:01
Kennen,22,eyes never lie,1698,1,0.0,2026-10-07T07:40:12
Kennen,23,T Injected,7834,65,61.5,2026-10-07T07:40:22
Kennen,24,huySupahotfireee,7755,48,62.5,2026-10-07T07:40:31
Kennen,25,tiktokmoyuwr,7733,88,75.0,2026-10-07T07:40:39
Kennen,26,1vs9 kenn 凯南,7726,71,60.6,2026-10-07T07:40:50
Kennen,27,Deborah De Luca,7713,30,66.7,2026-10-07T07:40:58
Kennen,28,Loudy,7657,88,59.1,2026-10-07T07:41:08
Kennen,29,DačoNS,7553,74,60.8,2026-10-07T07:41:17
Kennen,30,ALL 123 Jhin,7642,40,57.5,2026-10-07T07:41:25
Kha'Zix,1,ZMS MG Xiao,10387,32,75.0,2026-10-07T03:53:51
Kha'Zix,2,草丛里有猫,10070,93,65.6,2026-10-07T03:53:59
Kha'Zix,3,On Zed英,9534,48,70.8,2026-10-07T03:54:09
Kha'Zix,4,Kresrek,9911,121,55.4,2026-10-07T03:54:18
Kha'Zix,5,arachnophobia,9596,26,61.5,2026-10-07T03:54:31
Kha'Zix,6,Itachi Flow,9348,21,76.2,2026-10-07T03:54:39
Kha'Zix,7,deccxl yzxnś,9272,15,86.7,2026-10-07T03:54:50
Kha'Zix,8,Ocean,9243,35,71.4,2026-10-07T03:55:00
Kha'Zix,9,Nawfel,9596,71,64.8,2026-10-07T03:55:08
Kha'Zix,10,Rivetrox Elite,9080,20,75.0,2026-10-07T03:55:18
Kha'Zix,11,ya huilo,8701,25,76.0,2026-10-07T03:55:26
Kha'Zix,12,Smøke秘,8785,27,66.7,2026-10-07T03:55:36
Kha'Zix,13,Asphaïstosis,8616,26,69.2,2026-10-07T03:55:46
Kha'Zix,14,AHTNSHMT,8539,43,65.1,2026-10-07T03:55:55
Kha'Zix,15,JSK | iam da one,8420,27,66.7,2026-10-07T03:56:09
Kha'Zix,16,,8301,18,83.3,2026-10-07T03:56:20
Kha'Zix,17,600ug,8336,21,76.2,2026-10-07T03:56:36
Kha'Zix,18,Abracadaniel,8191,37,67.6,2026-10-07T03:56:51
Kha'Zix,19,Feika,8260,36,75.0,2026-10-07T03:57:02
Kha'Zix,20,Red Buff,8281,38,71.1,2026-10-07T03:57:12
Kha'Zix,21,DriFyuZ,7989,16,62.5,2026-10-07T03:57:22
Kha'Zix,22,UrPeakIsMyWarmup,8222,37,56.8,2026-10-07T03:57:30
Kha'Zix,23,OπαKαραλετσι,7837,69,59.4,2026-10-07T03:57:39
Kha'Zix,24,xBOREKK Yotube,7565,62,66.1,2026-10-07T03:57:48
Kha'Zix,25,NaVi,7619,25,72.0,2026-10-07T03:57:57
Kha'Zix,26,到 Caelithra,7630,44,56.8,2026-10-07T03:58:08
Kha'Zix,27,Boomslang,7495,28,64.3,2026-10-07T03:58:16
Kha'Zix,28,Chef,7303,59,64.4,2026-10-07T03:58:26
Kha'Zix,29,Tyruzz,7243,16,56.2,2026-10-07T03:58:37
Kha'Zix,30,seim,7314,31,64.5,2026-10-07T03:58:45
Kindred,1,777,10085,112,57.1,2026-10-07T08:42:14
Kindred,2,祖师爷,10016,62,56.5,2026-10-07T08:42:27
Kindred,3,Skapiec,9368,45,60.0,2026-10-07T08:42:52
Kindred,4,PaNDa1337,9742,130,49.2,2026-10-07T08:43:20
Kindred,5,IZ DOTKI V LOLKU,3054,7,42.9,2026-10-07T08:43:33
Kindred,6,sunderbargainn,8787,77,70.1,2026-10-07T08:43:42
Kindred,7,Dio,8633,23,65.2,2026-10-07T08:43:53
Kindred,8,オウティス,8579,64,59.4,2026-10-07T08:44:03
Kindred,9,泡泡在哪里,8208,46,60.9,2026-10-07T08:44:11
Kindred,10,DAO ZI,8416,37,59.5,2026-10-07T08:44:22
Kindred,11,,8154,52,63.5,2026-10-07T08:44:32
Kindred,12,T1 Andrex,8154,75,61.3,2026-10-07T08:44:41
Kindred,13,YûUTA,8099,56,80.4,2026-10-07T08:44:51
Kindred,14,Lemming,7870,17,100.0,2026-10-07T08:45:01
Kindred,15,Morello,8020,60,53.3,2026-10-07T08:45:16
Kindred,16,Komur Carl,7801,69,55.1,2026-10-07T08:45:29
Kindred,17,LuvXK,7579,37,75.7,2026-10-07T08:45:40
Kindred,18,SAYGISIZ,7574,135,49.6,2026-10-07T08:45:54
Kindred,19,kindred lam8r,7565,28,71.4,2026-10-07T08:46:05
Kindred,20,Yubi,4597,10,40.0,2026-10-07T08:46:13
Kindred,21,Suba,7635,37,54.1,2026-10-07T08:46:26
Kindred,22,Delta,6770,11,45.5,2026-10-07T08:46:35
Kindred,23,sentinel,2745,7,42.9,2026-10-07T08:46:43
Kindred,24,gay catboy,7508,29,65.5,2026-10-07T08:46:53
Kindred,25,drewderickJR,7697,41,61.0,2026-10-07T08:47:03
Kindred,26,BOPE CryHunter,7383,68,51.5,2026-10-07T08:47:12
Kindred,27,马丽历险记,7293,14,85.7,2026-10-07T08:47:23
Kindred,28,Dark Prince,7276,38,65.8,2026-10-07T08:47:34
Kindred,29,Bartosiak21,7515,82,56.1,2026-10-07T08:47:42
Kindred,30,Kindra,7489,60,51.7,2026-10-07T08:47:53
Kog'Maw,1,Yusuke,10070,39,89.7,2026-10-07T15:57:54
Kog'Maw,2,RasmuSVP,9196,25,84.0,2026-10-07T15:58:04
Kog'Maw,3,Plátano Canario,8990,28,71.4,2026-10-07T15:58:15
Kog'Maw,4,云海ovo,8270,35,62.9,2026-10-07T15:58:28
Kog'Maw,6,BOPEHUGO,7974,30,56.7,2026-10-07T15:58:56
Kog'Maw,7,DezGan,8003,33,69.7,2026-10-07T15:59:10
Kog'Maw,8,Johncondor,7829,142,55.6,2026-10-07T15:59:23
Kog'Maw,9,23g Protein,7615,64,59.4,2026-10-07T15:59:33
Kog'Maw,10,AllureLove1994,7584,14,71.4,2026-10-07T15:59:47
Kog'Maw,11,ggTeamDiff,7565,65,60.0,2026-10-07T16:00:02
Kog'Maw,12,Shnb2,7599,39,59.0,2026-10-07T16:00:14
Kog'Maw,13,LPCXCANSERBERO,7408,26,65.4,2026-10-07T16:00:31
Kog'Maw,14,人龙合一,7166,57,59.6,2026-10-07T16:00:46
Kog'Maw,15,毛泽瑞尔,7110,18,61.1,2026-10-07T16:01:24
Kog'Maw,16,TilMoon,7450,113,56.6,2026-10-07T16:01:46
Kog'Maw,17,Arteezy,6901,41,53.7,2026-10-07T16:02:03
Kog'Maw,18,Discord adam002w,6883,16,81.2,2026-10-07T16:02:20
Kog'Maw,19,EpicT,7515,90,53.3,2026-10-07T16:02:39
Kog'Maw,20,Chihiro,6765,20,60.0,2026-10-07T16:02:52
Kog'Maw,21,KopOAA He y6HTb,6760,25,76.0,2026-10-07T16:03:10
Kog'Maw,22,Anvil AmbRi,6731,12,75.0,2026-10-07T16:03:26
Kog'Maw,23,Ad Carries U,6894,49,65.3,2026-10-07T16:03:43
Kog'Maw,24,DuDo,6872,22,59.1,2026-10-07T16:03:58
Kog'Maw,25,Blue Chimera,6658,38,71.1,2026-10-07T16:04:18
Kog'Maw,26,C1HQT,6851,118,55.1,2026-10-07T16:04:54
Kog'Maw,27,EL King,6915,107,54.2,2026-10-07T16:05:32
Kog'Maw,28,küccükninja,7275,114,51.8,2026-10-07T16:05:57
Kog'Maw,29,姜来时,6698,18,55.6,2026-10-07T16:07:14
Kog'Maw,30,mihailfm05,6670,58,53.4,2026-10-07T16:07:27
Lee Sin,1,thehoang,10982,82,67.1,2026-10-07T07:25:02
Lee Sin,2,Sang Boom,10670,35,80.0,2026-10-07T07:25:12
Lee Sin,3,Demon Yone,10606,32,75.0,2026-10-07T07:25:21
Lee Sin,4,Yemisticrac,10271,71,56.3,2026-10-07T07:25:32
Lee Sin,5,马卡特凯特 Butazito,10168,23,78.3,2026-10-07T07:25:52
Lee Sin,6,Sesto Elemento,10155,52,57.7,2026-10-07T07:26:02
Lee Sin,7,二两茶OVO,10271,124,54.8,2026-10-07T07:26:15
Lee Sin,8,Loxings,7993,21,47.6,2026-10-07T07:26:28
Lee Sin,9,deccxl yzxnś,10099,19,78.9,2026-10-07T07:26:39
Lee Sin,10,baby cute,10082,39,61.5,2026-10-07T07:26:52
Lee Sin,11,K么SS么m,9784,24,70.8,2026-10-07T07:27:08
Lee Sin,12,Ming,9751,55,72.7,2026-10-07T07:27:17
Lee Sin,13,Quý Boom,10110,96,53.1,2026-10-07T07:27:27
Lee Sin,14,SSS Blaze,9747,39,64.1,2026-10-07T07:27:35
Lee Sin,15,Afrez,9534,77,61.0,2026-10-07T07:27:44
Lee Sin,16,discord kiryu156,9752,27,66.7,2026-10-07T07:27:54
Lee Sin,17,Youtube Scely,9499,30,63.3,2026-10-07T07:28:02
Lee Sin,18,Flu,9521,34,64.7,2026-10-07T07:28:13
Lee Sin,19,Seraainu,9714,22,63.6,2026-10-07T07:28:25
Lee Sin,20,barking 4 airu,9383,17,64.7,2026-10-07T07:28:38
Lee Sin,21,retired Noname,9383,25,64.0,2026-10-07T07:28:53
Lee Sin,22,Insta haeroonn,9236,22,72.7,2026-10-07T07:29:04
Lee Sin,23,カオスLEONEL,9202,28,67.9,2026-10-07T07:29:16
Lee Sin,24,4ever with u,9210,63,76.2,2026-10-07T07:29:24
Lee Sin,25,Lacest,9160,19,63.2,2026-10-07T07:29:34
Lee Sin,26,Qua,9196,30,56.7,2026-10-07T07:29:44
Lee Sin,27,FILIPEK,9030,27,48.1,2026-10-07T07:29:53
Lee Sin,28,DerBoyDerG,9112,58,39.7,2026-10-07T07:30:03
Lee Sin,29,TwitchtvGhostftw,8849,32,43.8,2026-10-07T07:30:13
Lee Sin,30,Monarcxh,8785,21,90.5,2026-10-07T07:30:22
Leona,1,uProKim,9658,67,61.2,2026-10-07T06:06:59
Leona,2,Z top1,9163,129,51.9,2026-10-07T06:07:09
Leona,3,RedHood,9286,63,65.1,2026-10-07T06:07:22
Leona,4,Conchibis,8785,48,60.4,2026-10-07T06:07:36
Leona,5,MrYourBoss,8753,55,61.8,2026-10-07T06:07:51
Leona,6,NFOPonyBalboa,8649,81,64.2,2026-10-07T06:08:02
Leona,7,Nariuu,8692,143,55.9,2026-10-07T06:08:15
Leona,8,Đârk Spîrît,8041,63,65.1,2026-10-07T06:08:28
Leona,9,Jackal Onlyfans,8210,39,48.7,2026-10-07T06:08:37
Leona,10,Popcorn,7997,63,69.8,2026-10-07T06:08:54
Leona,11,Mackish,8006,72,59.7,2026-10-07T06:09:03
Leona,12,RRSSilva,7917,59,54.2,2026-10-07T06:09:15
Leona,13,suponiamoche,2000,4,75.0,2026-10-07T06:09:24
Leona,14,the spy,7689,26,61.5,2026-10-07T06:09:33
Leona,15,Bobo Şeriful,7729,54,61.1,2026-10-07T06:09:44
Leona,16,OldSupport,7622,57,68.4,2026-10-07T06:09:55
Leona,17,Spriegis,7622,57,59.6,2026-10-07T06:10:05
Leona,18,Bokkú,7512,38,63.2,2026-10-07T06:10:18
Leona,19,TwistedDarcy,7488,17,70.6,2026-10-07T06:10:30
Leona,20,erotikfasulye,7515,63,58.7,2026-10-07T06:10:44
Leona,21,野原秀之助,7445,40,52.5,2026-10-07T06:10:57
Leona,22,Jin wuu,7451,42,47.6,2026-10-07T06:11:06
Leona,23,Le Märc,7303,57,61.4,2026-10-07T06:11:16
Leona,24,1VS9,7503,41,61.0,2026-10-07T06:11:28
Leona,25,Oui,7303,78,61.5,2026-10-07T06:11:37
Leona,26,Müç,7196,41,75.6,2026-10-07T06:11:47
Leona,27,demon069,7196,36,77.8,2026-10-07T06:11:55
Leona,28,SPECTR,7196,56,64.3,2026-10-07T06:12:05
Leona,29,Troppasbatta,7352,43,67.4,2026-10-07T06:12:16
Leona,30,Two Faced Devil,7281,85,52.9,2026-10-07T06:12:25
Lillia,1,SmiteGap,9137,21,61.9,2026-10-07T18:41:04
Lillia,2,Bouffelamoi,8838,154,53.9,2026-10-07T18:41:23
Lillia,3,ORA,8579,55,60.0,2026-10-07T18:41:57
Lillia,4,Kaqptan,8162,41,65.9,2026-10-07T18:42:17
Lillia,5,Milenias,7884,65,64.6,2026-10-07T18:42:30
Lillia,6,PUNISHER,7834,6334,55.6,2026-10-07T18:42:40
Lillia,7,Lorrius,7728,14,85.7,2026-10-07T18:42:52
Lillia,8,fiki storaro,7701,30,63.3,2026-10-07T18:43:03
Lillia,9,ErPorro,7671,45,75.6,2026-10-07T18:43:12
Lillia,10,MIDO,7622,42,64.3,2026-10-07T18:43:24
Lillia,11,żabka,7678,40,52.5,2026-10-07T18:43:35
Lillia,12,OxD CTOpOK,7735,55,61.8,2026-10-07T18:43:48
Lillia,13,genocidiosline,7515,32,65.6,2026-10-07T18:44:00
Lillia,14,倪莫寻,7432,18,61.1,2026-10-07T18:44:10
Lillia,15,Kar88,7352,37,67.6,2026-10-07T18:44:22
Lillia,16,Ethan,7167,32,75.0,2026-10-07T18:44:38
Lillia,17,命之王DESTINy,7247,8,75.0,2026-10-07T18:44:50
Lillia,18,FlashIsReady,7136,27,74.1,2026-10-07T18:45:06
Lillia,19,琴酒剑心,7139,9,55.6,2026-10-07T18:45:18
Lillia,20,Lillia God,7168,35,74.3,2026-10-07T18:45:36
Lillia,21,PePeXsale,7102,40,65.0,2026-10-07T18:45:54
Lillia,22,Beyond感,7174,19,47.4,2026-10-07T18:46:08
Lillia,23,UrPeakIsMyWarmup,7277,33,54.5,2026-10-07T18:46:20
Lillia,24,Elghazala Ray2a,7253,48,56.2,2026-10-07T18:46:35
Lillia,25,XAUUSD,7196,92,55.4,2026-10-07T18:46:49
Lillia,26,Alwaysnoobsup,6847,16,75.0,2026-10-07T18:47:09
Lillia,27,LH LaZaReBy,7219,60,63.3,2026-10-07T18:47:33
Lillia,28,Darkneh,7100,31,61.3,2026-10-07T18:47:48
Lillia,29,DMC Tiltado,6695,42,57.1,2026-10-07T18:48:00
Lillia,30,DMN Djetli,7145,37,45.9,2026-10-07T18:48:12
Lissandra,1,LISSCOBAR,11576,77,55.8,2026-10-07T15:17:34
Lissandra,2,cTeqaHn,10976,47,63.8,2026-10-07T15:17:45
Lissandra,3,CáVoiBinhYên,10271,130,53.1,2026-10-07T15:18:00
Lissandra,4,Kragor,9534,76,63.2,2026-10-07T15:18:15
Lissandra,5,Kirã,9295,58,51.7,2026-10-07T15:18:31
Lissandra,6,KenanKomutan,8998,113,49.6,2026-10-07T15:18:42
Lissandra,7,Frararam,8494,42,59.5,2026-10-07T15:18:59
Lissandra,8,hate on me,8202,34,73.5,2026-10-07T15:52:39
Lissandra,9,图NVZ,8374,27,63.0,2026-10-07T15:52:57
Lissandra,10,024,8053,59,55.9,2026-10-07T15:53:11
Lissandra,11,let go,7926,34,70.6,2026-10-07T15:53:43
Lissandra,12,Vinsmoke Sanji,7922,55,56.4,2026-10-07T15:53:55
Lissandra,13,DarkWizZArRD,8033,63,52.4,2026-10-07T15:54:03
Lissandra,14,MuteAll,7856,23,87.0,2026-10-07T15:54:17
Lissandra,15,Apranax,7798,19,57.9,2026-10-07T15:54:39
Lissandra,16,Blaue Diamant,7754,25,72.0,2026-10-07T15:54:52
Lissandra,17,Lâtsu,7531,24,66.7,2026-10-07T15:55:04
Lissandra,18,PコSに,7547,19,47.4,2026-10-07T15:55:14
Lissandra,19,888888881,7445,39,64.1,2026-10-07T15:55:25
Lissandra,20,Shadow Stylez,7238,69,52.2,2026-10-07T15:55:37
Lissandra,21,LowEloBoomer,7347,55,70.9,2026-10-07T15:55:46
Lissandra,22,Viida774,7165,48,64.6,2026-10-07T15:56:02
Lissandra,23,OP EVELYNN,7250,49,55.1,2026-10-07T15:56:15
Lissandra,24,Anooobis,7122,21,66.7,2026-10-07T15:56:24
Lissandra,25,Backdraft,7110,39,64.1,2026-10-07T15:56:34
Lissandra,26,カオスLEONEL,7042,10,70.0,2026-10-07T15:56:43
Lissandra,27,sokin97,7050,80,52.5,2026-10-07T15:56:56
Lissandra,28,seler,6983,36,61.1,2026-10-07T15:57:11
Lissandra,29,Geto,7169,49,53.1,2026-10-07T15:57:19
Lissandra,30,NATOYEAKIAE,6926,56,55.4,2026-10-07T15:57:30
Lucian,1,Hope そ,10986,84,54.8,2026-10-07T06:01:06
Lucian,2,不败666,10271,52,65.4,2026-10-07T06:01:15
Lucian,3,sunshinee1,7412,7,71.4,2026-10-07T06:01:31
Lucian,4,ParisGRE,9713,22,63.6,2026-10-07T06:01:41
Lucian,5,HeWad,9423,23,78.3,2026-10-07T06:01:59
Lucian,6,Clipp,9656,54,59.3,2026-10-07T06:02:09
Lucian,7,T奥特,9465,28,71.4,2026-10-07T06:02:23
Lucian,8,Visca,9354,47,53.2,2026-10-07T06:02:38
Lucian,9,Balance1,9299,44,52.3,2026-10-07T06:02:48
Lucian,10,quietKid,9133,24,66.7,2026-10-07T06:03:02
Lucian,11,eaqlesjohn,8785,29,69.0,2026-10-07T06:03:15
Lucian,12,Izyks0,8785,12,100.0,2026-10-07T06:03:25
Lucian,13,DC Zenonn17,8896,31,64.5,2026-10-07T06:03:40
Lucian,14,我女朋友打我vuvi,8664,18,61.1,2026-10-07T06:03:53
Lucian,15,Tony,8627,45,55.6,2026-10-07T06:04:04
Lucian,16,Ashborn,8579,46,69.6,2026-10-07T06:04:13
Lucian,17,No Mercy,8579,38,71.1,2026-10-07T06:04:22
Lucian,18,SOLUCIAN,8579,39,64.1,2026-10-07T06:04:36
Lucian,19,Blacing,8489,31,74.2,2026-10-07T06:04:51
Lucian,20,dc 34vergil,8594,35,60.0,2026-10-07T06:05:04
Lucian,21,VIE Thân Ghûi Sî,8460,19,57.9,2026-10-07T06:05:18
Lucian,22,LâmTLinh,8402,46,32.6,2026-10-07T06:05:27
Lucian,23,R1 Borz,8314,19,63.2,2026-10-07T06:05:37
Lucian,24,Demon AFGHAN,8273,20,55.0,2026-10-07T06:05:47
Lucian,25,adc之神s4,8116,17,70.6,2026-10-07T06:05:56
Lucian,26,SiBerdad,8112,16,62.5,2026-10-07T06:06:07
Lucian,27,LoonyMad,8070,61,54.1,2026-10-07T06:06:16
Lucian,28,V0 Higan,7980,16,62.5,2026-10-07T06:06:26
Lucian,29,ZeitNot,7899,19,78.9,2026-10-07T06:06:35
Lucian,30,Bermix,7866,23,69.6,2026-10-07T06:06:43
Lulu,1,NrV 1 Mazerty 1,9866,61,62.3,2026-10-07T06:18:52
Lulu,2,dollescent,9512,59,62.7,2026-10-07T06:19:03
Lulu,3,UTAHIME,9449,44,75.0,2026-10-07T06:19:15
Lulu,4,Monika,9379,82,62.2,2026-10-07T06:19:26
Lulu,5,paulina 又,9367,79,55.7,2026-10-07T06:19:36
Lulu,6,你要变羊吗,9374,62,62.9,2026-10-07T06:19:45
Lulu,7,Zephlear,9296,82,57.3,2026-10-07T06:19:56
Lulu,8,Jewelin Toss,9138,54,64.8,2026-10-07T06:20:05
Lulu,9,只有你弗坎弗坎,9943,72,54.2,2026-10-07T06:20:14
Lulu,10,墨菲璐,9063,40,67.5,2026-10-07T06:20:24
Lulu,11,Sondiaze,8775,36,61.1,2026-10-07T06:20:34
Lulu,12,Nascastooo,8743,31,71.0,2026-10-07T06:20:42
Lulu,13,tilted bvnny,8588,70,64.3,2026-10-07T06:20:52
Lulu,14,The Asgard,8809,80,53.8,2026-10-07T06:21:00
Lulu,15,Kage,8391,48,64.6,2026-10-07T06:21:10
Lulu,16,ISenSiNSeNI,8594,152,56.6,2026-10-07T06:21:20
Lulu,17,,8239,51,58.8,2026-10-07T06:21:29
Lulu,18,月夜Asebi,8366,62,64.5,2026-10-07T06:21:39
Lulu,19,Elarith,8185,31,77.4,2026-10-07T06:21:49
Lulu,20,Yospy,8136,28,71.4,2026-10-07T06:21:58
Lulu,21,sweaterweather,8201,45,57.8,2026-10-07T06:22:11
Lulu,22,disney,8139,40,52.5,2026-10-07T06:22:21
Lulu,23,Xylia,7982,35,65.7,2026-10-07T06:22:29
Lulu,24,꿀처럼 달콤한,8052,28,71.4,2026-10-07T06:22:39
Lulu,25,ジ九川,8138,26,69.2,2026-10-07T06:22:50
Lulu,26,波WashedByNami波,7933,43,58.1,2026-10-07T06:22:59
Lulu,27,静URUZ静,7909,45,55.6,2026-10-07T06:23:09
Lulu,28,Shimerua,7933,41,63.4,2026-10-07T06:23:17
Lulu,29,露露露露,8202,36,66.7,2026-10-07T06:23:27
Lulu,30,furry princess,8086,23,69.6,2026-10-07T06:23:36
Lux,1,Crystal M,9670,98,46.9,2026-10-06T22:09:04
Lux,2,Cecilia,9703,38,65.8,2026-10-06T22:09:17
Lux,3,疾風TEMPEST,9599,48,47.9,2026-10-06T22:09:27
Lux,4,cTeqaHM,9582,37,48.6,2026-10-06T22:09:39
Lux,5,图NVZ,9301,34,67.6,2026-10-06T22:09:58
Lux,6,Penyez,8845,48,75.0,2026-10-06T22:10:10
Lux,7,Jin wuu,8990,83,50.6,2026-10-06T22:10:25
Lux,8,69SIXTY,8639,86,60.5,2026-10-06T22:10:42
Lux,9,ur chess queen,8579,50,56.0,2026-10-06T22:10:54
Lux,10,LanZ,8741,78,65.4,2026-10-06T22:11:06
Lux,11,14kLinxz,8417,218,52.8,2026-10-06T22:11:22
Lux,12,FF cagnolone,8768,104,54.8,2026-10-06T22:11:31
Lux,13,shiroyasha,8260,60,60.0,2026-10-06T22:11:43
Lux,14,koi no yokan,8412,85,44.7,2026-10-06T22:11:52
Lux,15,임질 Dexxter,8309,58,58.6,2026-10-06T22:12:04
Lux,16,SHARK #ane,8260,80,52.5,2026-10-06T22:12:17
Lux,17,giang,8802,82,50.0,2026-10-06T22:12:33
Lux,18,ken 夜,7922,23,69.6,2026-10-06T22:12:50
Lux,19,apc enjoyer,7973,102,54.9,2026-10-06T22:13:03
Lux,20,Millua,7894,40,57.5,2026-10-06T22:13:27
Lux,21,White Penguin,7834,60,66.7,2026-10-06T22:13:43
Lux,22,流星影火,7728,49,61.2,2026-10-06T22:14:03
Lux,23,Thunder,7690,11,72.7,2026-10-06T22:15:26
Lux,24,grodnoBLR,8376,207,49.8,2026-10-06T22:15:38
Lux,25,mhmdw123,7710,49,57.1,2026-10-06T22:15:46
Lux,26,Black Opium,7854,62,46.8,2026-10-06T22:15:56
Lux,27,Lux Supp Works,7616,26,65.4,2026-10-06T22:16:05
Lux,28,OWL,7756,17,58.8,2026-10-06T22:16:17
Lux,29,LampiS,7705,93,51.6,2026-10-06T22:16:30
Malphite,1,leo4444,10338,49,59.2,2026-10-07T09:54:16
Malphite,2,沃洛佳,9938,33,66.7,2026-10-07T09:54:55
Malphite,3,Papu Dog,9213,59,61.0,2026-10-07T09:55:48
Malphite,4,Archi,9160,214,53.7,2026-10-07T09:56:25
Malphite,5,I Must Break You,8951,30,63.3,2026-10-07T09:57:34
Malphite,6,ZLLLLLLLLLL,8866,33,75.8,2026-10-07T09:57:46
Malphite,7,Kuhayln,8785,44,68.2,2026-10-07T09:58:00
Malphite,8,Rain,8691,48,64.6,2026-10-07T09:58:12
Malphite,9,difox,8685,27,63.0,2026-10-07T09:58:22
Malphite,10,Deborah De Luca,8636,34,61.8,2026-10-07T09:58:43
Malphite,11,KissMyCrown,8785,63,61.9,2026-10-07T09:59:33
Malphite,12,0 pH,9556,73,56.2,2026-10-07T09:59:53
Malphite,13,bursalirenekton,8496,47,70.2,2026-10-07T10:00:21
Malphite,14,Gypsy SY,8448,28,67.9,2026-10-07T10:00:41
Malphite,15,TDI Kekse,8510,51,56.9,2026-10-07T10:01:01
Malphite,16,孤独な楽しみ者,8388,32,75.0,2026-10-07T10:01:22
Malphite,17,aaKam HeKpacuBbi,8440,35,68.6,2026-10-07T10:01:44
Malphite,18,Sarıların sülo,8316,44,63.6,2026-10-07T10:02:11
Malphite,19,Boom Boom Gotten,8309,67,59.7,2026-10-07T10:02:29
Malphite,20,zeraph,8163,93,61.3,2026-10-07T10:02:39
Malphite,21,C 薇信YMDJDP圓夢電競,8057,41,63.4,2026-10-07T10:02:56
Malphite,22,FrozenBow,8038,29,72.4,2026-10-07T10:03:12
Malphite,23,RotEpal,8366,96,59.4,2026-10-07T10:03:26
Malphite,24,SAMUHO,7997,15,86.7,2026-10-07T10:03:43
Malphite,25,pohui proebali,8018,42,66.7,2026-10-07T10:03:53
Malphite,26,AldofTilter,7939,24,79.2,2026-10-07T10:04:04
Malphite,27,Messi,8016,27,40.7,2026-10-07T10:04:13
Malphite,28,SILCO,7952,179,45.8,2026-10-07T10:04:24
Malphite,29,Anivia,8012,74,59.5,2026-10-07T10:04:35
Malphite,30,ArualAtac,7834,48,62.5,2026-10-07T10:04:44
Maokai,1,WA WA WEE WA,9405,101,54.5,2026-10-07T08:48:15
Maokai,2,Yospy,8826,52,61.5,2026-10-07T08:48:27
Maokai,3,孤独な楽しみ者,8625,40,55.0,2026-10-07T08:48:49
Maokai,4,Itoshida,8468,39,61.5,2026-10-07T08:49:01
Maokai,5,NamasteDogs,8241,31,64.5,2026-10-07T08:49:16
Maokai,6,ReydanAndrey,7714,61,63.9,2026-10-07T08:49:29
Maokai,7,DrHouseV2,7597,49,59.2,2026-10-07T08:49:41
Maokai,8,VegaZ,7565,78,56.4,2026-10-07T08:49:52
Maokai,9,supp can cary,7399,64,67.2,2026-10-07T08:50:00
Maokai,10,NaWaF,7201,12,83.3,2026-10-07T08:50:10
Maokai,11,QuAaHyKa AnoMAAy,7671,90,47.8,2026-10-07T08:50:21
Maokai,12,JRambo,7327,49,46.9,2026-10-07T08:50:29
Maokai,13,Pignouf,7192,29,58.6,2026-10-07T08:50:40
Maokai,14,MutenRoshi45,7342,33,57.6,2026-10-07T08:50:52
Maokai,15,CyberShadow,7241,53,67.9,2026-10-07T08:51:01
Maokai,16,CzaroRNK,2398,11,45.5,2026-10-07T08:51:11
Maokai,17,Dead9,6910,36,58.3,2026-10-07T08:51:19
Maokai,18,Bolived,6889,82,63.4,2026-10-07T08:51:30
Maokai,19,LR EMPEROR,6868,36,63.9,2026-10-07T08:51:40
Maokai,20,xounta,6976,81,45.7,2026-10-07T08:51:48
Maokai,21,DR KOK,6969,36,63.9,2026-10-07T08:51:59
Maokai,22,ImaBarbieThresh,7089,71,49.3,2026-10-07T08:52:07
Maokai,23,gustave lebon,6767,35,82.9,2026-10-07T08:52:18
Maokai,24,neo420,6755,65,55.4,2026-10-07T08:52:28
Maokai,25,Dreidrei22,6752,11,63.6,2026-10-07T08:52:36
Maokai,26,Meka Sifir Sion,6961,53,52.8,2026-10-07T08:52:46
Maokai,27,IOWN YOU,6701,17,52.9,2026-10-07T08:52:56
Maokai,28,FuwaBuenaOnda,6804,58,56.9,2026-10-07T08:53:04
Maokai,29,Melonmouse,6890,47,63.8,2026-10-07T08:53:14
Maokai,30,Limoro,6967,60,53.3,2026-10-07T08:53:23
Master Yi,1,UFC,10271,83,59.0,2026-10-07T08:25:52
Master Yi,2,,10197,138,57.2,2026-10-07T08:26:00
Master Yi,3,brownieしおれ,9914,50,60.0,2026-10-07T08:26:09
Master Yi,4,Vlyxes,9658,74,64.9,2026-10-07T08:26:18
Master Yi,5,Ilufisa UNBANNED,9506,147,58.5,2026-10-07T08:26:33
Master Yi,6,Snowy,9845,61,54.1,2026-10-07T08:26:42
Master Yi,7,YI HWAK,9157,27,77.8,2026-10-07T08:26:53
Master Yi,8,Tompson,8785,74,50.0,2026-10-07T08:27:03
Master Yi,9,YasouDz,8785,31,67.7,2026-10-07T08:27:11
Master Yi,10,Hide on Trash,8970,134,49.3,2026-10-07T08:27:21
Master Yi,11,iKing407,8653,29,62.1,2026-10-07T08:27:31
Master Yi,12,TIKTOK SweZ505,8532,10,90.0,2026-10-07T08:27:40
Master Yi,13,T1 Mika Is Back,8848,27,85.2,2026-10-07T08:27:51
Master Yi,14,王逍遥alex,8404,100,52.0,2026-10-07T08:28:01
Master Yi,15,PROFIA,8526,33,66.7,2026-10-07T08:28:18
Master Yi,16,project 001,8402,72,51.4,2026-10-07T08:28:34
Master Yi,17,The FORGOTTEN,8431,41,48.8,2026-10-07T08:28:47
Master Yi,18,Mumin,8264,233,52.8,2026-10-07T08:29:00
Master Yi,19,Affeens,8260,62,58.1,2026-10-07T08:29:11
Master Yi,20,The Famous Blaze,8260,55,56.4,2026-10-07T08:29:19
Master Yi,21,Khoribgi 7way,8049,37,56.8,2026-10-07T08:29:29
Master Yi,22,BIG BASS SPLASH,8198,47,61.7,2026-10-07T08:29:38
Master Yi,23,7 Eyes 0 Skill,8191,58,60.3,2026-10-07T08:29:48
Master Yi,24,SoyDominicano,4776,3,27.3,2026-10-07T08:29:58
Master Yi,25,MXA7,8036,68,61.8,2026-10-07T08:30:06
Master Yi,26,铁观音奶冻,8014,15,66.7,2026-10-07T08:30:18
Master Yi,27,ウージューの魂,7884,134,53.7,2026-10-07T08:30:29
Master Yi,28,鹿大大,8015,25,64.0,2026-10-07T08:30:37
Master Yi,29,Kardiologik,8105,101,51.5,2026-10-07T08:30:48
Master Yi,30,Yens,7834,74,54.1,2026-10-07T08:30:56
Mel,1,em cuoi xinh lam,10185,29,75.9,2026-10-07T19:04:39
Mel,2,Sonder縁,9300,45,55.6,2026-10-07T19:04:51
Mel,3,Dölores,9271,43,62.8,2026-10-07T19:05:04
Mel,4,Brandy Nitti,9183,56,53.6,2026-10-07T19:05:16
Mel,5,LackiOTxacki,9127,81,46.9,2026-10-07T19:05:31
Mel,6,024,8488,87,54.0,2026-10-07T19:05:42
Mel,7,Aldin,8410,24,62.5,2026-10-07T19:05:55
Mel,8,Zooko,8576,55,60.0,2026-10-07T19:06:09
Mel,9,皇|PR1NCE業力,8319,83,48.2,2026-10-07T19:06:23
Mel,10,ZLLLLLLLLLL,8207,30,43.3,2026-10-07T19:06:41
Mel,11,Rick Grimes,8094,76,52.6,2026-10-07T19:07:00
Mel,12,Cherry,7912,47,63.8,2026-10-07T19:07:15
Mel,13,FEARLESS,7864,49,46.9,2026-10-07T19:07:36
Mel,14,hahahahaha,7893,78,50.0,2026-10-07T19:07:54
Mel,15,XDRAGON龍,7751,79,48.1,2026-10-07T19:08:08
Mel,16,Häääääääää,7706,66,51.5,2026-10-07T19:08:20
Mel,17,Brat Summer,7740,14,50.0,2026-10-07T19:08:30
Mel,18,HIAMH,7650,37,59.5,2026-10-07T19:08:42
Mel,19,ADCin2026,7595,20,70.0,2026-10-07T19:08:55
Mel,20,Nayuzz,7591,23,65.2,2026-10-07T19:09:04
Mel,21,ant99onis,7622,50,60.0,2026-10-07T19:09:15
Mel,22,IGNEEL,7824,45,57.8,2026-10-07T19:09:24
Mel,23,AgentM,7513,27,63.0,2026-10-07T19:09:38
Mel,24,athanasıa,7500,33,60.6,2026-10-07T19:09:55
Mel,25,ren,7462,30,50.0,2026-10-07T19:10:17
Mel,26,桃之天天,7374,22,77.3,2026-10-07T19:10:39
Mel,27,TwixDuduletis,7352,69,62.3,2026-10-07T19:10:55
Mel,28,VN LEVI,7419,28,42.9,2026-10-07T19:11:11
Mel,29,and i oop,7225,30,70.0,2026-10-07T19:11:20
Mel,30,SSS Deceiver,7513,32,50.0,2026-10-07T19:11:31
Milio,1,yuzumi,9825,64,71.9,2026-10-07T15:09:30
Milio,2,是包子呀,9667,49,65.3,2026-10-07T15:09:43
Milio,3,YOLYEMEZ,9653,54,63.0,2026-10-07T15:10:06
Milio,4,C4NTW1N,9621,46,65.2,2026-10-07T15:10:45
Milio,5,disney,9506,71,52.1,2026-10-07T15:11:21
Milio,6,NrV 1 Mazerty I,9862,68,58.8,2026-10-07T15:11:39
Milio,7,Yue,9249,72,52.8,2026-10-07T15:11:52
Milio,8,UTAHIME,9214,119,58.0,2026-10-07T15:12:04
Milio,9,Vrlo Vrelo,9133,67,56.7,2026-10-07T15:12:14
Milio,10,你自己就是个混蛋,9019,122,54.9,2026-10-07T15:12:26
Milio,11,Huatame,8836,86,53.5,2026-10-07T15:12:38
Milio,12,BOPE WANG 支持,9043,55,65.5,2026-10-07T15:12:48
Milio,13,Casien Dark,8861,65,55.4,2026-10-07T15:13:04
Milio,14,Levi,8521,41,46.3,2026-10-07T15:13:16
Milio,15,Xylia,8357,59,69.5,2026-10-07T15:13:26
Milio,16,TheFallingCat,8331,33,63.6,2026-10-07T15:13:46
Milio,17,bullmaydie,951,7,42.9,2026-10-07T15:14:04
Milio,18,JOJO20x,8296,17,82.4,2026-10-07T15:14:47
Milio,19,Nascastooo,8497,32,65.6,2026-10-07T15:15:00
Milio,20,JamesBomb,9336,71,47.9,2026-10-07T15:15:10
Milio,21,Zonex,8289,48,47.9,2026-10-07T15:15:28
Milio,22,Sarah,8244,51,62.7,2026-10-07T15:15:46
Milio,23,Kopa antisocial,8142,33,57.6,2026-10-07T15:15:56
Milio,24,manyak jg acc,8425,140,60.0,2026-10-07T15:16:10
Milio,25,XhaiRa,8129,53,50.9,2026-10-07T15:16:21
Milio,26,madam,8196,65,61.5,2026-10-07T15:16:34
Milio,27,只有你弗坎弗坎,8223,58,44.8,2026-10-07T15:16:44
Milio,28,Midnight 无双,7941,54,64.8,2026-10-07T15:16:53
Milio,29,WRD Sasha 龍,7931,39,56.4,2026-10-07T15:17:05
Milio,30,mitski,7878,55,54.5,2026-10-07T15:17:15
Miss Fortune,1,拄拐战峡谷,9753,54,61.1,2026-10-07T08:03:35
Miss Fortune,2,光荣乂的进化,8794,28,64.3,2026-10-07T08:03:44
Miss Fortune,3,Levi,8637,49,61.2,2026-10-07T08:03:53
Miss Fortune,4,Smash,8579,31,61.3,2026-10-07T08:04:03
Miss Fortune,5,Siso666,8785,37,51.4,2026-10-07T08:04:16
Miss Fortune,6,LH Polvoron,8309,37,67.6,2026-10-07T08:04:28
Miss Fortune,7,Ambush,8465,34,55.9,2026-10-07T08:04:41
Miss Fortune,8,1xpas2,8396,44,59.1,2026-10-07T08:04:54
Miss Fortune,9,itto ryu,8178,45,68.9,2026-10-07T08:05:04
Miss Fortune,10,Nikeliano,8115,39,53.8,2026-10-07T08:05:16
Miss Fortune,11,BS Virtuoso,8050,90,51.1,2026-10-07T08:05:28
Miss Fortune,12,NoMercy,7838,39,59.0,2026-10-07T08:05:38
Miss Fortune,13,TheBigNab,7834,113,54.0,2026-10-07T08:05:50
Miss Fortune,14,Maxine,7634,32,56.2,2026-10-07T08:05:58
Miss Fortune,15,JayKea,7622,31,67.7,2026-10-07T08:06:08
Miss Fortune,16,MadMax,7637,91,54.9,2026-10-07T08:06:18
Miss Fortune,17,The Lie Eater,7530,15,86.7,2026-10-07T08:06:26
Miss Fortune,18,DriftQueenE36,7515,60,56.7,2026-10-07T08:06:40
Miss Fortune,19,ツCEMO,7538,71,47.9,2026-10-07T08:06:53
Miss Fortune,20,MOHAMED23,7425,42,66.7,2026-10-07T08:07:08
Miss Fortune,21,FiercestBurno,7552,59,62.7,2026-10-07T08:07:21
Miss Fortune,22,TheRudaa,2577,7,33.3,2026-10-07T08:07:30
Miss Fortune,23,AvadaKedavraah,7329,70,54.3,2026-10-07T08:07:40
Miss Fortune,24,Flakee,7515,76,56.6,2026-10-07T08:07:50
Miss Fortune,25,GreenSmurf,7309,21,66.7,2026-10-07T08:07:58
Miss Fortune,26,Landsaftas,7397,58,58.6,2026-10-07T08:08:08
Miss Fortune,27,VNDE16,7306,52,59.6,2026-10-07T08:08:16
Miss Fortune,28,Rafael Leâo,7303,60,61.7,2026-10-07T08:08:26
Miss Fortune,29,escort mf,7303,61,57.4,2026-10-07T08:08:36
Miss Fortune,30,ELProfesoR,7268,76,56.6,2026-10-07T08:08:44
Mordekaiser,1,ShAdOwMoOn7,10727,109,58.7,2026-10-07T05:26:57
Mordekaiser,2,AliceInPiggyland,10607,54,55.6,2026-10-07T05:27:06
Mordekaiser,3,Kabai,10031,54,63.0,2026-10-07T05:27:16
Mordekaiser,4,bath陳奕迅,10196,64,64.1,2026-10-07T05:27:25
Mordekaiser,5,AsheN,9698,58,55.2,2026-10-07T05:27:38
Mordekaiser,6,xxlrt,9740,61,57.4,2026-10-07T05:27:48
Mordekaiser,7,Megaalex1,9562,47,61.7,2026-10-07T05:27:59
Mordekaiser,8,abdlwahed hn,9394,25,60.0,2026-10-07T05:28:11
Mordekaiser,9,Tsimpos21,8961,30,66.7,2026-10-07T05:28:21
Mordekaiser,10,Litrilyus,8828,93,58.1,2026-10-07T05:28:34
Mordekaiser,11,PANKY,8697,48,66.7,2026-10-07T05:28:46
Mordekaiser,12,VERSO,9459,91,61.5,2026-10-07T05:28:56
Mordekaiser,13,Morde,8862,132,52.3,2026-10-07T05:29:09
Mordekaiser,14,traksteer twitch,8625,29,58.6,2026-10-07T05:29:21
Mordekaiser,15,Adrian M10,8579,76,55.3,2026-10-07T05:29:36
Mordekaiser,16,Playboy,8954,68,51.5,2026-10-07T05:29:46
Mordekaiser,17,DN King,8487,53,66.0,2026-10-07T05:29:54
Mordekaiser,18,LR portakal,8379,36,55.6,2026-10-07T05:30:07
Mordekaiser,19,rijal001,8487,51,62.7,2026-10-07T05:30:19
Mordekaiser,20,Yann,8567,117,55.6,2026-10-07T05:30:36
Mordekaiser,21,HazeBusters,8475,41,61.0,2026-10-07T05:30:48
Mordekaiser,22,T2S Hahastandart,8309,55,69.1,2026-10-07T05:31:00
Mordekaiser,23,OpenKills,8579,29,65.5,2026-10-07T05:31:11
Mordekaiser,24,knight the dark,8110,34,55.9,2026-10-07T05:31:22
Mordekaiser,25,Pavyon Perisi,8164,50,66.0,2026-10-07T05:31:30
Mordekaiser,26,VN N,8374,104,58.7,2026-10-07T05:31:40
Mordekaiser,27,andrenichio,8085,42,57.1,2026-10-07T05:31:48
Mordekaiser,28,Lisan al Gaib,8006,21,57.1,2026-10-07T05:31:58
Mordekaiser,29,RL lifestealer01,7900,20,60.0,2026-10-07T05:32:08
Mordekaiser,30,GODLESS,7970,73,60.3,2026-10-07T05:32:16
Morgana,1,ĐngDánh AE Tao,9929,53,62.3,2026-10-07T04:54:37
Morgana,2,Boss,9373,146,56.2,2026-10-07T04:54:46
Morgana,3,444,9263,39,64.1,2026-10-07T04:54:55
Morgana,4,JRambo,8787,58,65.5,2026-10-07T04:55:04
Morgana,5,Jin wuu,9251,43,58.1,2026-10-07T04:55:17
Morgana,6,RfX,8602,69,53.6,2026-10-07T04:55:26
Morgana,7,Kirã,8647,33,57.6,2026-10-07T04:55:37
Morgana,8,koi no yokan,8455,68,54.4,2026-10-07T04:55:48
Morgana,9,ViaSacra,8601,38,57.9,2026-10-07T04:55:56
Morgana,10,feel the limits,8471,51,45.1,2026-10-07T04:56:09
Morgana,11,anyuserr,8274,20,70.0,2026-10-07T04:56:22
Morgana,12,YMorty,8154,35,54.3,2026-10-07T04:56:30
Morgana,13,Give Me Supp,8074,40,72.5,2026-10-07T04:56:43
Morgana,14,Grande Gako,8047,43,65.1,2026-10-07T04:56:54
Morgana,15,Black Opium,8273,33,57.6,2026-10-07T04:57:03
Morgana,16,HellCåt,8366,62,56.5,2026-10-07T04:57:16
Morgana,17,Jackal Onlyfans,7905,20,70.0,2026-10-07T04:57:27
Morgana,18,shownofear,7935,65,53.8,2026-10-07T04:57:42
Morgana,19,electronic,7848,28,60.7,2026-10-07T04:57:54
Morgana,20,Ajax,8221,62,56.5,2026-10-07T04:58:04
Morgana,21,将不臣,7871,25,56.0,2026-10-07T04:58:16
Morgana,22,LISSCOBAR,7844,23,52.2,2026-10-07T04:58:24
Morgana,23,Haaaaaaaaa,7737,37,59.5,2026-10-07T04:58:35
Morgana,24,Nashut,7689,84,51.2,2026-10-07T04:58:48
Morgana,25,AFK,7682,35,62.9,2026-10-07T04:59:03
Morgana,26,Luna,7606,31,80.6,2026-10-07T04:59:14
Morgana,27,wassimmean,7530,59,54.2,2026-10-07T04:59:35
Morgana,28,Thanyx38,7679,88,51.1,2026-10-07T04:59:46
Morgana,29,Yukiji,7434,53,58.5,2026-10-07T04:59:54
Morgana,30,SHULETINHA,7523,56,53.6,2026-10-07T05:00:04
Nami,1,xava愛,10031,57,66.7,2026-10-07T12:35:16
Nami,2,Weronika,9782,93,61.3,2026-10-07T12:35:28
Nami,3,rosélla,9764,63,54.0,2026-10-07T12:35:43
Nami,4,sefu,9324,22,86.4,2026-10-07T12:35:55
Nami,5,meowing 4 kiryu,9273,24,79.2,2026-10-07T12:36:16
Nami,6,あNefelia,9334,72,58.3,2026-10-07T12:36:38
Nami,7,WRD Sasha 龍,9074,74,59.5,2026-10-07T12:36:52
Nami,8,maja marinković,9012,36,55.6,2026-10-07T12:37:09
Nami,9,lupino4,8972,29,51.7,2026-10-07T12:37:30
Nami,10,J乔安娜,9043,36,66.7,2026-10-07T12:38:01
Nami,11,饿势力,8839,29,62.1,2026-10-07T12:38:25
Nami,12,Sondiaze,8819,26,57.7,2026-10-07T12:38:50
Nami,13,XhaiRa,8799,79,57.0,2026-10-07T12:39:09
Nami,14,Monika,8731,29,58.6,2026-10-07T12:39:20
Nami,15,shire,8729,95,55.8,2026-10-07T12:39:34
Nami,16,VNZGiang Gió,8663,53,64.2,2026-10-07T12:39:48
Nami,17,TT always miss q,8579,28,78.6,2026-10-07T12:40:01
Nami,18,Snoop Dogg,5925,13,38.5,2026-10-07T12:40:19
Nami,19,宵Ren,8474,50,58.0,2026-10-07T12:40:34
Nami,20,LLIypuk,8451,47,53.2,2026-10-07T12:40:47
Nami,21,Cecilia,8766,25,56.0,2026-10-07T12:40:58
Nami,22,Huatame,8437,39,59.0,2026-10-07T12:41:08
Nami,23,Aurora,8431,17,94.1,2026-10-07T12:41:24
Nami,24,TheFallingCat,8429,13,69.2,2026-10-07T12:42:01
Nami,25,gaucho,9479,106,55.7,2026-10-07T12:42:11
Nami,26,女神 Frozen,8557,55,63.6,2026-10-07T12:42:26
Nami,27,花生酱,8284,34,73.5,2026-10-07T12:42:55
Nami,28,tsuNAMI,8414,108,57.4,2026-10-07T12:43:22
Nami,29,Hestia,8588,29,62.1,2026-10-07T12:43:43
Nami,30,lerusha,8243,30,63.3,2026-10-07T12:44:04
Nasus,1,Caramelo甜品,8575,62,58.1,2026-10-07T07:58:07
Nasus,2,Dogsht,8360,59,50.8,2026-10-07T07:58:16
Nasus,3,From Behind,8641,36,47.2,2026-10-07T07:58:26
Nasus,4,FRANCRAN,8419,141,58.9,2026-10-07T07:58:35
Nasus,5,Nerf Me,8241,19,57.9,2026-10-07T07:58:46
Nasus,6,CO5AKAI 5E3 FyAKN,8325,121,45.5,2026-10-07T07:58:56
Nasus,7,PeachySquink,8290,151,52.3,2026-10-07T07:59:10
Nasus,8,奶香小土豆,8021,25,48.0,2026-10-07T07:59:23
Nasus,9,YIKILMAZ,8018,17,70.6,2026-10-07T07:59:33
Nasus,10,HIIM友H3MAツ,7909,101,55.4,2026-10-07T07:59:45
Nasus,11,Neezar,7884,25,64.0,2026-10-07T07:59:58
Nasus,12,ScoobyStacks,7884,62,66.1,2026-10-07T08:00:07
Nasus,13,innerPeaceGained,7834,77,58.4,2026-10-07T08:00:18
Nasus,14,Louis SUPER DOGS,7787,58,50.0,2026-10-07T08:00:28
Nasus,15,LT msm,7736,69,49.3,2026-10-07T08:00:39
Nasus,16,UAE,7806,38,52.6,2026-10-07T08:00:49
Nasus,17,GOD OF WAR,7518,23,60.9,2026-10-07T08:00:57
Nasus,18,step by step,7396,20,50.0,2026-10-07T08:01:07
Nasus,19,RANK 1 TAO,7352,38,65.8,2026-10-07T08:01:19
Nasus,20,SitOnBottle,7409,59,66.1,2026-10-07T08:01:31
Nasus,21,MERLIN,7469,115,54.8,2026-10-07T08:01:44
Nasus,22,242×EGYBEST,7507,49,42.9,2026-10-07T08:01:56
Nasus,23,NASUS JG,7196,56,67.9,2026-10-07T08:02:09
Nasus,24,inting all day,7263,16,62.5,2026-10-07T08:02:21
Nasus,25,pesadilla,7563,70,51.4,2026-10-07T08:02:29
Nasus,26,SKULMETEOR,7327,73,53.4,2026-10-07T08:02:39
Nasus,27,jazz,7083,105,61.0,2026-10-07T08:02:47
Nasus,28,AuCa,7159,35,60.0,2026-10-07T08:02:57
Nasus,29,alomdh,7042,19,52.6,2026-10-07T08:03:06
Nasus,30,Superas3,6950,109,52.3,2026-10-07T08:03:15
Nautilus,1,Tonight入夜神,10022,46,56.5,2026-10-07T18:11:33
Nautilus,2,Vaegel,9761,113,63.7,2026-10-07T18:11:45
Nautilus,3,Tp Choi,9052,40,55.0,2026-10-07T18:12:28
Nautilus,4,Yospy,8518,41,61.0,2026-10-07T18:12:44
Nautilus,5,Sahabubu,8476,106,54.7,2026-10-07T18:13:07
Nautilus,6,Lunomed,8123,63,49.2,2026-10-07T18:13:22
Nautilus,7,802 biggie,8033,39,53.8,2026-10-07T18:13:40
Nautilus,8,ViaSacra,8008,40,55.0,2026-10-07T18:14:06
Nautilus,9,Akuma no kage,8260,59,57.6,2026-10-07T18:14:16
Nautilus,10,KENPACHII,7775,111,45.9,2026-10-07T18:14:29
Nautilus,11,rijal001,7884,62,56.5,2026-10-07T18:14:40
Nautilus,12,The Asgard,7705,44,52.3,2026-10-07T18:14:50
Nautilus,13,Hook diff,7667,45,55.6,2026-10-07T18:15:01
Nautilus,14,KALISTALLAH,7594,32,65.6,2026-10-07T18:15:16
Nautilus,15,FAILED ATTEPMT,7565,67,65.7,2026-10-07T18:15:25
Nautilus,16,NÄTI242ロッこ,7557,41,48.8,2026-10-07T18:15:39
Nautilus,17,JAD SPARROW,7539,77,51.9,2026-10-07T18:15:50
Nautilus,18,Twitch WAEI WR,7538,19,73.7,2026-10-07T18:15:59
Nautilus,19,manner,7515,45,55.6,2026-10-07T18:16:15
Nautilus,20,Zodiark,7573,27,59.3,2026-10-07T18:16:29
Nautilus,21,Meh3ml,2491,3,66.7,2026-10-07T18:16:47
Nautilus,23,ua8j4NXDquqAsLea,7369,36,63.9,2026-10-07T18:19:22
Nautilus,24,Doppelganger,7367,19,57.9,2026-10-07T18:19:33
Nautilus,25,Soze,7352,101,52.5,2026-10-07T18:19:41
Nautilus,26,ZORGAX,7433,36,36.1,2026-10-07T18:19:52
Nautilus,27,ManifestESiN,7281,80,46.2,2026-10-07T18:20:02
Nautilus,28,HolySanSarl,7367,29,62.1,2026-10-07T18:20:10
Nautilus,29,valex,7289,42,52.4,2026-10-07T18:20:22
Nautilus,30,SS Histeri06,7364,59,47.5,2026-10-07T18:20:37
Nidalee,1,discord kiryu156,11315,51,72.5,2026-10-07T11:38:34
Nidalee,2,Lacest,10558,23,82.6,2026-10-07T11:38:42
Nidalee,3,barking 4 airu,10556,41,80.5,2026-10-07T11:38:55
Nidalee,4,Lorcia,10271,55,70.9,2026-10-07T11:39:06
Nidalee,5,BarkForMeDawg,10486,64,59.4,2026-10-07T11:39:20
Nidalee,6,運命Desire,10146,25,68.0,2026-10-07T11:39:32
Nidalee,7,Instgrm wrdboost,10544,23,100.0,2026-10-07T11:39:45
Nidalee,8,PAIN,10107,46,63.0,2026-10-07T11:39:55
Nidalee,9,马卡特凯特 Butazito,10077,18,77.8,2026-10-07T11:40:03
Nidalee,10,Rakoon,10090,65,66.2,2026-10-07T11:40:13
Nidalee,11,APHG,9914,37,67.6,2026-10-07T11:40:23
Nidalee,12,Young Teddy,9646,31,74.2,2026-10-07T11:40:32
Nidalee,13,意漢Nidale瞿翹,9646,29,72.4,2026-10-07T11:40:42
Nidalee,14,Hoangkk123,3093,3,66.7,2026-10-07T11:40:56
Nidalee,15,lukica,9280,40,55.0,2026-10-07T11:41:04
Nidalee,16,T1 Mika Is Back,9300,16,68.8,2026-10-07T11:41:14
Nidalee,17,永恒的爱,9167,33,78.8,2026-10-07T11:41:23
Nidalee,18,Sfenks,9074,28,64.3,2026-10-07T11:41:34
Nidalee,19,baby cute,8896,14,85.7,2026-10-07T11:41:46
Nidalee,20,DzimiDzosz,8996,40,62.5,2026-10-07T11:41:55
Nidalee,21,Quý Boom,8833,29,44.8,2026-10-07T11:42:06
Nidalee,22,Ryven,8949,22,50.0,2026-10-07T11:42:15
Nidalee,23,Ming,8700,14,78.6,2026-10-07T11:42:25
Nidalee,24,Flu,8688,24,58.3,2026-10-07T11:42:36
Nidalee,25,Red,8597,15,80.0,2026-10-07T11:42:45
Nidalee,26,iProfessor,8590,25,76.0,2026-10-07T11:42:56
Nidalee,27,乌桃厚乳稠茶,8500,20,90.0,2026-10-07T11:43:11
Nidalee,28,mitkoKitkata,8508,54,72.2,2026-10-07T11:43:22
Nidalee,29,deccxl yzxnś,8414,16,68.8,2026-10-07T11:43:34
Nidalee,30,數 BOB O BOBO 數,8290,79,68.4,2026-10-07T11:43:44
Nilah,1,im not McGregor,11293,68,64.7,2026-10-07T04:49:07
Nilah,2,잊을 수 없는,7301,11,54.5,2026-10-07T04:49:16
Nilah,3,Nicole,10271,38,86.8,2026-10-07T04:49:27
Nilah,4,20MinQueueOnMain,10046,55,87.3,2026-10-07T04:49:38
Nilah,5,Rukia,9100,39,66.7,2026-10-07T04:49:50
Nilah,6,Adam,9149,33,72.7,2026-10-07T04:50:02
Nilah,7,失われた心,8785,26,76.9,2026-10-07T04:50:14
Nilah,8,Mr TomoKeK,8373,20,70.0,2026-10-07T04:50:28
Nilah,9,TIKTOK SweZ505,8262,10,90.0,2026-10-07T04:50:38
Nilah,10,HIGR KILLER,8513,37,59.5,2026-10-07T04:50:53
Nilah,11,꿀처럼 달콤한,7883,17,64.7,2026-10-07T04:51:05
Nilah,12,ChampagnePapi,7804,20,60.0,2026-10-07T04:51:15
Nilah,13,gela,7629,23,78.3,2026-10-07T04:51:27
Nilah,14,Damn,7611,44,81.8,2026-10-07T04:51:36
Nilah,15,玳培加威LuvXingyu,7586,25,52.0,2026-10-07T04:51:45
Nilah,16,Minion,7702,44,56.8,2026-10-07T04:51:55
Nilah,17,D3kwgNz,7515,30,73.3,2026-10-07T04:52:04
Nilah,18,FemBoy Cracker,7478,42,59.5,2026-10-07T04:52:13
Nilah,19,AČIR RDM NÍLAH,7290,54,66.7,2026-10-07T04:52:21
Nilah,20,elcomandantedeja,7303,54,75.9,2026-10-07T04:52:31
Nilah,21,Ganked Your Mom,7066,20,75.0,2026-10-07T04:52:45
Nilah,22,XiX,7212,43,55.8,2026-10-07T04:52:56
Nilah,23,XKXKXK,7051,59,61.0,2026-10-07T04:53:10
Nilah,24,im not may,6889,5,100.0,2026-10-07T04:53:23
Nilah,25,Nameless Monarch,6840,23,69.6,2026-10-07T04:53:33
Nilah,26,Senthuran7,6897,24,66.7,2026-10-07T04:53:43
Nilah,27,Daisyey8,6803,15,73.3,2026-10-07T04:53:51
Nilah,28,Falkiiiii,6687,24,70.8,2026-10-07T04:54:01
Nilah,29,焚天裂渊寂灭恐惧战马,6552,36,66.7,2026-10-07T04:54:11
Nilah,30,Laisielf,6841,29,62.1,2026-10-07T04:54:19
Nocturne,1,PaNDa1337,10515,49,57.1,2026-10-07T19:59:06
Nocturne,2,KingPunisher,10496,84,61.9,2026-10-07T19:59:24
Nocturne,3,Xm WaKaShy,10302,66,59.1,2026-10-07T19:59:41
Nocturne,4,Halkenburg,10271,52,71.2,2026-10-07T20:00:02
Nocturne,5,5minutes,10271,96,61.5,2026-10-07T20:00:20
Nocturne,6,MERLIN MARSAREZ,10558,36,69.4,2026-10-07T20:00:32
Nocturne,7,Proxy123,10271,47,53.2,2026-10-07T20:00:44
Nocturne,8,GidRadium,10058,74,62.2,2026-10-07T20:00:56
Nocturne,9,,9759,48,62.5,2026-10-07T20:01:16
Nocturne,10,EyeSeeDeadPeople,9905,168,53.6,2026-10-07T20:01:34
Nocturne,11,Cøsmos,9746,26,57.7,2026-10-07T20:01:53
Nocturne,12,Jap10,9651,30,76.7,2026-10-07T20:02:07
Nocturne,13,"Yves,Le Vent #1",9739,19,73.7,2026-10-07T20:02:23
Nocturne,14,Wenhao,9361,73,60.3,2026-10-07T20:02:37
Nocturne,15,Zaizaizai,9834,51,54.9,2026-10-07T20:02:54
Nocturne,16,013,9204,113,58.4,2026-10-07T20:03:13
Nocturne,17,inyali,9281,37,64.9,2026-10-07T20:03:28
Nocturne,18,Neo,9171,25,60.0,2026-10-07T20:03:58
Nocturne,19,JSK | iam da one,9029,20,85.0,2026-10-07T20:04:20
Nocturne,20,1em,8991,18,66.7,2026-10-07T20:04:48
Nocturne,21,Lubunya,9141,38,71.1,2026-10-07T20:05:18
Nocturne,22,MiraçBaba5665,9057,18,72.2,2026-10-07T20:05:36
Nocturne,23,IHateAdcMains,9007,85,58.8,2026-10-07T20:05:56
Nocturne,24,Rina,8867,41,73.2,2026-10-07T20:06:06
Nocturne,25,Between RednBlue,9331,37,73.0,2026-10-07T20:06:15
Nocturne,26,Kamikaze神風,8785,33,66.7,2026-10-07T20:06:34
Nocturne,27,clid 666,8821,47,83.0,2026-10-07T20:06:46
Nocturne,28,HWY ※KeHWMHy,8685,35,68.6,2026-10-07T20:06:59
Nocturne,29,Ao青,8647,38,55.3,2026-10-07T20:07:20
Nocturne,30,Escargot JK,8555,35,54.3,2026-10-07T20:07:39
Norra,1,WoS,9665,17,88.2,2026-10-07T20:16:11
Norra,2,The Fizz Man,9604,22,77.3,2026-10-07T20:16:22
Norra,3,FrozenFire2991,3368,17,35.3,2026-10-07T20:16:40
Norra,4,Kzz支,9538,35,57.1,2026-10-07T20:16:53
Norra,5,TwitchYT HolyWR,9072,28,46.4,2026-10-07T20:17:08
Norra,6,Ez柚子,8785,19,78.9,2026-10-07T20:17:20
Norra,7,T1 Yosshua,8375,21,61.9,2026-10-07T20:17:33
Norra,8,Ao青,8426,28,53.6,2026-10-07T20:17:46
Norra,9,Frararam,8224,78,44.9,2026-10-07T20:17:58
Norra,10,Fallen Light,8186,107,60.7,2026-10-07T20:18:11
Norra,11,Sonder縁,8112,17,64.7,2026-10-07T20:18:22
Norra,12,dersoon,8075,15,60.0,2026-10-07T20:18:32
Norra,13,Mr prade,7960,69,53.6,2026-10-07T20:18:49
Norra,14,124448474884,7841,18,61.1,2026-10-07T20:19:00
Norra,15,LoquitoBJ,7829,47,70.2,2026-10-07T20:19:14
Norra,16,Nicky富,7842,57,64.9,2026-10-07T20:19:32
Norra,17,Lordsn,7719,92,54.3,2026-10-07T20:19:53
Norra,18,Rockstar,7696,29,65.5,2026-10-07T20:20:18
Norra,19,danielchan,7622,21,47.6,2026-10-07T20:20:39
Norra,20,Batuhann,7515,24,75.0,2026-10-07T20:20:53
Norra,21,KhánhLy,7444,32,78.1,2026-10-07T20:21:13
Norra,22,fakercan dalton,7354,43,55.8,2026-10-07T20:21:26
Norra,23,JCHF,7277,103,53.4,2026-10-07T20:21:36
Norra,24,delete,7278,11,63.6,2026-10-07T20:21:48
Norra,25,TrezanTwitch,7196,32,78.1,2026-10-07T20:21:57
Norra,26,MAB,7641,93,52.7,2026-10-07T20:22:09
Norra,27,Paul,7105,35,54.3,2026-10-07T20:22:21
Norra,28,Bambi,7130,50,62.0,2026-10-07T20:22:31
Norra,29,Anhedonic,7575,37,45.9,2026-10-07T20:22:43
Norra,30,Clinkz,6972,9,55.6,2026-10-07T20:22:55
Nunu & Willump,1,none can gap me,10031,109,64.2,2026-10-06T22:47:17
Nunu & Willump,2,SHADOWH890666,9371,30,63.3,2026-10-06T22:47:27
Nunu & Willump,3,Auro Talpa,9866,131,58.0,2026-10-06T22:47:36
Nunu & Willump,4,brownieしおれ,8825,43,62.8,2026-10-06T22:47:47
Nunu & Willump,5,Prodamp,8915,111,50.5,2026-10-06T22:48:00
Nunu & Willump,6,Kabotsya,8514,60,60.0,2026-10-06T22:48:10
Nunu & Willump,7,Joy is smurfing,8418,57,59.6,2026-10-06T22:48:28
Nunu & Willump,8,Remininio,8170,29,79.3,2026-10-06T22:48:41
Nunu & Willump,9,AmUnconscious,8154,51,78.4,2026-10-06T22:48:51
Nunu & Willump,10,Hiken No Ace,8222,48,47.9,2026-10-06T22:49:02
Nunu & Willump,11,mox戈,8403,27,66.7,2026-10-06T22:49:13
Nunu & Willump,12,DARKO,7990,69,58.0,2026-10-06T22:49:22
Nunu & Willump,13,Cecilia,7931,37,40.5,2026-10-06T22:49:35
Nunu & Willump,14,夜行性 Sxmxd,8051,27,55.6,2026-10-06T22:49:45
Nunu & Willump,15,Teemotivation,7834,79,55.7,2026-10-06T22:49:57
Nunu & Willump,16,NurTenekesAmk,8154,24,83.3,2026-10-06T22:50:08
Nunu & Willump,17,Zhou Mingrui,7746,17,64.7,2026-10-06T22:50:18
Nunu & Willump,18,hawalkbar,7786,74,64.9,2026-10-06T22:50:29
Nunu & Willump,19,michalrblxoxo,7728,68,72.1,2026-10-06T22:50:40
Nunu & Willump,20,LeonardoDiCaprio,7922,102,59.8,2026-10-06T22:50:49
Nunu & Willump,21,DontPush,7884,63,57.1,2026-10-06T22:51:01
Nunu & Willump,22,KAMAZ,7854,99,60.6,2026-10-06T22:51:18
Nunu & Willump,23,żabka,7565,83,50.6,2026-10-06T22:51:26
Nunu & Willump,24,Koja,7563,19,68.4,2026-10-06T22:51:39
Nunu & Willump,25,暴風雪SNOW STORM,7594,19,52.6,2026-10-06T22:51:50
Nunu & Willump,26,Sabrinjho,7409,57,66.7,2026-10-06T22:52:02
Nunu & Willump,28,BeniitoCamela69,7834,92,54.3,2026-10-06T22:52:28
Nunu & Willump,29,AIJHANi,7560,45,53.3,2026-10-06T22:52:43
Nunu & Willump,30,SART Mathiik,7520,25,68.0,2026-10-06T22:52:54
Olaf,1,Instgrm wrdboost,10957,28,89.3,2026-10-07T14:54:01
Olaf,2,Serious Sam,10612,30,80.0,2026-10-07T14:54:16
Olaf,3,Proxy123,10468,45,57.8,2026-10-07T14:54:38
Olaf,4,lykia is cute,10271,57,57.9,2026-10-07T14:54:59
Olaf,5,Jaks,10271,77,54.5,2026-10-07T14:55:39
Olaf,6,暴風雪SNOW STORM,9446,33,60.6,2026-10-07T14:55:56
Olaf,7,Genos,9520,96,49.0,2026-10-07T14:56:13
Olaf,8,xXRaY5FiVeXx,9285,149,57.0,2026-10-07T14:56:26
Olaf,9,jotaro,9157,64,54.7,2026-10-07T14:56:36
Olaf,10,cooking days,9683,35,68.6,2026-10-07T14:56:48
Olaf,11,II Dottore,9367,33,66.7,2026-10-07T14:57:02
Olaf,12,YOSHIMITSU,9065,42,57.1,2026-10-07T14:57:12
Olaf,13,Shensual,8806,23,56.5,2026-10-07T14:57:24
Olaf,14,Society,8793,17,70.6,2026-10-07T14:57:33
Olaf,15,AXPOMATOYIA,8787,88,76.1,2026-10-07T14:57:45
Olaf,16,KUPA06,8785,20,70.0,2026-10-07T14:57:57
Olaf,17,Youtube Scely,8892,23,56.5,2026-10-07T14:58:14
Olaf,18,BLKN,8623,13,69.2,2026-10-07T14:58:29
Olaf,19,SXNDRIU暴,8616,38,71.1,2026-10-07T15:00:15
Olaf,20,Gossip Girl,8741,24,70.8,2026-10-07T15:00:27
Olaf,21,听风者万花通灵,8570,65,53.8,2026-10-07T15:00:38
Olaf,22,林咸鱼,8785,57,52.6,2026-10-07T15:00:51
Olaf,23,Ryjin,8472,67,53.7,2026-10-07T15:01:03
Olaf,24,RAGNARÖKK,8579,51,56.9,2026-10-07T15:01:13
Olaf,25,SVP ENJOYER,8367,35,74.3,2026-10-07T15:01:24
Olaf,26,姑奶奶,8360,23,78.3,2026-10-07T15:01:34
Olaf,27,Dzu,8488,17,70.6,2026-10-07T15:01:45
Olaf,28,xLagze,8308,54,55.6,2026-10-07T15:01:58
Olaf,29,Sinffull,8331,29,58.6,2026-10-07T15:02:08
Olaf,30,Toxic Sentinel,8187,41,51.2,2026-10-07T15:02:23
Orianna,1,Ewaai,10766,48,58.3,2026-10-07T00:45:32
Orianna,2,Rits xong Cook,10218,40,52.5,2026-10-07T00:45:48
Orianna,3,撒旦 Iwwsl Doran,10271,40,77.5,2026-10-07T00:46:05
Orianna,4,baicai baby,9771,69,65.2,2026-10-07T00:46:39
Orianna,5,ALGOS,9534,77,66.2,2026-10-07T00:47:25
Orianna,6,OoFF,9439,62,54.8,2026-10-07T00:47:38
Orianna,7,Hugo,9204,51,56.9,2026-10-07T00:47:52
Orianna,8,Dravix,9160,38,73.7,2026-10-07T00:48:05
Orianna,9,AUBURN,9040,36,58.3,2026-10-07T00:48:14
Orianna,10,Jacamino587,8952,52,61.5,2026-10-07T00:48:25
Orianna,11,P1sslow,8785,31,61.3,2026-10-07T00:48:39
Orianna,12,SYA,9145,39,64.1,2026-10-07T00:48:48
Orianna,13,ur Fav Midlaner,8675,19,89.5,2026-10-07T00:49:08
Orianna,14,NotAleex161,8505,60,50.0,2026-10-07T00:49:22
Orianna,15,UFO,8475,14,71.4,2026-10-07T00:49:35
Orianna,16,Hân boom,8384,29,75.9,2026-10-07T00:49:51
Orianna,17,蒲公英的约定,8425,32,53.1,2026-10-07T00:50:04
Orianna,18,Mirin is best,8449,28,67.9,2026-10-07T00:50:27
Orianna,19,Petit Dayo trql,8373,23,60.9,2026-10-07T00:50:43
Orianna,20,GKing,8290,31,54.8,2026-10-07T00:50:52
Orianna,21,Tails,8313,28,75.0,2026-10-07T00:51:11
Orianna,22,xelso57,8451,76,55.3,2026-10-07T00:51:21
Orianna,23,abcxyz,8248,218,59.2,2026-10-07T00:51:31
Orianna,24,PhOeniX,8040,54,55.6,2026-10-07T00:51:43
Orianna,25,Nyro,8004,26,57.7,2026-10-07T00:51:56
Orianna,26,JAYK ITND6MUI,7885,53,73.6,2026-10-07T00:52:10
Orianna,27,NINJA,8007,66,60.6,2026-10-07T00:52:24
Orianna,28,Startsexbaby,7762,39,66.7,2026-10-07T00:52:37
Orianna,29,Heaven,7938,18,88.9,2026-10-07T00:52:52
Orianna,30,Kirra,7807,23,56.5,2026-10-07T00:53:03
Ornn,1,CHxls,9944,56,66.1,2026-10-07T20:40:50
Ornn,2,MADNESS会来,9389,93,51.6,2026-10-07T20:41:00
Ornn,3,Abozhrh,8960,52,73.1,2026-10-07T20:41:13
Ornn,4,Kei,8785,31,58.1,2026-10-07T20:41:26
Ornn,5,SoDeSo,1201,4,50.0,2026-10-07T20:42:35
Ornn,6,Twitch WAEI WR,8514,36,66.7,2026-10-07T20:42:46
Ornn,7,Çileli Çilek,8246,83,47.0,2026-10-07T20:42:58
Ornn,8,YEARN,8590,43,44.2,2026-10-07T20:43:09
Ornn,9,ΔIKAΣTHE,8175,43,60.5,2026-10-07T20:43:21
Ornn,10,Lefasy,8331,34,61.8,2026-10-07T20:43:40
Ornn,11,Gypsy SY,8248,17,76.5,2026-10-07T20:44:14
Ornn,12,AshTheGlory,7999,38,50.0,2026-10-07T20:44:32
Ornn,13,Farmognudr,8097,53,64.2,2026-10-07T20:44:52
Ornn,14,DANYAR,7923,27,51.9,2026-10-07T20:45:09
Ornn,15,BaSil,7845,13,100.0,2026-10-07T20:45:24
Ornn,16,a6shrk,7997,118,48.3,2026-10-07T20:45:35
Ornn,17,MM Lazaro,7818,31,61.3,2026-10-07T20:45:47
Ornn,18,ViaSacra,7614,25,52.0,2026-10-07T20:45:56
Ornn,19,BFG 个 SEKIRO,7407,45,60.0,2026-10-07T20:46:06
Ornn,20,FAISAL,7297,18,83.3,2026-10-07T20:46:15
Ornn,21,CNK Angel,7622,27,66.7,2026-10-07T20:46:35
Ornn,22,VernemNidahen,7265,27,70.4,2026-10-07T20:46:49
Ornn,23,KOR Hm,7834,56,64.3,2026-10-07T20:46:58
Ornn,24,thepenguinwav,7380,89,55.1,2026-10-07T20:47:09
Ornn,25,cpdd,7357,42,64.3,2026-10-07T20:47:19
Ornn,26,Blu,7229,110,55.5,2026-10-07T20:47:30
Ornn,27,夜行性 Sxmxd,7130,19,52.6,2026-10-07T20:47:41
Ornn,28,Woops,7092,12,100.0,2026-10-07T20:47:50
Ornn,29,Eca Rekop 18 PA,7092,34,50.0,2026-10-07T20:48:00
Ornn,30,tears of pain,6966,17,76.5,2026-10-07T20:48:10
Pantheon,1,Sang Boom,10113,26,80.8,2026-10-06T21:42:23
Pantheon,2,Zayd99,10015,27,70.4,2026-10-06T21:42:32
Pantheon,3,Maracanã,9895,31,71.0,2026-10-06T21:42:43
Pantheon,4,Hell,9920,60,66.7,2026-10-06T21:42:58
Pantheon,5,GODZILLA,9534,93,60.2,2026-10-06T21:43:14
Pantheon,6,Fabio,9412,71,63.4,2026-10-06T21:43:25
Pantheon,7,MD Pentakill,9631,39,71.8,2026-10-06T21:43:38
Pantheon,8,Ulqiorra,2788,3,33.3,2026-10-06T21:43:52
Pantheon,9,麦わらのルフィ,9239,19,68.4,2026-10-06T21:44:05
Pantheon,10,MICHO,8971,197,54.8,2026-10-06T21:44:24
Pantheon,11,AethelWR,8921,40,67.5,2026-10-06T21:44:36
Pantheon,12,BulletFmyValntne,8864,42,69.0,2026-10-06T21:45:11
Pantheon,13,野区的王者,8798,78,61.5,2026-10-06T21:45:34
Pantheon,14,Achillesus,8735,121,57.9,2026-10-06T21:46:06
Pantheon,15,MATRIX,8805,64,51.6,2026-10-06T21:46:54
Pantheon,16,Xylon,8688,29,75.9,2026-10-06T21:47:31
Pantheon,17,Yazgoth,8903,113,56.6,2026-10-06T21:47:43
Pantheon,18,Domain Fall,8579,60,61.7,2026-10-06T21:47:58
Pantheon,19,HKT龙战神,9012,36,52.8,2026-10-06T21:48:10
Pantheon,20,îPlàyNaked',8558,20,70.0,2026-10-06T21:48:22
Pantheon,21,왕자ATENA,8493,21,81.0,2026-10-06T21:48:33
Pantheon,22,DurexLTUU,8579,83,51.8,2026-10-06T21:48:43
Pantheon,23,Nole,8446,46,50.0,2026-10-06T21:52:05
Pantheon,24,WeseyS菜,9016,109,51.4,2026-10-06T21:52:20
Pantheon,25,Drongo,8378,34,76.5,2026-10-06T21:52:33
Pantheon,26,Weghs,8480,39,53.8,2026-10-06T21:52:55
Pantheon,27,재밍사형야호,8785,74,59.5,2026-10-06T21:53:05
Pantheon,28,SØCIO,8260,37,67.6,2026-10-06T21:53:16
Pantheon,29,nove,8260,53,66.0,2026-10-06T21:53:28
Pantheon,30,hachiware,8239,14,71.4,2026-10-06T21:53:37
Poppy,1,BarkForMeDawg,10759,40,55.0,2026-10-07T08:59:35
Poppy,2,Cracstail,10031,53,60.4,2026-10-07T08:59:44
Poppy,3,Son Of Boosted,9834,49,65.3,2026-10-07T08:59:53
Poppy,4,Küçük Burjuva,9725,42,64.3,2026-10-07T09:00:08
Poppy,5,ZawllwaZ,9477,83,57.8,2026-10-07T09:00:21
Poppy,6,leo4444,9245,23,56.5,2026-10-07T09:00:30
Poppy,7,YEARN,9284,74,51.4,2026-10-07T09:00:41
Poppy,8,FellySmeet420,8956,61,62.3,2026-10-07T09:00:51
Poppy,9,bath陳奕迅,9015,70,52.9,2026-10-07T09:01:02
Poppy,10,Messi,8481,14,71.4,2026-10-07T09:01:13
Poppy,11,Noah the dog,8557,66,54.5,2026-10-07T09:01:24
Poppy,12,Tuji,8236,22,72.7,2026-10-07T09:01:33
Poppy,13,Deathstopia,8189,23,56.5,2026-10-07T09:01:47
Poppy,14,Elvo,8312,29,69.0,2026-10-07T09:01:58
Poppy,15,Miko,8579,32,53.1,2026-10-07T09:02:14
Poppy,16,No VN,8218,22,72.7,2026-10-07T09:02:30
Poppy,17,UnPredictable,8229,26,65.4,2026-10-07T09:02:39
Poppy,18,BYKOT,8437,68,61.8,2026-10-07T09:02:49
Poppy,19,PantiesPoppy,7884,53,66.0,2026-10-07T09:02:58
Poppy,20,LP Neklausk,7866,35,51.4,2026-10-07T09:03:08
Poppy,21,Efttaflan,7637,58,55.2,2026-10-07T09:03:19
Poppy,22,EVIL,7622,53,62.3,2026-10-07T09:03:27
Poppy,23,Almagic0o,7565,38,63.2,2026-10-07T09:03:37
Poppy,24,BbDKMBWM BbIKMAbIW,7565,49,57.1,2026-10-07T09:03:47
Poppy,25,loosermates,7796,46,52.2,2026-10-07T09:03:55
Poppy,26,下尺丹モK丹,7547,23,47.8,2026-10-07T09:04:06
Poppy,27,Lakatown,7490,11,63.6,2026-10-07T09:04:20
Poppy,28,UtoPy,7349,14,78.6,2026-10-07T09:04:31
Poppy,29,GodlikeBee,7497,67,47.8,2026-10-07T09:04:52
Poppy,30,Soldier Of God,7524,40,62.5,2026-10-07T09:05:05
Pyke,1,Micha,11151,154,63.0,2026-10-07T17:10:57
Pyke,2,SheikhPyke,4306,12,58.3,2026-10-07T17:11:17
Pyke,3,Ciuri,9829,51,60.8,2026-10-07T17:11:49
Pyke,4,SEA KERIA,10083,97,71.1,2026-10-07T17:12:04
Pyke,5,Hayat Bitti,9438,100,57.0,2026-10-07T17:12:36
Pyke,6,Remove Remakes,9318,71,84.5,2026-10-07T17:12:52
Pyke,7,ITSxLeVi,4928,15,53.3,2026-10-07T17:13:17
Pyke,8,Lisan al Gaib,9300,60,50.0,2026-10-07T17:13:30
Pyke,9,Hatun Porsche,8970,72,70.8,2026-10-07T17:13:39
Pyke,10,FBI,9513,33,63.6,2026-10-07T17:13:50
Pyke,11,H3LL,9213,52,67.3,2026-10-07T17:14:01
Pyke,12,Moan For Daddy,8913,51,58.8,2026-10-07T17:14:11
Pyke,13,Yexter 2021,8979,56,48.2,2026-10-07T17:14:22
Pyke,14,Find love,8984,25,60.0,2026-10-07T17:14:31
Pyke,15,Nemesis7,8753,28,67.9,2026-10-07T17:14:43
Pyke,16,vik1606,9160,96,64.6,2026-10-07T17:14:53
Pyke,17,dc wrboost77,8785,37,64.9,2026-10-07T17:15:03
Pyke,19,I am from Poland,8699,70,57.1,2026-10-07T17:15:40
Pyke,20,Django,8564,140,52.9,2026-10-07T17:15:59
Pyke,21,Devatidus,4648,12,83.3,2026-10-07T17:16:17
Pyke,22,MrNaplozze,8366,38,50.0,2026-10-07T17:16:29
Pyke,23,4BRO KRASSY,8442,45,57.8,2026-10-07T17:16:41
Pyke,24,Juniorskii,8351,36,61.1,2026-10-07T17:16:51
Pyke,25,Yy just R,8585,23,65.2,2026-10-07T17:17:00
Pyke,26,Ladykiller,8339,36,75.0,2026-10-07T17:17:14
Pyke,27,Sinkem All,8260,74,62.2,2026-10-07T17:17:24
Pyke,28,HookMeLIkeYouDo,8032,34,70.6,2026-10-07T17:17:33
Pyke,29,da1,8050,25,60.0,2026-10-07T17:17:54
Pyke,30,マShiroi Raionア,8178,201,49.8,2026-10-07T17:18:19
Rakan,1,豪哥哥哥哥哥哥哥,11638,85,87.1,2026-10-07T06:41:08
Rakan,2,802 biggie,10133,43,55.8,2026-10-07T06:41:17
Rakan,3,Tonight入夜神,10161,55,54.5,2026-10-07T06:41:36
Rakan,4,Salozito,9120,20,80.0,2026-10-07T06:42:02
Rakan,5,Limbo,9214,20,70.0,2026-10-07T06:42:18
Rakan,6,NeverForgetULove,8917,72,63.9,2026-10-07T06:42:30
Rakan,7,Kafaotis,8785,47,66.0,2026-10-07T06:42:44
Rakan,8,lulu enthusiast,8579,54,63.0,2026-10-07T06:42:58
Rakan,9,Evaa,8579,60,65.0,2026-10-07T06:43:07
Rakan,10,Dorkitas,8604,52,63.5,2026-10-07T06:43:17
Rakan,11,007×HeMa夜,8727,54,51.9,2026-10-07T06:43:26
Rakan,12,Aegemann,8427,45,64.4,2026-10-07T06:43:37
Rakan,13,zy餅乾怪物97lolm,8414,40,72.5,2026-10-07T06:43:47
Rakan,14,OLY Oldw1n,8298,100,54.0,2026-10-07T06:43:56
Rakan,15,MILK THOSE,7928,36,58.3,2026-10-07T06:44:06
Rakan,16,餅乾怪物Skaya97,8088,21,52.4,2026-10-07T06:44:16
Rakan,17,BlackMoon,7752,21,71.4,2026-10-07T06:44:28
Rakan,18,Denisukes,7653,37,56.8,2026-10-07T06:44:43
Rakan,19,Øbønğä,7928,47,46.8,2026-10-07T06:44:56
Rakan,20,YoniKoo望,7558,22,77.3,2026-10-07T06:45:11
Rakan,21,MuteChat,7538,50,64.0,2026-10-07T06:45:22
Rakan,22,YOLYEMEZ,7474,24,50.0,2026-10-07T06:45:30
Rakan,23,Brauminator,7549,77,53.2,2026-10-07T06:45:43
Rakan,24,Jukes,7424,53,60.4,2026-10-07T06:45:51
Rakan,25,BELI人N,7789,48,60.4,2026-10-07T06:46:00
Rakan,26,Biscout le plumé,7397,46,58.7,2026-10-07T06:46:10
Rakan,27,XX Redemption,7518,70,58.6,2026-10-07T06:46:20
Rakan,28,HOKCMMMAHaH,7226,33,51.5,2026-10-07T06:46:28
Rakan,29,Youtube Rakann,7091,60,80.0,2026-10-07T06:46:38
Rakan,30,Leynz,7012,33,60.6,2026-10-07T06:46:47
Rammus,1,1em,11771,62,77.4,2026-10-07T07:52:41
Rammus,2,LR Nyx,10498,92,68.5,2026-10-07T07:52:55
Rammus,3,Mecha7ttv,3774,5,80.0,2026-10-07T07:53:08
Rammus,4,BOPE Kywb,10232,44,72.7,2026-10-07T07:53:20
Rammus,5,HDX Nobu,10271,77,64.9,2026-10-07T07:53:34
Rammus,6,Yone Wick,9731,57,66.7,2026-10-07T07:53:44
Rammus,7,LR DummyJr,9816,52,55.8,2026-10-07T07:53:56
Rammus,8,Petre,9729,50,66.0,2026-10-07T07:54:09
Rammus,9,ENASAEX,9534,101,61.4,2026-10-07T07:54:19
Rammus,10,Krikimriki,9646,63,61.9,2026-10-07T07:54:29
Rammus,11,BABYLON,9343,57,71.9,2026-10-07T07:54:39
Rammus,12,Cengo,9160,26,88.5,2026-10-07T07:54:47
Rammus,13,axa29,8954,20,80.0,2026-10-07T07:54:57
Rammus,14,20MinQueueOnMain,8903,22,81.8,2026-10-07T07:55:06
Rammus,15,DWG SorryMaker,8816,37,78.4,2026-10-07T07:55:16
Rammus,16,mox戈,3080,26,46.2,2026-10-07T07:55:25
Rammus,17,didkooBUL,8685,40,75.0,2026-10-07T07:55:33
Rammus,18,BosnaBeat,8579,44,70.5,2026-10-07T07:55:51
Rammus,19,Oktomocto,8579,19,84.2,2026-10-07T07:56:06
Rammus,20,Şirket Çalışanı,8539,92,70.7,2026-10-07T07:56:17
Rammus,21,Monaroz95,8472,35,68.6,2026-10-07T07:56:30
Rammus,22,TittelinTuure,4651,15,53.3,2026-10-07T07:56:38
Rammus,23,TacTic,8260,24,75.0,2026-10-07T07:56:48
Rammus,24,Hide in Lisbon,8334,88,68.2,2026-10-07T07:56:58
Rammus,25,王逍遥alex,8208,28,67.9,2026-10-07T07:57:06
Rammus,26,BOPE SNAYDER,8135,37,73.0,2026-10-07T07:57:15
Rammus,27,LightningBOY,8227,73,67.1,2026-10-07T07:57:23
Rammus,28,KingRammus,8570,88,73.9,2026-10-07T07:57:33
Rammus,29,Shinigami,8154,37,62.2,2026-10-07T07:57:43
Rammus,30,You8sheet,8041,37,64.9,2026-10-07T07:57:51
Rell,1,Riqian,9159,34,64.7,2026-10-07T16:15:25
Rell,2,BDM Dramax37,8970,52,55.8,2026-10-07T16:15:37
Rell,3,BIELKA22,8616,42,54.8,2026-10-07T16:15:58
Rell,4,怎么这么折磨,8339,14,71.4,2026-10-07T16:16:19
Rell,5,Minazuki,8243,71,60.6,2026-10-07T16:16:35
Rell,6,YOLYEMEZ,8080,47,48.9,2026-10-07T16:16:46
Rell,7,The Last Chicken,7701,40,57.5,2026-10-07T16:17:02
Rell,8,Eca Rekop 18 PA,8019,84,45.2,2026-10-07T16:17:16
Rell,9,Stop,8176,22,63.6,2026-10-07T16:17:33
Rell,10,野原秀之助,7803,37,54.1,2026-10-07T16:17:50
Rell,11,retired support,7650,32,71.9,2026-10-07T16:18:11
Rell,12,hobo,7515,33,66.7,2026-10-07T16:18:26
Rell,13,Vrăjitorul,7504,43,44.2,2026-10-07T16:18:45
Rell,14,Privatelvanov,7501,35,60.0,2026-10-07T16:19:02
Rell,15,Patrowal,7503,27,51.9,2026-10-07T16:19:21
Rell,16,KCGaëlBlanchard,7671,72,48.6,2026-10-07T16:19:41
Rell,17,Lún,7327,71,56.3,2026-10-07T16:19:51
Rell,18,Hoofstomp,7506,55,60.0,2026-10-07T16:20:03
Rell,19,TodasMienten,7303,93,60.2,2026-10-07T16:20:13
Rell,20,abuzer kömürcü,7409,73,52.1,2026-10-07T16:20:25
Rell,21,Venomjinx,7216,29,65.5,2026-10-07T16:20:39
Rell,22,The last SWAiN,2425,6,66.7,2026-10-07T16:20:49
Rell,23,seuk123,7298,77,46.8,2026-10-07T16:21:01
Rell,24,THESERIAL,7327,56,55.4,2026-10-07T16:21:14
Rell,25,MAKER,7160,82,62.2,2026-10-07T16:21:29
Rell,26,ufo361,7361,31,61.3,2026-10-07T16:21:45
Rell,27,NaWaF,7065,12,58.3,2026-10-07T16:21:58
Rell,28,Deadman,7051,86,55.8,2026-10-07T16:22:18
Rell,29,xEsenosport,7087,34,70.6,2026-10-07T16:22:35
Rell,30,1SuppPortable,7070,38,60.5,2026-10-07T16:22:47
Renekton,1,Lakatown,9805,26,69.2,2026-10-07T16:46:28
Renekton,2,玳培加威LuvXingyu,9991,77,55.8,2026-10-07T16:46:39
Renekton,3,天魔神使,9270,65,61.5,2026-10-07T16:46:50
Renekton,4,Eblo21,9160,61,59.0,2026-10-07T16:47:02
Renekton,5,DriFyuZ,8870,22,54.5,2026-10-07T16:47:16
Renekton,6,乡PiBe,9160,102,52.9,2026-10-07T16:47:27
Renekton,7,执行部之龙,8718,26,61.5,2026-10-07T16:47:41
Renekton,8,UCL,8260,41,68.3,2026-10-07T16:47:52
Renekton,9,VeinCollector,8506,93,58.1,2026-10-07T16:48:03
Renekton,10,Gr0batar,8040,46,67.4,2026-10-07T16:48:20
Renekton,11,CheeWoo,7919,20,65.0,2026-10-07T16:48:32
Renekton,12,IlpoeKT Baaepa,7889,51,60.8,2026-10-07T16:48:42
Renekton,13,Flavio,7834,63,60.3,2026-10-07T16:48:55
Renekton,14,PST THEBESTMATE1,7835,28,46.4,2026-10-07T16:49:06
Renekton,15,Li Mu Bai,7767,62,62.9,2026-10-07T16:49:21
Renekton,16,krtola pacov,7859,59,52.5,2026-10-07T16:49:35
Renekton,17,Tired So,7576,45,48.9,2026-10-07T16:49:46
Renekton,18,Shødean,7516,25,68.0,2026-10-07T16:49:58
Renekton,19,GEN Kiin,7499,51,52.9,2026-10-07T16:50:13
Renekton,20,Bardzes,7320,47,48.9,2026-10-07T16:50:35
Renekton,21,Hegesias,7484,29,37.9,2026-10-07T16:50:56
Renekton,22,Halloween,7274,67,56.7,2026-10-07T16:51:25
Renekton,23,22 November,7243,14,85.7,2026-10-07T16:51:44
Renekton,24,DemokratikKONGO,7089,35,51.4,2026-10-07T16:52:18
Renekton,25,Tobio K,7030,58,62.1,2026-10-07T16:52:37
Renekton,26,ProDa,7062,39,53.8,2026-10-07T16:52:53
Renekton,27,KimochiOYamate,7195,37,64.9,2026-10-07T16:53:09
Renekton,29,AnteGamhsou12,6840,83,62.7,2026-10-07T16:53:45
Renekton,30,schizo,6833,9,55.6,2026-10-07T16:53:57
Rengar,1,MadCat,10271,134,57.5,2026-10-06T22:33:43
Rengar,2,APHG,10199,37,73.0,2026-10-06T22:34:02
Rengar,3,TwitchYT Darkin,10033,34,73.5,2026-10-06T22:34:27
Rengar,4,monolith,9496,40,80.0,2026-10-06T22:34:42
Rengar,5,神临 | Pka,9571,33,66.7,2026-10-06T22:34:56
Rengar,6,Je Suis Paix,9041,26,69.2,2026-10-06T22:35:06
Rengar,7,Zinkss,8845,44,72.7,2026-10-06T22:35:19
Rengar,8,Rey,8785,43,69.8,2026-10-06T22:35:28
Rengar,9,Thunder,8785,36,58.3,2026-10-06T22:35:37
Rengar,10,AriseFrom Shadow,6523,9,66.7,2026-10-06T22:35:49
Rengar,11,Lubunya,8676,25,72.0,2026-10-06T22:36:02
Rengar,12,Virtuosso,8727,38,60.5,2026-10-06T22:36:10
Rengar,13,rëngking,8785,37,75.7,2026-10-06T22:36:23
Rengar,14,Tanok,8602,46,58.7,2026-10-06T22:36:33
Rengar,15,OMNIPOTENCE,8579,26,76.9,2026-10-06T22:36:46
Rengar,16,Let Querxxl supp,8154,24,70.8,2026-10-06T22:36:57
Rengar,17,DON xBaaYx,8154,110,54.5,2026-10-06T22:37:05
Rengar,18,Permaban,1296,2,50.0,2026-10-06T22:37:16
Rengar,19,XBLADEX,8124,36,52.8,2026-10-06T22:37:32
Rengar,20,agisilaoss01,7881,29,69.0,2026-10-06T22:37:47
Rengar,21,PaNDa1337,8229,41,46.3,2026-10-06T22:38:11
Rengar,22,Yushua,8097,34,61.8,2026-10-06T22:38:47
Rengar,23,wee beastie,7686,37,59.5,2026-10-06T22:39:01
Rengar,24,Kapλouêyvoc,7609,34,61.8,2026-10-06T22:39:15
Rengar,25,Pop dat Rengar,7539,50,68.0,2026-10-06T22:39:24
Rengar,26,You8sheet,7535,49,55.1,2026-10-06T22:39:38
Rengar,27,good and bad,7515,47,68.1,2026-10-06T22:39:58
Rengar,28,Jesse,7515,54,68.5,2026-10-06T22:40:19
Rengar,29,Gamsahamnida,7515,47,70.2,2026-10-06T22:40:31
Rengar,30,Illumi,7492,37,70.3,2026-10-06T22:40:39
Riven,1,Kowal,10996,85,54.1,2026-10-07T12:45:29
Riven,2,Toxic Riven Main,10271,38,63.2,2026-10-07T12:45:43
Riven,3,Kowal,10921,22,57.6,2026-10-07T12:46:00
Riven,4,0996,10094,141,48.9,2026-10-07T12:46:13
Riven,5,DOBA,10031,67,67.2,2026-10-07T12:46:28
Riven,6,Insta Benjoboost,9852,79,79.7,2026-10-07T12:46:40
Riven,7,kzqqq7,9667,47,53.2,2026-10-07T12:46:55
Riven,8,pesfyra,9599,28,60.7,2026-10-07T12:47:08
Riven,9,祖师爷,9824,55,63.6,2026-10-07T12:47:22
Riven,10,insta wrboost5,9239,24,75.0,2026-10-07T12:47:36
Riven,11,insta sxxprnxd1,9203,31,64.5,2026-10-07T12:47:51
Riven,12,YT TeaYenSvg,9139,27,77.8,2026-10-07T12:48:03
Riven,13,XJacki,9019,18,88.9,2026-10-07T12:48:17
Riven,14,baby cute,8799,15,80.0,2026-10-07T12:48:28
Riven,15,X3NON,8785,56,62.5,2026-10-07T12:48:45
Riven,16,Tunalogy,8785,46,63.0,2026-10-07T12:48:58
Riven,17,Wowsjsjod,8783,16,68.8,2026-10-07T12:49:09
Riven,18,Dimash,8656,70,57.1,2026-10-07T12:49:27
Riven,19,tony,8648,16,100.0,2026-10-07T12:49:50
Riven,20,İnançXD,8602,15,80.0,2026-10-07T12:50:07
Riven,21,dscord sxxprnxd1,8785,23,65.2,2026-10-07T12:51:24
Riven,22,Baboyoga,8683,48,43.8,2026-10-07T12:52:06
Riven,23,SSS Blaze,8513,16,56.2,2026-10-07T12:52:33
Riven,24,ManisaliRiven,8389,50,52.0,2026-10-07T12:53:09
Riven,25,Lucyna Kushinada,8327,10,90.0,2026-10-07T12:53:43
Riven,26,Karma,8308,53,52.8,2026-10-07T12:54:13
Riven,27,discord kiryu156,8304,11,72.7,2026-10-07T12:54:35
Riven,28,Qua,8238,26,53.8,2026-10-07T12:54:52
Riven,29,ning,8226,38,55.3,2026-10-07T12:55:57
Riven,30,EVG Restrict,8185,14,71.4,2026-10-07T12:56:33
Rumble,1,Purpleküsh,8266,70,61.4,2026-10-07T19:11:52
Rumble,2,Chrosam,8260,63,65.1,2026-10-07T19:12:03
Rumble,3,Raccoon farmer,8357,19,73.7,2026-10-07T19:12:27
Rumble,4,BayazytOfficial1,7805,36,55.6,2026-10-07T19:12:38
Rumble,5,Lawrence,7576,77,54.5,2026-10-07T19:12:52
Rumble,6,嘎嘎呵呵哈哈,7550,40,47.5,2026-10-07T19:13:03
Rumble,7,Mainmidadc,7382,80,51.2,2026-10-07T19:13:16
Rumble,8,KiimPiink,7427,86,51.2,2026-10-07T19:13:28
Rumble,9,Vérité,6899,51,58.8,2026-10-07T19:13:39
Rumble,10,KrKohr HFX,7076,40,52.5,2026-10-07T19:13:51
Rumble,11,幸运值999,6804,28,78.6,2026-10-07T19:14:00
Rumble,12,barfly,6900,47,57.4,2026-10-07T19:14:13
Rumble,13,tintin,6608,36,61.1,2026-10-07T19:14:31
Rumble,14,Reror,6719,28,64.3,2026-10-07T19:14:50
Rumble,15,BeceAbih PaK BenQ,6517,41,53.7,2026-10-07T19:15:09
Rumble,17,NotAleex161,6510,17,41.2,2026-10-07T19:15:39
Rumble,18,MrBathen,6423,24,62.5,2026-10-07T19:15:59
Rumble,19,Panchit0p,6534,24,58.3,2026-10-07T19:16:19
Rumble,20,Hard on horse,6342,64,50.0,2026-10-07T19:16:30
Rumble,21,Avex85,6247,26,61.5,2026-10-07T19:16:42
Rumble,22,Bubu53x,6306,62,53.2,2026-10-07T19:16:52
Rumble,23,SSG CoMpLeX,6151,34,67.6,2026-10-07T19:17:21
Rumble,24,TOKYO,6151,40,55.0,2026-10-07T19:17:45
Rumble,25,ZippO,6090,41,56.1,2026-10-07T19:18:00
Rumble,26,PlayGod,6325,43,58.1,2026-10-07T19:18:34
Rumble,27,AI8 Abusr米,6064,52,44.2,2026-10-07T19:18:48
Rumble,28,Artemisflo,5989,47,53.2,2026-10-07T19:18:59
Rumble,29,BøB The Feeder,6273,66,51.5,2026-10-07T19:19:11
Rumble,30,DoniBoi18,6051,32,68.8,2026-10-07T19:19:20
Ryze,1,HOWOH,10271,77,54.5,2026-10-07T18:48:37
Ryze,2,Rs7,10079,27,74.1,2026-10-07T18:48:49
Ryze,3,IIBaDIIBlooDII,9824,32,68.8,2026-10-07T18:49:12
Ryze,4,Dxpe,9209,55,65.5,2026-10-07T18:49:22
Ryze,5,T1 Yosshua,9160,39,71.8,2026-10-07T18:49:36
Ryze,6,OKK,3397,17,58.8,2026-10-07T18:49:47
Ryze,7,SolarEmperor,8677,39,59.0,2026-10-07T18:49:59
Ryze,8,SteamBird,8562,33,57.6,2026-10-07T18:50:12
Ryze,9,SnEaKy,8501,69,65.2,2026-10-07T18:50:22
Ryze,10,Cưng cáo,8564,22,63.6,2026-10-07T18:50:34
Ryze,11,the Punisher,8288,24,66.7,2026-10-07T18:50:46
Ryze,12,SHÁDOW,8267,36,61.1,2026-10-07T18:50:55
Ryze,13,Sirius,8079,39,51.3,2026-10-07T18:51:10
Ryze,14,NiSuan What,8058,40,57.5,2026-10-07T18:51:23
Ryze,15,leo41200,8001,13,61.5,2026-10-07T18:51:39
Ryze,16,玄美 Tiu Mi,5997,14,64.3,2026-10-07T18:51:53
Ryze,17,Zeppelin,7754,30,53.3,2026-10-07T18:52:04
Ryze,18,PhilxSolitudee1,7743,23,69.6,2026-10-07T18:52:21
Ryze,19,Hoa Roi Vô Ý,7653,44,72.7,2026-10-07T18:52:47
Ryze,20,ifarted,8133,42,50.0,2026-10-07T18:53:03
Ryze,21,sheesh,7590,36,58.3,2026-10-07T18:53:19
Ryze,22,5ManUltEnjoyer,7515,58,53.4,2026-10-07T18:53:36
Ryze,23,WEIYANG,7409,14,57.1,2026-10-07T18:53:54
Ryze,24,ElSafa7,7391,30,63.3,2026-10-07T18:54:18
Ryze,25,xpressblue,7616,139,50.4,2026-10-07T18:54:39
Ryze,26,No CCP in ROK,7583,23,56.5,2026-10-07T18:54:56
Ryze,27,Gokhain Delon,7284,15,66.7,2026-10-07T18:55:08
Ryze,28,MangesTesMorts,7482,40,65.0,2026-10-07T18:55:18
Ryze,29,juegoporeltft,7261,22,50.0,2026-10-07T18:55:29
Ryze,30,Cøsmos,7182,15,53.3,2026-10-07T18:55:41
Samira,1,Lunar Eclipse,10769,37,75.7,2026-10-07T14:38:45
Samira,2,Messi,10588,51,49.0,2026-10-07T14:39:02
Samira,3,Samira,10374,95,54.7,2026-10-07T14:39:21
Samira,4,N1 Zozo,10271,155,58.1,2026-10-07T14:39:38
Samira,5,悍匪陈英俊,10031,60,61.7,2026-10-07T14:40:24
Samira,6,TTK sdrmike,9808,38,89.5,2026-10-07T14:40:41
Samira,7,Discord稀ENERGY有,9755,18,61.1,2026-10-07T14:40:51
Samira,8,Kou,10271,77,50.6,2026-10-07T14:41:04
Samira,9,Gunrer,9622,88,62.5,2026-10-07T14:41:15
Samira,10,Theo 2010,9534,77,59.7,2026-10-07T14:41:27
Samira,11,Mohamadking,9079,51,54.9,2026-10-07T14:41:40
Samira,12,Chatarina,8988,24,70.8,2026-10-07T14:41:50
Samira,13,PaPaCiTo,8968,50,62.0,2026-10-07T14:42:03
Samira,14,yiğiitgedik,8796,16,75.0,2026-10-07T14:42:14
Samira,15,,8785,24,70.8,2026-10-07T14:42:26
Samira,16,Glezne Rupte,8787,73,67.1,2026-10-07T14:42:39
Samira,17,Solo Con Te,8579,50,62.0,2026-10-07T14:42:56
Samira,18,BG MACHINE,8579,56,60.7,2026-10-07T14:43:20
Samira,19,Spidey,8579,47,57.4,2026-10-07T14:43:43
Samira,20,muye,8823,19,57.9,2026-10-07T14:43:57
Samira,21,KGS,8423,86,43.0,2026-10-07T14:44:09
Samira,22,Bác Sĩ Sn La,8416,59,64.4,2026-10-07T14:44:20
Samira,23,Totenrausholer45,8412,164,51.8,2026-10-07T14:44:33
Samira,24,Perfect,8439,53,56.6,2026-10-07T14:44:45
Samira,25,Desert Rose,8332,22,63.6,2026-10-07T14:44:55
Samira,26,Kangaroo,8643,132,55.3,2026-10-07T14:45:08
Samira,27,Arthur Morgan,8352,17,76.5,2026-10-07T14:45:20
Samira,28,itSAMIRAcle,8309,63,60.3,2026-10-07T14:45:30
Samira,29,SunRiser,8332,39,64.1,2026-10-07T14:45:43
Samira,30,DESERT ROSE,8300,32,56.2,2026-10-07T14:45:53
Senna,1,Maya Berovic,11771,35,88.6,2026-10-07T17:04:27
Senna,2,Mihailo,11135,31,96.8,2026-10-07T17:04:37
Senna,3,lupino4,10524,33,72.7,2026-10-07T17:05:25
Senna,4,BIELKA22,10370,65,70.8,2026-10-07T17:05:36
Senna,5,Vat of Fake Acid,10135,51,62.7,2026-10-07T17:05:48
Senna,6,Inspire,10271,51,74.5,2026-10-07T17:05:58
Senna,7,ZORGAX,9953,52,63.5,2026-10-07T17:06:09
Senna,8,Gemini,9738,33,78.8,2026-10-07T17:06:20
Senna,9,Krø,9728,27,70.4,2026-10-07T17:06:29
Senna,10,yanealexey,9636,31,64.5,2026-10-07T17:06:42
Senna,11,feel the limits,10028,52,61.5,2026-10-07T17:06:51
Senna,12,Limbo,9741,26,69.2,2026-10-07T17:07:00
Senna,13,lornye,9377,38,73.7,2026-10-07T17:07:15
Senna,14,一口一个可露丽,9280,40,75.0,2026-10-07T17:07:29
Senna,15,Casien Dark,9274,39,66.7,2026-10-07T17:07:46
Senna,16,Tp Choi,9222,30,70.0,2026-10-07T17:08:05
Senna,17,Aypa C BapAaM,9221,53,67.9,2026-10-07T17:08:16
Senna,18,Shida,9143,30,76.7,2026-10-07T17:08:27
Senna,19,1MBIR,9201,33,63.6,2026-10-07T17:08:38
Senna,20,sunl3ear,9160,79,68.4,2026-10-07T17:08:50
Senna,21,Copycat,9062,21,71.4,2026-10-07T17:09:02
Senna,22,Tufted Snake,8975,36,80.6,2026-10-07T17:09:11
Senna,23,AveChristusRex,8886,23,73.9,2026-10-07T17:09:22
Senna,24,chama,8940,28,64.3,2026-10-07T17:09:33
Senna,25,morgadz,8812,29,82.8,2026-10-07T17:09:42
Senna,26,Wildflowering,8771,34,61.8,2026-10-07T17:09:53
Senna,27,SXT Mountin,8721,30,63.3,2026-10-07T17:10:02
Senna,28,TTV Abdof0g,8675,19,73.7,2026-10-07T17:10:13
Senna,29,BBthxforthewin,8606,46,63.0,2026-10-07T17:10:24
Senna,30,Skytouls,8579,20,90.0,2026-10-07T17:10:34
Seraphine,1,Darkxt,9843,33,69.7,2026-10-07T21:23:46
Seraphine,2,mel,9597,47,66.0,2026-10-07T21:24:04
Seraphine,3,Cølumbinä,8410,24,62.5,2026-10-07T21:24:15
Seraphine,4,糯啵迷路中,8159,59,35.6,2026-10-07T21:24:28
Seraphine,5,lornye,8434,34,47.1,2026-10-07T21:24:45
Seraphine,6,giang,8114,28,67.9,2026-10-07T21:24:56
Seraphine,7,BP rein,8099,29,62.1,2026-10-07T21:25:08
Seraphine,8,TurboPudge2007ru,7767,22,68.2,2026-10-07T21:25:20
Seraphine,9,Kiguelgaming,7641,44,59.1,2026-10-07T21:25:29
Seraphine,10,夜Emilia,7515,54,55.6,2026-10-07T21:25:41
Seraphine,11,ERKEK P4TL4T4N,7622,24,62.5,2026-10-07T21:25:52
Seraphine,12,1sivalavis,7513,32,59.4,2026-10-07T21:26:00
Seraphine,13,CatNap,7610,32,53.1,2026-10-07T21:26:11
Seraphine,14,SELENA,7674,47,59.6,2026-10-07T21:26:19
Seraphine,15,DELIX,7565,47,59.6,2026-10-07T21:26:31
Seraphine,16,Sera,7352,40,62.5,2026-10-07T21:26:41
Seraphine,17,whites,7303,65,63.1,2026-10-07T21:26:49
Seraphine,18,Penguwu,7252,13,92.3,2026-10-07T21:27:00
Seraphine,19,apc enjoyer,7250,100,46.0,2026-10-07T21:27:09
Seraphine,20,Víncere Áut Møri,7207,15,73.3,2026-10-07T21:27:19
Seraphine,21,AYAR,7555,25,72.0,2026-10-07T21:27:29
Seraphine,22,the boy savior,7196,89,60.7,2026-10-07T21:27:38
Seraphine,23,Emye,7133,39,64.1,2026-10-07T21:27:48
Seraphine,24,Copycat,7116,10,70.0,2026-10-07T21:27:58
Seraphine,25,Abricàt,7116,48,56.2,2026-10-07T21:28:05
Seraphine,26,Black777,7160,83,54.2,2026-10-07T21:28:15
Seraphine,27,Clem,7053,89,50.6,2026-10-07T21:28:23
Seraphine,28,dream 2 live,7196,48,75.0,2026-10-07T21:28:33
Seraphine,29,Ap Carry,6999,38,52.6,2026-10-07T21:28:43
Seraphine,30,Wolność,7069,19,63.2,2026-10-07T21:28:51
Sett,1,Bully Maguire,10670,45,64.4,2026-10-07T08:15:05
Sett,2,An1F1rst,10271,80,52.5,2026-10-07T08:15:18
Sett,3,乂艾歐尼亞之鋒乂,10256,68,52.9,2026-10-07T08:15:30
Sett,4,SETTOJI全員,10074,107,54.2,2026-10-07T08:15:42
Sett,5,经我也有过一颗完整的心,9959,32,65.6,2026-10-07T08:15:57
Sett,6,Retired toplane,9924,29,65.5,2026-10-07T08:16:09
Sett,7,拳王9,9782,39,76.9,2026-10-07T08:16:21
Sett,8,KYLIAN DICTATOR,9745,32,71.9,2026-10-07T08:16:31
Sett,9,DeaTh WhirLing,9534,56,58.9,2026-10-07T08:16:41
Sett,10,Yami Sukehiro,10227,130,56.9,2026-10-07T08:16:49
Sett,11,svileni junior,9534,153,52.9,2026-10-07T08:16:58
Sett,12,aLiViPeR,9761,66,47.0,2026-10-07T08:17:06
Sett,13,DarkIStar,6058,15,60.0,2026-10-07T08:17:16
Sett,14,Roronoa,9576,42,66.7,2026-10-07T08:17:26
Sett,15,MOKAROFA2009,9160,94,54.3,2026-10-07T08:17:34
Sett,16,,8841,30,73.3,2026-10-07T08:17:47
Sett,17,AIZEN,8785,65,53.8,2026-10-07T08:18:03
Sett,18,Sett enjoyer,8817,58,56.9,2026-10-07T08:18:15
Sett,19,I Must Break You,8820,44,45.5,2026-10-07T08:18:29
Sett,20,Settup,8607,76,47.4,2026-10-07T08:18:40
Sett,21,ElCorrompeMonjas,8579,23,73.9,2026-10-07T08:18:50
Sett,22,Gay love u,8491,82,52.4,2026-10-07T08:19:00
Sett,23,HatasızCool,8489,84,61.9,2026-10-07T08:19:08
Sett,24,FutaAddictFemboy,8480,20,75.0,2026-10-07T08:19:18
Sett,25,Serdoking,8463,33,69.7,2026-10-07T08:19:28
Sett,26,Eirene,8440,49,67.3,2026-10-07T08:19:36
Sett,27,Taco 龙威,9129,93,51.6,2026-10-07T08:19:46
Sett,28,Ogurii Capp,8415,33,63.6,2026-10-07T08:19:55
Sett,29,ning,8438,55,52.7,2026-10-07T08:20:05
Sett,30,Qwartz,8286,65,56.9,2026-10-07T08:20:17
Shen,1,慎念一,10621,108,67.6,2026-10-07T16:31:47
Shen,2,Yone Wick,10452,50,62.0,2026-10-07T16:32:00
Shen,3,dangelpap,10271,79,62.0,2026-10-07T16:32:16
Shen,4,Assasin,10031,39,76.9,2026-10-07T16:32:31
Shen,5,GGWP Svitania,9989,35,65.7,2026-10-07T16:32:47
Shen,6,Easy,10017,24,75.0,2026-10-07T16:33:00
Shen,7,ElTi,9730,35,51.4,2026-10-07T16:33:15
Shen,8,upaljač,9534,62,67.7,2026-10-07T16:33:29
Shen,9,SHIBA,9534,55,63.6,2026-10-07T16:33:41
Shen,10,XSPECTRA,9397,45,62.2,2026-10-07T16:34:03
Shen,11,SHENALDO,9100,53,58.5,2026-10-07T16:34:50
Shen,12,Nysaqwow,9308,96,62.5,2026-10-07T16:35:07
Shen,13,Bob Dit LAne,8964,50,66.0,2026-10-07T16:35:25
Shen,14,LuciferTheGod魔神,8958,38,63.2,2026-10-07T16:35:38
Shen,15,Karaj,8988,28,57.1,2026-10-07T16:35:55
Shen,16,TaTyua Ipo6neMM,8917,85,65.9,2026-10-07T16:36:20
Shen,17,peuzz,8785,36,69.4,2026-10-07T16:36:30
Shen,18,Rapwnzel,8579,46,82.6,2026-10-07T16:36:42
Shen,19,Ocean,8579,50,58.0,2026-10-07T16:36:54
Shen,20,LP Neklausk,8605,70,54.3,2026-10-07T16:37:03
Shen,21,YasouDz,8559,31,51.6,2026-10-07T16:37:14
Shen,22,KUDURTUCU76,8323,75,58.7,2026-10-07T16:37:23
Shen,23,k1p4eqq,8544,103,57.3,2026-10-07T16:37:38
Shen,24,Bullstar,8473,117,48.7,2026-10-07T16:37:56
Shen,25,si 91,8222,26,57.7,2026-10-07T16:38:10
Shen,26,Klngsman,8216,135,63.7,2026-10-07T16:38:27
Shen,27,sharonil47,8468,58,69.0,2026-10-07T16:38:43
Shen,28,好腰好慎好男人,1460,1,0.0,2026-10-07T16:38:56
Shen,29,YusufIslam,8140,55,60.0,2026-10-07T16:39:07
Shen,30,Ivxnsitoqf,8912,155,56.1,2026-10-07T16:39:16
Shyvana,1,AyWHbI,8971,25,76.0,2026-10-07T06:29:12
Shyvana,2,Zephyre,8366,45,71.1,2026-10-07T06:29:22
Shyvana,3,mengli,8482,125,48.8,2026-10-07T06:29:35
Shyvana,4,HannibalBarca,7998,24,79.2,2026-10-07T06:29:48
Shyvana,5,BOVALL,8018,28,60.7,2026-10-07T06:30:03
Shyvana,6,The FORGOTTEN,7957,25,52.0,2026-10-07T06:30:15
Shyvana,7,VampX,7891,27,63.0,2026-10-07T06:30:29
Shyvana,8,Jesse Pinkman,7871,32,71.9,2026-10-07T06:30:40
Shyvana,9,Labuche,7679,18,66.7,2026-10-07T06:30:50
Shyvana,10,1Pro vs 4Noob GG,7515,64,56.2,2026-10-07T06:31:03
Shyvana,11,Nashut,7579,42,50.0,2026-10-07T06:31:13
Shyvana,12,PRIME YUL,7834,19,89.5,2026-10-07T06:31:21
Shyvana,13,Neo,7476,45,48.9,2026-10-07T06:31:31
Shyvana,14,王逍遥alex,7743,27,51.9,2026-10-07T06:31:39
Shyvana,15,YBD KRAKEN,7412,15,46.7,2026-10-07T06:31:49
Shyvana,16,L9 XDDDDDDDDD,7403,29,51.7,2026-10-07T06:31:59
Shyvana,17,Vovashka,7539,30,50.0,2026-10-07T06:32:07
Shyvana,18,TATAROMONGOL,7342,29,72.4,2026-10-07T06:32:18
Shyvana,19,UNDxRGRxUND,7366,18,50.0,2026-10-07T06:32:27
Shyvana,20,LNG Savior,7230,10,70.0,2026-10-07T06:32:39
Shyvana,21,Link20,7015,56,58.9,2026-10-07T06:32:54
Shyvana,22,Jadiwn,6988,42,69.0,2026-10-07T06:33:06
Shyvana,23,Exotic—恶梦,6982,33,60.6,2026-10-07T06:33:20
Shyvana,24,RUN IF YOU CAN,7064,43,55.8,2026-10-07T06:33:33
Shyvana,25,Bentime,6897,71,56.3,2026-10-07T06:33:41
Shyvana,26,kindredbotora1,6847,64,48.4,2026-10-07T06:33:51
Shyvana,27,Peace,6943,26,42.3,2026-10-07T06:33:59
Shyvana,28,Julou,6936,60,65.0,2026-10-07T06:34:10
Shyvana,29,Emredersiniz,6737,31,54.8,2026-10-07T06:34:20
Shyvana,30,MasRa22,6736,14,71.4,2026-10-07T06:34:28
Singed,2,Dont Chase Me,9691,156,59.6,2026-10-07T13:36:37
Singed,3,z8七転八起,9534,113,51.3,2026-10-07T13:36:54
Singed,4,Silent Judge,9424,44,54.5,2026-10-07T13:37:10
Singed,5,Sinffull,9119,38,57.9,2026-10-07T13:37:27
Singed,6,PressQRunHAHA,8785,45,71.1,2026-10-07T13:37:40
Singed,7,alanly,8414,87,63.2,2026-10-07T13:37:55
Singed,8,MRF21,8406,44,56.8,2026-10-07T13:38:09
Singed,9,PERFECT CELL,8116,62,56.5,2026-10-07T13:38:27
Singed,10,K4CeCFMTJi8RBsZi,7921,52,53.8,2026-10-07T13:38:45
Singed,11,noescraft,7818,178,58.4,2026-10-07T13:39:07
Singed,12,GodlikeBee,7675,28,57.1,2026-10-07T13:39:23
Singed,13,pupuska,7717,46,63.0,2026-10-07T13:39:48
Singed,14,Ali029,7565,90,57.8,2026-10-07T13:40:12
Singed,15,Spoko Ziomek32,2185,4,50.0,2026-10-07T13:40:30
Singed,16,Illusion,7561,16,56.2,2026-10-07T13:40:46
Singed,17,Overpower,7196,87,60.9,2026-10-07T13:40:59
Singed,18,u mom upsidedown,7194,56,71.4,2026-10-07T13:41:14
Singed,19,Felice Maniero,7303,33,72.7,2026-10-07T13:41:32
Singed,20,Support Singed,7147,98,59.2,2026-10-07T13:41:49
Singed,21,Rank1Feeder,7082,35,68.6,2026-10-07T13:41:59
Singed,22,3Turrets2Cheese,7136,29,62.1,2026-10-07T13:42:21
Singed,24,Doudouh,6916,23,60.9,2026-10-07T13:43:19
Singed,25,DakhorZ,7196,112,54.5,2026-10-07T13:44:07
Singed,26,Martinson,7052,31,71.0,2026-10-07T13:44:25
Singed,27,Dushane,6846,83,53.0,2026-10-07T13:44:44
Singed,28,Chase4SumMilk,6828,29,55.2,2026-10-07T13:44:54
Singed,29,CNK Porkatal,6882,59,61.0,2026-10-07T13:45:07
Singed,30,jaaiski,7040,63,63.5,2026-10-07T13:45:19
Sion,1,Bastion Of Hope,10271,79,65.8,2026-10-07T17:18:43
Sion,2,BoogieWP,10271,136,51.5,2026-10-07T17:18:54
Sion,3,Sidrath,10059,94,57.4,2026-10-07T17:19:07
Sion,4,DemisSionMacron,9795,27,74.1,2026-10-07T17:19:19
Sion,5,KrAzY sion,9881,274,43.8,2026-10-07T17:19:33
Sion,6,有萌求求你别离开我我怕黑,9445,47,66.0,2026-10-07T17:19:45
Sion,7,Behlül,9278,30,60.0,2026-10-07T17:20:11
Sion,8,ZukSona,9164,100,47.0,2026-10-07T17:20:23
Sion,9,MYSTIKOVER,9160,43,58.1,2026-10-07T17:20:35
Sion,10,WhySoSeriousMan,8971,34,52.9,2026-10-07T17:20:50
Sion,11,Enkrid Grid,8828,63,50.8,2026-10-07T17:21:03
Sion,12,50eXeLaNS,8961,46,60.9,2026-10-07T17:21:17
Sion,14,DANYAR,8765,19,68.4,2026-10-07T17:23:20
Sion,15,Prodamp,8615,40,50.0,2026-10-07T17:23:29
Sion,16,Silence,8579,21,76.2,2026-10-07T17:23:40
Sion,17,leo4444,8626,17,58.8,2026-10-07T17:23:50
Sion,18,242×EGYBEST,8508,74,52.7,2026-10-07T17:23:59
Sion,19,HADES,8448,26,57.7,2026-10-07T17:24:10
Sion,20,沉重而炎热,8668,91,41.8,2026-10-07T17:24:19
Sion,21,onur angel,8147,32,68.8,2026-10-07T17:24:30
Sion,22,Rémi,8154,57,61.4,2026-10-07T17:24:41
Sion,23,MECHANICUS,8097,75,52.0,2026-10-07T17:24:50
Sion,24,mubiko9117,8115,33,63.6,2026-10-07T17:25:01
Sion,25,activiX,8060,17,64.7,2026-10-07T17:25:11
Sion,26,SION,8154,67,56.7,2026-10-07T17:25:20
Sion,27,a DutchLightskin,7987,25,72.0,2026-10-07T17:25:31
Sion,28,SkipLegDay,8178,35,60.0,2026-10-07T17:25:40
Sion,29,just ichi,7982,16,56.2,2026-10-07T17:25:51
Sion,30,TR Ryzê,7974,37,48.6,2026-10-07T17:26:02
Sivir,1,Shakira enjoyer,8603,42,61.9,2026-10-07T15:02:59
Sivir,2,XAYAH,8281,71,56.3,2026-10-07T15:03:19
Sivir,3,3Z彼,8262,50,52.0,2026-10-07T15:03:40
Sivir,4,STL FRYST,8198,48,54.2,2026-10-07T15:03:55
Sivir,5,keep it Real,7931,17,76.5,2026-10-07T15:04:09
Sivir,6,HiOne,7834,65,50.8,2026-10-07T15:04:19
Sivir,7,xF4T4L3RR0Rx,7687,91,49.5,2026-10-07T15:04:31
Sivir,8,moon,7506,15,73.3,2026-10-07T15:04:43
Sivir,9,UMBRA,7473,43,55.8,2026-10-07T15:04:52
Sivir,10,GeneralPH,7963,43,55.8,2026-10-07T15:05:04
Sivir,11,IllyrianKUSH,7420,26,50.0,2026-10-07T15:05:15
Sivir,12,Awakened Demon,7273,35,68.6,2026-10-07T15:05:25
Sivir,13,laurence,7152,30,53.3,2026-10-07T15:05:36
Sivir,14,IHI,7283,28,64.3,2026-10-07T15:05:46
Sivir,15,ABOBA ID,6851,18,61.1,2026-10-07T15:05:57
Sivir,16,Black Wolf,6923,41,46.3,2026-10-07T15:06:09
Sivir,17,Aerø,6860,27,66.7,2026-10-07T15:06:23
Sivir,18,Arank,7070,26,69.2,2026-10-07T15:06:42
Sivir,19,Birdkeeper,6756,17,64.7,2026-10-07T15:06:59
Sivir,20,Katinélis,6631,76,56.6,2026-10-07T15:07:20
Sivir,21,千锐博人,4215,9,66.7,2026-10-07T15:07:32
Sivir,22,Le Fabuleux,6773,37,56.8,2026-10-07T15:07:42
Sivir,23,Rusik,6749,39,53.8,2026-10-07T15:07:54
Sivir,24,dizzyness,6545,34,50.0,2026-10-07T15:08:06
Sivir,25,FuryEmotion,6517,32,46.9,2026-10-07T15:08:15
Sivir,26,SCARING THE HOES,6479,19,73.7,2026-10-07T15:08:27
Sivir,27,Bambibukas,6266,29,62.1,2026-10-07T15:08:39
Sivir,28,Çaydanlık,6273,48,58.3,2026-10-07T15:08:49
Sivir,29,yumeryu,6251,140,55.0,2026-10-07T15:09:00
Sivir,30,tavotevas813,6579,48,50.0,2026-10-07T15:09:10
Skarner,1,NexusPhoenix,10031,39,69.2,2026-10-07T16:23:20
Skarner,2,EinfachistGewinn,9160,44,65.9,2026-10-07T16:23:33
Skarner,3,1em,9069,16,68.8,2026-10-07T16:23:44
Skarner,4,LEO17,9026,43,41.9,2026-10-07T16:23:58
Skarner,5,YuraS,8856,54,57.4,2026-10-07T16:24:13
Skarner,6,RealKodi23,8733,265,46.8,2026-10-07T16:24:25
Skarner,7,Saphy,8743,34,58.8,2026-10-07T16:24:39
Skarner,8,BellaLove,8579,45,48.9,2026-10-07T16:24:53
Skarner,9,JG JuanDeLaCosa,8795,33,57.6,2026-10-07T16:25:04
Skarner,10,NunciaDolores,8457,29,48.3,2026-10-07T16:25:20
Skarner,11,,8288,47,68.1,2026-10-07T16:25:35
Skarner,12,YTV Ma,8260,44,68.2,2026-10-07T16:25:46
Skarner,13,我见鱼市星宿,8492,51,54.9,2026-10-07T16:25:59
Skarner,14,Kingo,8238,106,59.4,2026-10-07T16:26:10
Skarner,15,LnaHMA,8218,129,56.6,2026-10-07T16:26:23
Skarner,16,bBEKA H3 4B,8579,51,52.9,2026-10-07T16:26:41
Skarner,17,kindredbotora1,8263,47,57.4,2026-10-07T16:27:09
Skarner,18,IulianRo,7978,46,58.7,2026-10-07T16:27:53
Skarner,19,ShadowStorrm,7941,52,59.6,2026-10-07T16:28:22
Skarner,20,ETERNVL,7998,69,56.5,2026-10-07T16:28:46
Skarner,21,TheWildOnee,7844,32,62.5,2026-10-07T16:29:11
Skarner,22,Kreol,7941,48,66.7,2026-10-07T16:29:23
Skarner,23,AoD Bladnir,7780,27,66.7,2026-10-07T16:29:38
Skarner,24,BATOH COCKOB,7834,84,59.5,2026-10-07T16:29:50
Skarner,25,CMAZKA,7742,92,50.0,2026-10-07T16:30:01
Skarner,26,JohnCoffey,7515,49,71.4,2026-10-07T16:30:15
Skarner,27,兔子人柱力,7492,41,68.3,2026-10-07T16:30:26
Skarner,28,无敌LOL大王,7744,55,63.6,2026-10-07T16:30:43
Skarner,29,x0dy,7565,63,61.9,2026-10-07T16:30:56
Skarner,30,VOLDOGEDON,7381,57,52.6,2026-10-07T16:31:07
Smolder,1,DANIEL,10669,38,76.3,2026-10-07T18:56:01
Smolder,2,Ht Bia Bóp Lon,10663,35,74.3,2026-10-07T18:56:12
Smolder,3,Hope そ,10265,22,77.3,2026-10-07T18:56:33
Smolder,4,KoKonT派對,10182,35,60.0,2026-10-07T18:56:45
Smolder,5,LvL 2 Snorlax,10235,101,60.4,2026-10-07T18:57:02
Smolder,6,AETHER,10067,63,58.7,2026-10-07T18:57:22
Smolder,7,Messi,9856,34,58.8,2026-10-07T18:57:42
Smolder,8,Gokhain Delon,9890,35,62.9,2026-10-07T18:57:57
Smolder,9,Kou,9602,24,70.8,2026-10-07T18:58:08
Smolder,10,Alwaysnoobsup,9562,44,61.4,2026-10-07T18:58:46
Smolder,11,I AM AD Caryy,9553,70,54.3,2026-10-07T18:59:00
Smolder,12,oniki,9561,51,58.8,2026-10-07T18:59:13
Smolder,13,Ambush,9607,35,68.6,2026-10-07T18:59:32
Smolder,14,Estée Lauder,9459,17,88.2,2026-10-07T18:59:57
Smolder,15,看著我的眼睛,9415,41,61.0,2026-10-07T19:00:14
Smolder,16,Imm0rtal88,9326,65,53.8,2026-10-07T19:00:36
Smolder,17,evilANDfreaky,9559,89,56.2,2026-10-07T19:01:25
Smolder,18,MLV DrTesto,9354,27,51.9,2026-10-07T19:01:36
Smolder,19,TianTian,9265,48,64.6,2026-10-07T19:01:50
Smolder,20,Saki The Doctor,9190,36,66.7,2026-10-07T19:02:08
Smolder,21,Chinh zinh,9187,21,66.7,2026-10-07T19:02:21
Smolder,22,Mr EGO,9127,93,52.7,2026-10-07T19:02:39
Smolder,23,DaaaYm Toxic,9267,38,63.2,2026-10-07T19:02:54
Smolder,24,LFFS,9255,73,52.1,2026-10-07T19:03:11
Smolder,25,乡SKY乡,9238,33,57.6,2026-10-07T19:03:22
Smolder,26,Leviathan,8983,26,69.2,2026-10-07T19:03:32
Smolder,27,rin,9033,55,54.5,2026-10-07T19:03:47
Smolder,28,Nabii,9160,63,58.7,2026-10-07T19:03:56
Smolder,29,QK FingoLfin,8906,24,79.2,2026-10-07T19:04:06
Smolder,30,HAEDESxx,8886,62,54.8,2026-10-07T19:04:17
Sona,1,mel,10271,36,80.6,2026-10-07T06:23:50
Sona,2,心系小鱼,10206,31,83.9,2026-10-07T06:23:59
Sona,3,rosélla,10026,78,57.7,2026-10-07T06:24:12
Sona,4,Blåbärspaj,9529,69,65.2,2026-10-07T06:24:21
Sona,5,niffty,9845,88,67.0,2026-10-07T06:24:32
Sona,6,XeVoNx,9352,64,62.5,2026-10-07T06:24:41
Sona,7,dirty sanchez,9198,59,67.8,2026-10-07T06:24:52
Sona,8,Lean 嫌い,8355,22,59.1,2026-10-07T06:25:02
Sona,9,azraicardi,9376,28,64.3,2026-10-07T06:25:10
Sona,10,Casien Dark,9053,27,70.4,2026-10-07T06:25:20
Sona,11,J乔安娜,8709,34,58.8,2026-10-07T06:25:30
Sona,12,听我说,8758,32,68.8,2026-10-07T06:25:38
Sona,13,LaSécurité,8366,63,61.9,2026-10-07T06:25:49
Sona,14,Walterio,8097,55,63.6,2026-10-07T06:26:00
Sona,15,一口一个可露丽,8070,19,78.9,2026-10-07T06:26:16
Sona,16,Zephlear,8179,48,60.4,2026-10-07T06:26:30
Sona,17,Lexx,7987,39,66.7,2026-10-07T06:26:42
Sona,18,asura,7977,90,65.6,2026-10-07T06:26:54
Sona,19,Basil,7965,42,76.2,2026-10-07T06:27:04
Sona,20,AAA狂野大铃兰,7834,53,71.7,2026-10-07T06:27:13
Sona,21,Severus Snape,7915,31,54.8,2026-10-07T06:27:29
Sona,22,玛卡巴卡劈山救母,7803,29,62.1,2026-10-07T06:27:41
Sona,23,WRSonaBoost,7645,64,57.8,2026-10-07T06:27:49
Sona,24,ohoh,5170,25,40.0,2026-10-07T06:27:59
Sona,25,总困枷锁,7673,25,48.0,2026-10-07T06:28:08
Sona,26,soulbound,7567,37,67.6,2026-10-07T06:28:20
Sona,27,I want theCookie,7515,42,66.7,2026-10-07T06:28:29
Sona,28,VOID,7568,46,58.7,2026-10-07T06:28:37
Sona,29,queserasera,7561,21,47.6,2026-10-07T06:28:47
Sona,30,deleted,7577,78,53.8,2026-10-07T06:28:57
Soraka,1,lupino4,10021,47,57.4,2026-10-07T13:45:48
Soraka,2,HouseIsOnFire,9359,69,65.2,2026-10-07T13:46:00
Soraka,3,DNNYS,9476,119,63.0,2026-10-07T13:46:13
Soraka,4,ERVAM,8663,100,58.0,2026-10-07T13:46:25
Soraka,5,am I dreaming,8481,20,90.0,2026-10-07T13:46:40
Soraka,6,Phuongny,8380,37,67.6,2026-10-07T13:46:52
Soraka,7,Rayzer,8343,25,68.0,2026-10-07T13:47:06
Soraka,8,LeGy,8274,44,54.5,2026-10-07T13:47:19
Soraka,9,SKT1 Keria,8597,129,65.9,2026-10-07T13:47:30
Soraka,10,Your Angel,8180,22,90.9,2026-10-07T13:47:43
Soraka,11,1amLucid,8124,34,79.4,2026-10-07T13:47:57
Soraka,12,cherryshelly,8282,67,47.8,2026-10-07T13:48:08
Soraka,13,azraicardi,7963,13,76.9,2026-10-07T13:48:21
Soraka,14,糯啵迷路中,7933,42,54.8,2026-10-07T13:48:32
Soraka,15,Sophia,7815,29,62.1,2026-10-07T13:50:53
Soraka,16,AdcBark4TheQueen,2568,5,40.0,2026-10-07T13:51:11
Soraka,17,Raimus,7632,46,71.7,2026-10-07T13:51:28
Soraka,18,merkürkedisi,7565,82,63.4,2026-10-07T13:51:54
Soraka,19,Rhea雪,7638,21,66.7,2026-10-07T13:52:15
Soraka,20,Proeloello,7588,96,53.1,2026-10-07T13:52:31
Soraka,21,paws at him,7423,7,85.7,2026-10-07T13:52:48
Soraka,22,Ellalein,7422,40,72.5,2026-10-07T13:52:58
Soraka,23,Clynelouy,7535,53,69.8,2026-10-07T13:53:15
Soraka,24,moinimoinmoin,7676,23,82.6,2026-10-07T13:53:27
Soraka,25,TheShadowEyes,7433,79,55.7,2026-10-07T13:53:36
Soraka,26,Amoo ehsan,7352,54,70.4,2026-10-07T13:53:48
Soraka,27,Rizel,7641,169,55.0,2026-10-07T13:53:58
Soraka,28,HEADHUNTER,7322,41,61.0,2026-10-07T13:54:10
Soraka,29,cTpaxyHo AMYKM,7452,71,59.2,2026-10-07T13:54:22
Soraka,30,A350XWB or Sora,7622,124,57.3,2026-10-07T13:54:32
Swain,1,LouisLêKhôi O7,11368,76,61.8,2026-10-07T17:26:18
Swain,2,LEO17,10494,79,44.3,2026-10-07T17:26:27
Swain,3,Rits xong Cook,10271,30,70.0,2026-10-07T17:26:37
Swain,4,陽MINIジャングルの王,4215,21,38.1,2026-10-07T17:26:48
Swain,5,VN LEVI,10024,47,61.7,2026-10-07T17:27:01
Swain,6,LackiOTxacki,9894,73,49.3,2026-10-07T17:27:11
Swain,7,MESSIWAIN,9658,84,58.3,2026-10-07T17:27:24
Swain,8,有萌求求你别离开我我怕黑,9154,33,60.6,2026-10-07T17:27:35
Swain,9,LIŽEMenstruaciju,9033,28,60.7,2026-10-07T17:27:44
Swain,10,MarshallMars,8785,71,62.0,2026-10-07T17:27:57
Swain,11,沉浮于世的微尘,8672,25,80.0,2026-10-07T17:28:09
Swain,12,hypocrite,8522,31,54.8,2026-10-07T17:28:21
Swain,13,Voldemon Horton,8218,69,53.6,2026-10-07T17:28:35
Swain,14,Kavé,8235,64,56.2,2026-10-07T17:28:45
Swain,15,Ti Sao Bé 0 lc,7879,13,69.2,2026-10-07T17:29:03
Swain,16,xYME,7823,27,59.3,2026-10-07T17:29:23
Swain,17,InkMolediver,,,0.0,2026-10-07T17:29:34
Swain,18,TheLiloO,7661,16,62.5,2026-10-07T17:29:47
Swain,19,最佳中单斯维因,7952,26,46.2,2026-10-07T17:30:03
Swain,20,xlolx,7565,106,55.7,2026-10-07T17:30:22
Swain,21,DONEE,7565,52,69.2,2026-10-07T17:30:38
Swain,22,QaTaRSmurf,7661,105,49.5,2026-10-07T17:30:47
Swain,23,AMOXEO,7515,109,54.1,2026-10-07T17:30:59
Swain,24,ZQX,7515,86,62.8,2026-10-07T17:31:14
Swain,25,FX7 XS,7483,40,52.5,2026-10-07T17:31:24
Swain,27,Aybars06,7386,19,42.1,2026-10-07T17:31:45
Swain,28,Shiroi Kami,7280,23,60.9,2026-10-07T17:31:57
Swain,29,GUB,7222,22,45.5,2026-10-07T17:32:08
Swain,30,Gres,7313,66,45.5,2026-10-07T17:32:18
Syndra,1,Krony 将軍,10491,65,66.2,2026-10-07T04:31:56
Syndra,2,Meine Liebe ZB,10271,42,69.0,2026-10-07T04:32:08
Syndra,3,ren,10271,46,84.8,2026-10-07T04:32:19
Syndra,4,OwnZ,10271,89,61.8,2026-10-07T04:32:33
Syndra,5,cTeqaHn,10238,51,52.9,2026-10-07T04:32:49
Syndra,6,GKing,10181,81,56.8,2026-10-07T04:33:00
Syndra,7,dersoon,10208,45,73.3,2026-10-07T04:33:16
Syndra,8,Legend,9757,47,63.8,2026-10-07T04:33:28
Syndra,9,ΔΠψψΠΔ,9602,45,68.9,2026-10-07T04:33:38
Syndra,10,meoww,9494,51,52.9,2026-10-07T04:33:48
Syndra,11,면쪽이,9388,66,57.6,2026-10-07T04:33:59
Syndra,12,I need a footjob,9569,37,73.0,2026-10-07T04:34:07
Syndra,13,KISHIBE,9276,58,56.9,2026-10-07T04:34:17
Syndra,14,MegaMage,9244,44,61.4,2026-10-07T04:34:25
Syndra,15,BiOohazarDd,9218,95,58.9,2026-10-07T04:34:36
Syndra,16,Emperor,9190,86,61.6,2026-10-07T04:34:46
Syndra,17,没收玳培威DONA,9472,42,54.8,2026-10-07T04:34:57
Syndra,18,CENGÍZ KURTOČLU,9115,26,80.8,2026-10-07T04:35:13
Syndra,19,feel the limits,9046,93,53.8,2026-10-07T04:35:25
Syndra,20,bob the sexy man,8856,24,70.8,2026-10-07T04:35:39
Syndra,21,stiplerdinho,8785,24,70.8,2026-10-07T04:35:52
Syndra,22,IIBaDIIBlooDII,8775,28,60.7,2026-10-07T04:36:00
Syndra,23,Brat Summer,8715,21,61.9,2026-10-07T04:36:10
Syndra,24,witch doll,8738,29,79.3,2026-10-07T04:36:20
Syndra,25,NAshux,8796,102,61.8,2026-10-07T04:36:28
Syndra,26,干着急不想动的mid,8639,23,73.9,2026-10-07T04:36:37
Syndra,27,KDA,8785,37,64.9,2026-10-07T04:36:45
Syndra,28,VITALIS,8590,43,53.5,2026-10-07T04:36:55
Syndra,29,ZOX,8579,41,70.7,2026-10-07T04:37:04
Syndra,30,GENCOTR,9238,46,60.9,2026-10-07T04:37:12
Taliyah,1,PコSに,11099,122,57.4,2026-10-07T19:26:57
Taliyah,2,Decade,5866,19,47.4,2026-10-07T19:27:08
Taliyah,3,Kireas,9423,29,65.5,2026-10-07T19:27:19
Taliyah,4,HazeBusters,9285,48,60.4,2026-10-07T19:27:42
Taliyah,5,Hidden Mosquito,9508,48,70.8,2026-10-07T19:28:00
Taliyah,6,Baby Rayane,9102,107,71.0,2026-10-07T19:28:13
Taliyah,7,Zenno,8890,61,59.0,2026-10-07T19:28:23
Taliyah,8,SwtosV,9435,62,45.2,2026-10-07T19:28:35
Taliyah,9,ELEFUL AKIDE,8787,131,55.7,2026-10-07T19:28:45
Taliyah,10,Rigby,8478,94,52.1,2026-10-07T19:28:58
Taliyah,11,bleedblood,8324,52,63.5,2026-10-07T19:29:14
Taliyah,12,净天Thorvex,8294,60,53.3,2026-10-07T19:29:27
Taliyah,13,Aldin,8281,27,44.4,2026-10-07T19:29:43
Taliyah,14,半ばMarkitus,8096,17,58.8,2026-10-07T19:30:01
Taliyah,15,KayaL WR,8644,15,66.7,2026-10-07T19:30:16
Taliyah,16,StarPlatinum,8057,29,69.0,2026-10-07T19:30:32
Taliyah,17,twinky pie,8083,14,64.3,2026-10-07T19:30:44
Taliyah,18,charlotte linlin,8018,30,76.7,2026-10-07T19:30:59
Taliyah,19,香干肉丝面,7834,33,57.6,2026-10-07T19:31:11
Taliyah,20,LyMaAa,7917,30,63.3,2026-10-07T19:31:20
Taliyah,21,WoS,7984,28,60.7,2026-10-07T19:31:32
Taliyah,22,PentaDD10,7843,72,50.0,2026-10-07T19:31:47
Taliyah,23,20cm madije,8051,70,48.6,2026-10-07T19:33:16
Taliyah,24,RBP Brokend,7698,49,63.3,2026-10-07T19:33:37
Taliyah,25,NO SMÍTE CLID,7893,64,59.4,2026-10-07T19:33:47
Taliyah,26,Bankai,8019,36,58.3,2026-10-07T19:33:59
Taliyah,27,vitalewski,7571,25,56.0,2026-10-07T19:34:12
Taliyah,28,Hate me,,,17.6,2026-10-07T19:34:21
Taliyah,29,Maksim,7671,101,52.5,2026-10-07T19:34:32
Taliyah,30,かMøzzie,7731,17,52.9,2026-10-07T19:34:41
Talon,1,芜湖湖,10719,39,79.5,2026-10-07T17:41:43
Talon,2,#禾吞,10271,60,63.3,2026-10-07T17:41:55
Talon,3,retired Noname,10769,43,65.1,2026-10-07T17:42:06
Talon,4,Yasuo,5749,22,40.9,2026-10-07T17:42:18
Talon,5,WeseyS菜,9323,58,60.3,2026-10-07T17:42:34
Talon,6,YOSHIMITSU,9337,46,52.2,2026-10-07T17:42:46
Talon,7,沃洛佳,9242,33,63.6,2026-10-07T17:42:59
Talon,8,baby cute,8937,31,54.8,2026-10-07T17:43:12
Talon,9,41) DEVRILMEZ,8842,54,57.4,2026-10-07T17:43:23
Talon,10,MoliOn,8785,47,57.4,2026-10-07T17:43:38
Talon,11,en feu,8967,29,62.1,2026-10-07T17:43:51
Talon,12,ChemmV not SAD,8785,45,66.7,2026-10-07T17:44:02
Talon,13,GRIPEXV2,8579,40,55.0,2026-10-07T17:44:15
Talon,14,MordreD,8592,40,50.0,2026-10-07T17:44:25
Talon,15,GO BEYOND,8708,23,56.5,2026-10-07T17:44:39
Talon,16,ZzJie,8447,38,55.3,2026-10-07T17:45:00
Talon,17,铁观音奶冻,8478,29,62.1,2026-10-07T17:45:13
Talon,18,River,8433,45,55.6,2026-10-07T17:45:35
Talon,19,Kumke,8298,27,66.7,2026-10-07T17:46:34
Talon,20,Focus Me Pls,8319,18,77.8,2026-10-07T17:47:15
Talon,21,AYAKA SIMP,8407,61,57.4,2026-10-07T17:47:36
Talon,22,God Of The Talon,8070,32,62.5,2026-10-07T17:47:52
Talon,23,Vigilantes,8124,81,48.1,2026-10-07T17:48:05
Talon,24,SsS Jungler,7990,46,69.6,2026-10-07T17:48:15
Talon,25,Wind,7834,61,65.6,2026-10-07T17:48:28
Talon,26,Th0niY,7834,22,77.3,2026-10-07T17:48:39
Talon,27,despair,8015,55,56.4,2026-10-07T17:48:52
Talon,28,not adequate,7806,28,64.3,2026-10-07T17:49:04
Talon,29,EZIO,8154,87,49.4,2026-10-07T17:49:15
Talon,30,yule3,7632,14,64.3,2026-10-07T17:49:27
Teemo,1,StrikinBeast,10271,149,54.4,2026-10-07T06:12:52
Teemo,2,LOL DEVS SCAM,10213,56,64.3,2026-10-07T06:13:06
Teemo,3,TwitchYT HolyWR,10271,86,55.8,2026-10-07T06:13:33
Teemo,4,Dogsht,10031,64,60.9,2026-10-07T06:13:44
Teemo,5,BOPE LOPES,9455,62,51.6,2026-10-07T06:13:55
Teemo,6,Skapiec,8663,37,59.5,2026-10-07T06:14:04
Teemo,7,Kumamon,8435,24,75.0,2026-10-07T06:14:14
Teemo,8,Deadshot,8366,42,64.3,2026-10-07T06:14:24
Teemo,9,GrandDuelistYT,8785,33,57.6,2026-10-07T06:14:32
Teemo,10,iliasAMG,8353,21,57.1,2026-10-07T06:14:42
Teemo,11,沉重而炎热,8288,113,55.8,2026-10-07T06:14:52
Teemo,12,Scout Of Bantam,8254,84,57.1,2026-10-07T06:15:00
Teemo,13,Kali,8228,33,63.6,2026-10-07T06:15:13
Teemo,14,Nariz570,8243,68,66.2,2026-10-07T06:15:26
Teemo,15,WOW,8416,73,52.1,2026-10-07T06:15:40
Teemo,16,SirCoco,8169,24,62.5,2026-10-07T06:15:55
Teemo,17,description,8145,69,56.5,2026-10-07T06:16:05
Teemo,18,My lil shroom,7941,40,55.0,2026-10-07T06:16:14
Teemo,19,Paya,7884,37,70.3,2026-10-07T06:16:22
Teemo,20,CCA EPIC,7905,30,70.0,2026-10-07T06:16:33
Teemo,21,turkish cargo,7820,34,64.7,2026-10-07T06:16:43
Teemo,22,Gold Dealer,7834,58,56.9,2026-10-07T06:16:51
Teemo,23,Marshall Tito,7671,60,53.3,2026-10-07T06:17:07
Teemo,24,TPAXHYA EAEKY,7671,49,57.1,2026-10-07T06:17:18
Teemo,25,,7645,20,60.0,2026-10-07T06:17:26
Teemo,26,wyrewolwerowany,7636,53,58.5,2026-10-07T06:17:36
Teemo,27,SElf,8309,121,57.0,2026-10-07T06:17:46
Teemo,28,NoAnMBaceuHMK,7575,70,55.7,2026-10-07T06:17:58
Teemo,29,Vadide PANKYY,7561,26,57.7,2026-10-07T06:18:10
Teemo,30,성자이모,7544,30,70.0,2026-10-07T06:18:19
Thresh,1,冥灯引魂SSQ,12148,140,60.0,2026-10-07T17:57:24
Thresh,2,XANAX,11053,52,61.5,2026-10-07T17:57:34
Thresh,3,Rukayz,10694,83,66.3,2026-10-07T17:57:44
Thresh,4,Jap10,10114,62,58.1,2026-10-07T17:57:56
Thresh,5,天之裔皮可蜥,10047,32,68.8,2026-10-07T17:58:09
Thresh,6,Moan For Daddy,10039,97,53.6,2026-10-07T17:58:20
Thresh,7,DzMafia88,9930,59,50.8,2026-10-07T17:58:34
Thresh,8,Dehumanized,9923,196,51.0,2026-10-07T17:58:49
Thresh,9,勾勾勾勾勾勾,9793,89,59.6,2026-10-07T17:59:00
Thresh,10,Noev,9315,60,68.3,2026-10-07T17:59:16
Thresh,11,Krø,9738,46,52.2,2026-10-07T17:59:30
Thresh,12,Treshhhold,9525,84,54.8,2026-10-07T17:59:42
Thresh,13,Niki Lauda,9285,86,62.8,2026-10-07T17:59:59
Thresh,14,BigBellyDude,9279,52,57.7,2026-10-07T18:00:25
Thresh,15,语总迟,9343,180,53.9,2026-10-07T18:00:45
Thresh,16,ryan,9101,169,55.6,2026-10-07T18:01:02
Thresh,17,802 biggie,9109,45,62.2,2026-10-07T18:01:16
Thresh,18,网抑云,9160,171,60.8,2026-10-07T18:01:34
Thresh,19,MERGEN,8998,71,63.4,2026-10-07T18:01:52
Thresh,20,EEELLi 5,8961,33,69.7,2026-10-07T18:02:05
Thresh,21,Thresh bless you,8842,77,61.0,2026-10-07T18:02:18
Thresh,22,PaddeDagge,8787,91,57.1,2026-10-07T18:02:29
Thresh,23,Vesmann,8785,27,63.0,2026-10-07T18:02:47
Thresh,24,HookFromHell,8785,41,63.4,2026-10-07T18:02:58
Thresh,25,Rank 1 Thresh,8975,81,64.2,2026-10-07T18:03:08
Thresh,26,kubmef,8663,56,60.7,2026-10-07T18:03:19
Thresh,27,H3xHook,8597,87,63.2,2026-10-07T18:03:31
Thresh,28,IX ShadowLantern,8663,104,59.6,2026-10-07T18:03:40
Thresh,29,Kir tu 14 masoom,8454,45,55.6,2026-10-07T18:03:52
Thresh,30,怎么这么折磨,8414,24,66.7,2026-10-07T18:04:03
Tristana,1,玳培加威Mufn1015,10299,28,71.4,2026-10-07T21:47:19
Tristana,2,DANIEL,10067,40,62.5,2026-10-07T21:47:30
Tristana,3,Filip car grr,10033,42,64.3,2026-10-07T21:47:41
Tristana,4,yancavuz,10214,26,76.9,2026-10-07T21:49:23
Tristana,5,Mrky,9700,51,60.8,2026-10-07T21:49:49
Tristana,6,Monever,9416,36,75.0,2026-10-07T21:50:01
Tristana,7,RBP Aisaac,9334,47,59.6,2026-10-07T21:50:25
Tristana,8,FORNAKS,9404,32,71.9,2026-10-07T21:50:47
Tristana,9,BOPE GIBÃO,9293,38,63.2,2026-10-07T21:51:03
Tristana,10,Lunar Eclipse,9221,34,58.8,2026-10-07T21:51:29
Tristana,11,kore,8963,83,66.3,2026-10-07T21:51:48
Tristana,12,TexaSLiVayne,9272,181,47.5,2026-10-07T21:51:58
Tristana,13,Susudayo,8922,49,61.2,2026-10-07T21:52:18
Tristana,14,Lafitte,8833,37,56.8,2026-10-07T21:52:32
Tristana,15,Fushtey,8535,26,61.5,2026-10-07T21:52:42
Tristana,16,BloodedScream666,8475,19,63.2,2026-10-07T21:52:54
Tristana,17,HULKEKMEGI,8607,122,51.6,2026-10-07T21:53:04
Tristana,18,Khat,8580,103,54.4,2026-10-07T21:53:16
Tristana,19,thermeirly,8506,105,57.1,2026-10-07T21:53:27
Tristana,20,Uliqiorra,8312,45,51.1,2026-10-07T21:53:37
Tristana,21,Dio,8673,52,53.8,2026-10-07T21:53:57
Tristana,22,Jona14,8210,55,52.7,2026-10-07T21:54:18
Tristana,23,KingRammy,8208,42,69.0,2026-10-07T21:54:34
Tristana,24,塗YAKUZA塗,8322,60,55.0,2026-10-07T21:54:54
Tristana,25,Djo,7951,30,56.7,2026-10-07T21:55:21
Tristana,26,yAmi,7945,30,63.3,2026-10-07T21:55:34
Tristana,27,quadro,7941,78,52.6,2026-10-07T21:55:51
Tristana,28,車臣FORWARDS95,8357,53,58.5,2026-10-07T21:56:18
Tristana,29,Yemisticrac,7969,37,54.1,2026-10-07T21:56:29
Tristana,30,DonLastano,7889,54,55.6,2026-10-07T21:56:41
Tryndamere,1,BugCat,10271,169,50.3,2026-10-07T03:42:36
Tryndamere,2,Floks,9140,153,56.2,2026-10-07T03:42:45
Tryndamere,4,Cecilia,8889,59,55.9,2026-10-07T03:44:02
Tryndamere,5,DREKAVATZ,8685,88,59.1,2026-10-07T03:44:17
Tryndamere,6,CuBi,8428,31,58.1,2026-10-07T03:44:26
Tryndamere,7,T1 Mika Is Back,8590,29,75.9,2026-10-07T03:44:36
Tryndamere,8,Maminchlen,8106,107,52.3,2026-10-07T03:44:46
Tryndamere,9,TRY MAN,7990,82,53.7,2026-10-07T03:44:54
Tryndamere,10,vdzhe0x,8248,41,58.5,2026-10-07T03:45:04
Tryndamere,11,drewderickJR,7870,79,46.8,2026-10-07T03:45:14
Tryndamere,12,DIABLO,7913,50,58.0,2026-10-07T03:45:22
Tryndamere,13,Tired Darius,7711,35,62.9,2026-10-07T03:45:32
Tryndamere,14,El sisu,7866,67,53.7,2026-10-07T03:45:40
Tryndamere,15,Aristo1,7565,83,59.0,2026-10-07T03:45:50
Tryndamere,16,gasmiley,7515,35,77.1,2026-10-07T03:46:00
Tryndamere,17,VVeasel,7309,30,53.3,2026-10-07T03:46:09
Tryndamere,18,OLIWIER GOŁAB,7303,73,57.5,2026-10-07T03:46:19
Tryndamere,19,777 13,7287,53,66.0,2026-10-07T03:46:27
Tryndamere,20,mtolj3,7196,62,61.3,2026-10-07T03:46:37
Tryndamere,21,IckyTumpher,7196,66,56.1,2026-10-07T03:46:46
Tryndamere,22,Ale maze Yt,7162,41,78.0,2026-10-07T03:46:55
Tryndamere,23,II TRYNDV II,7392,45,57.8,2026-10-07T03:47:05
Tryndamere,24,NOT Tony Dau,7461,51,58.8,2026-10-07T03:47:13
Tryndamere,25,SRT,7205,32,62.5,2026-10-07T03:47:24
Tryndamere,26,Kekrendi,7258,50,50.0,2026-10-07T03:47:34
Tryndamere,27,abu dhabi,7264,64,48.4,2026-10-07T03:47:42
Tryndamere,28,BremBo123,7059,65,56.9,2026-10-07T03:47:51
Tryndamere,29,Diff,6923,44,59.1,2026-10-07T03:48:02
Tryndamere,30,chaoticgabe,2659,8,37.5,2026-10-07T03:48:10
Twisted Fate,1,Supwassup,10271,189,52.4,2026-10-07T04:37:38
Twisted Fate,2,efe,10031,96,60.4,2026-10-07T04:37:48
Twisted Fate,3,XxDeMoNyxX,10271,105,58.1,2026-10-07T04:37:57
Twisted Fate,4,Option one,9534,80,60.0,2026-10-07T04:38:15
Twisted Fate,5,Yoksaol,9434,47,63.8,2026-10-07T04:38:34
Twisted Fate,6,itachizusano,9340,142,52.1,2026-10-07T04:38:46
Twisted Fate,7,Aawa,9157,96,54.2,2026-10-07T04:39:00
Twisted Fate,8,Ras24,8977,23,65.2,2026-10-07T04:39:13
Twisted Fate,9,si 91,8896,51,54.9,2026-10-07T04:39:24
Twisted Fate,11,Playboy,9121,150,53.3,2026-10-07T04:39:46
Twisted Fate,12,Yy just R,8750,34,55.9,2026-10-07T04:39:55
Twisted Fate,13,uL ShowMaker,8960,47,57.4,2026-10-07T04:40:05
Twisted Fate,15,Zed The Ripper,8423,47,55.3,2026-10-07T04:40:24
Twisted Fate,16,Cưng cáo,8238,27,66.7,2026-10-07T04:40:35
Twisted Fate,17,PコSに,8221,26,57.7,2026-10-07T04:40:46
Twisted Fate,18,as a Glitch,8205,25,60.0,2026-10-07T04:41:15
Twisted Fate,19,BOTEXE,8295,102,55.9,2026-10-07T04:41:28
Twisted Fate,20,FurBur,8255,31,58.1,2026-10-07T04:41:42
Twisted Fate,21,81192,8134,16,75.0,2026-10-07T04:41:57
Twisted Fate,22,tiktokBOLULUBABA,8255,138,73.2,2026-10-07T04:42:05
Twisted Fate,23,冒充职业中单,8057,19,52.6,2026-10-07T04:42:15
Twisted Fate,24,TDLP Yuichiro,7990,46,65.2,2026-10-07T04:42:25
Twisted Fate,25,JAYK ITND6MUI,8347,84,65.5,2026-10-07T04:42:33
Twisted Fate,26,Pinoy or bisaya,7834,25,80.0,2026-10-07T04:42:43
Twisted Fate,27,Canhopeless,7882,14,64.3,2026-10-07T04:42:54
Twisted Fate,28,YEKBUN,7834,111,55.9,2026-10-07T04:43:02
Twisted Fate,29,KUJI KIOTO,5986,37,48.6,2026-10-07T04:43:12
Twisted Fate,30,ZümrütRünRuhu,7799,60,60.0,2026-10-07T04:43:20
Twitch,1,SSS Ton 618,10271,57,59.6,2026-10-07T06:47:02
Twitch,2,如果云知道,10271,52,61.5,2026-10-07T06:47:11
Twitch,3,a2ce,10250,35,77.1,2026-10-07T06:47:22
Twitch,4,OZAN ARSLAN,10031,42,64.3,2026-10-07T06:47:31
Twitch,5,Møribundo,10084,70,57.1,2026-10-07T06:47:43
Twitch,6,LâmTLinh,9876,77,48.1,2026-10-07T06:47:52
Twitch,7,リゼ口MonkeyyRBD,9218,42,61.9,2026-10-07T06:48:03
Twitch,8,PlsDontCryy,9360,128,57.8,2026-10-07T06:48:16
Twitch,9,三YABGU三,9098,57,52.6,2026-10-07T06:48:26
Twitch,10,L9 XDDDDDDDDD,9120,42,66.7,2026-10-07T06:48:38
Twitch,11,Falko,8965,28,82.1,2026-10-07T06:48:52
Twitch,12,Paka,8820,37,67.6,2026-10-07T06:49:03
Twitch,13,KHAØSD3MON,6525,18,38.9,2026-10-07T06:49:17
Twitch,14,SosalWrboost,8785,54,55.6,2026-10-07T06:49:30
Twitch,15,Ginger kingg,8390,34,64.7,2026-10-07T06:49:49
Twitch,16,Chi Ôm Tru Thôi,8718,28,82.1,2026-10-07T06:49:59
Twitch,17,Xen,8361,28,64.3,2026-10-07T06:50:07
Twitch,18,Dio,8349,37,59.5,2026-10-07T06:50:17
Twitch,19,스페이스글라이더의 신,8260,59,55.9,2026-10-07T06:50:29
Twitch,20,GorgonzolaGlider,3933,12,41.7,2026-10-07T06:50:42
Twitch,21,low wr king,8244,71,52.1,2026-10-07T06:50:59
Twitch,22,你说爱像云,8228,46,67.4,2026-10-07T06:51:18
Twitch,23,Vsbund,8651,118,59.3,2026-10-07T06:51:27
Twitch,24,kardeslerpide,8207,24,62.5,2026-10-07T06:51:38
Twitch,25,RatPlague,8287,53,62.3,2026-10-07T06:51:46
Twitch,26,zoomies,8622,107,46.7,2026-10-07T06:51:56
Twitch,27,Radom9182,8138,44,61.4,2026-10-07T06:52:06
Twitch,28,影コウモリ,7884,46,58.7,2026-10-07T06:52:14
Twitch,29,Pow Pow,7952,55,49.1,2026-10-07T06:52:25
Twitch,30,Timoui,8027,111,45.9,2026-10-07T06:52:33
Urgot,1,69Savage,10678,127,57.5,2026-10-07T14:24:20
Urgot,2,vadimon10,9534,62,64.5,2026-10-07T14:24:32
Urgot,3,BlackyROUX,9680,224,48.7,2026-10-07T14:24:43
Urgot,4,六脚SOLO,3164,11,54.5,2026-10-07T14:24:54
Urgot,5,AfD FearTheUrgot,8581,88,55.7,2026-10-07T14:25:10
Urgot,6,Elitekillerzz,8341,101,55.4,2026-10-07T14:25:20
Urgot,7,PalantiR,8097,48,64.6,2026-10-07T14:25:34
Urgot,8,difox,8057,23,73.9,2026-10-07T14:25:46
Urgot,9,Alprcan,7834,82,61.0,2026-10-07T14:25:56
Urgot,10,Fistiks,7905,56,50.0,2026-10-07T14:26:08
Urgot,11,Dalia Rôck,7868,65,46.2,2026-10-07T14:26:20
Urgot,12,Scarygrandpa,7889,116,50.9,2026-10-07T14:26:31
Urgot,13,Esadatantay,7740,64,53.1,2026-10-07T14:26:43
Urgot,14,Pokerist,7980,49,59.2,2026-10-07T14:26:55
Urgot,15,RedJohn,7628,82,51.2,2026-10-07T14:27:06
Urgot,16,maAnycMy,7608,27,59.3,2026-10-07T14:27:26
Urgot,17,kicheu,7511,77,55.8,2026-10-07T14:27:44
Urgot,18,JoveLight,7735,182,49.5,2026-10-07T14:28:04
Urgot,19,AVBED1T,7440,167,48.5,2026-10-07T14:28:21
Urgot,20,Olivia Rosemary,7438,37,62.2,2026-10-07T14:28:32
Urgot,21,Jinso,7493,12,75.0,2026-10-07T14:28:47
Urgot,22,S4HQ,7312,63,54.0,2026-10-07T14:28:57
Urgot,23,Üstat,7306,24,66.7,2026-10-07T14:29:08
Urgot,24,dzok1,7329,34,67.6,2026-10-07T14:29:20
Urgot,25,jeep2801,7352,140,51.4,2026-10-07T14:29:32
Urgot,26,Urgot Meiner,7325,132,54.5,2026-10-07T14:29:42
Urgot,27,中国人会飞,7392,64,59.4,2026-10-07T14:29:56
Urgot,28,Dushane,7209,120,54.2,2026-10-07T14:30:10
Urgot,29,NIK,7201,47,53.2,2026-10-07T14:30:21
Urgot,30,OnlyDraven,7292,49,63.3,2026-10-07T14:30:34
Varus,1,769,11084,36,77.8,2026-10-07T12:58:00
Varus,2,Ayano,10271,63,66.7,2026-10-07T12:58:17
Varus,3,CheckMySpeed,9829,57,66.7,2026-10-07T12:58:43
Varus,4,Kenzo,9960,57,64.9,2026-10-07T12:59:01
Varus,5,JÄGERロッこ,9160,51,60.8,2026-10-07T12:59:41
Varus,6,Leap of Faith,9343,79,50.6,2026-10-07T13:00:12
Varus,7,Silent Judge,8846,19,68.4,2026-10-07T13:00:38
Varus,8,Cøsmos,8776,30,60.0,2026-10-07T13:01:35
Varus,9,크롤마체타,8748,31,54.8,2026-10-07T13:03:01
Varus,10,Bay Anderson,8766,37,51.4,2026-10-07T13:04:50
Varus,11,Oberon Vortigern,8678,55,56.4,2026-10-07T13:05:26
Varus,12,等月季开,8600,25,72.0,2026-10-07T13:05:48
Varus,13,Co6Aa3HMTeAbHbI,8579,30,76.7,2026-10-07T13:06:15
Varus,14,BIG MAD,8579,27,66.7,2026-10-07T13:06:31
Varus,15,VARU CARAXEŚ,9501,131,48.9,2026-10-07T13:06:49
Varus,16,Flipz,9160,99,54.5,2026-10-07T13:07:11
Varus,17,Mavi,8551,29,58.6,2026-10-07T13:07:27
Varus,18,Smash,8505,39,53.8,2026-10-07T13:08:01
Varus,19,DESERT ROSE,8468,62,53.2,2026-10-07T13:08:23
Varus,20,semmy,8425,26,69.2,2026-10-07T13:08:45
Varus,21,Don,8472,45,48.9,2026-10-07T13:09:03
Varus,22,daryl dixon,8785,105,49.5,2026-10-07T13:09:19
Varus,23,Criminal,8161,26,50.0,2026-10-07T13:09:43
Varus,24,M5 Matthew,8088,31,67.7,2026-10-07T13:10:04
Varus,25,CrazyMinoj,8137,49,57.1,2026-10-07T13:10:18
Varus,26,Arthur Morgan,7998,17,76.5,2026-10-07T13:10:35
Varus,27,Qyrp,8601,160,55.6,2026-10-07T13:10:46
Varus,28,女 insomnia Canna,7834,32,50.0,2026-10-07T13:10:59
Varus,29,Amzeri,7773,29,65.5,2026-10-07T13:11:13
Varus,30,IGodDeadI,7834,40,62.5,2026-10-07T13:11:33
Vayne,1,vita扛把子,10436,49,71.4,2026-10-07T00:32:18
Vayne,2,Tiktok vayne13wr,10271,33,75.8,2026-10-07T00:32:26
Vayne,3,TikTok Aleviadc,10271,44,72.7,2026-10-07T00:33:19
Vayne,4,KaE},10271,68,60.3,2026-10-07T00:33:29
Vayne,5,MADDE,9685,25,72.0,2026-10-07T00:33:41
Vayne,6,Icarusdavid,9534,39,79.5,2026-10-07T00:33:53
Vayne,7,bek,9500,154,80.5,2026-10-07T00:34:01
Vayne,8,火雲邪神,9408,19,89.5,2026-10-07T00:34:11
Vayne,9,TexaSLiVayne,9343,57,61.4,2026-10-07T00:34:20
Vayne,10,SSS Ton 618,9175,37,56.8,2026-10-07T00:34:31
Vayne,11,Gear V,9031,36,55.6,2026-10-07T00:34:41
Vayne,12,uruma shun,8822,61,55.7,2026-10-07T00:34:56
Vayne,13,Maska,8787,75,58.7,2026-10-07T00:35:12
Vayne,14,小秋天,8761,15,66.7,2026-10-07T00:35:29
Vayne,15,The Zero Requiem,8596,27,70.4,2026-10-07T00:35:40
Vayne,16,Zoi,8579,19,68.4,2026-10-07T00:35:52
Vayne,17,egirl lover,8437,24,87.5,2026-10-07T00:36:03
Vayne,18,b9mbo,8785,24,79.2,2026-10-07T00:36:16
Vayne,19,Massano,7709,38,50.0,2026-10-07T00:36:33
Vayne,20,C INovaPrimel,8321,30,70.0,2026-10-07T00:36:49
Vayne,21,Aavion,8333,152,57.9,2026-10-07T00:37:01
Vayne,22,BoxBoy,8366,22,59.1,2026-10-07T00:37:11
Vayne,23,×NightHunter,8154,25,68.0,2026-10-07T00:37:25
Vayne,24,RasmuSVP,8150,22,50.0,2026-10-07T00:37:33
Vayne,25,siiixxseeven,8078,67,55.2,2026-10-07T00:37:41
Vayne,26,BOPE GIBÃO,8163,16,68.8,2026-10-07T00:37:51
Vayne,27,TAKLACI GUŞ,7933,18,83.3,2026-10-07T00:37:59
Vayne,28,Vayne13,7900,9,88.9,2026-10-07T00:38:09
Vayne,29,Master of akali,8154,87,48.3,2026-10-07T00:38:20
Vayne,30,Lies,7852,27,70.4,2026-10-07T00:38:28
Veigar,1,菜小莲,9753,79,50.6,2026-10-07T16:54:26
Veigar,2,DKSSツ,9343,134,51.5,2026-10-07T16:54:39
Veigar,3,YugiMuto,8479,46,56.5,2026-10-07T16:54:52
Veigar,4,szyszol,8076,47,57.4,2026-10-07T16:55:15
Veigar,5,Satochi,8261,58,51.7,2026-10-07T16:55:31
Veigar,6,夜间消音器我很倾斜兄弟,7957,55,49.1,2026-10-07T16:55:43
Veigar,7,BiGOFF,7928,56,57.1,2026-10-07T16:55:58
Veigar,8,Guillooo,7881,40,67.5,2026-10-07T16:56:12
Veigar,9,SkenkHut42,7834,54,59.3,2026-10-07T16:56:22
Veigar,10,Ønyx,7638,31,54.8,2026-10-07T16:56:33
Veigar,11,flhbQ8,7592,43,67.4,2026-10-07T16:56:45
Veigar,12,SkillofonSvK,7591,50,70.0,2026-10-07T16:56:55
Veigar,13,NUKB Robert,7713,28,57.1,2026-10-07T16:57:09
Veigar,14,SPARTAQS,7352,65,50.8,2026-10-07T16:57:23
Veigar,15,Kluckso,7562,72,61.1,2026-10-07T16:57:32
Veigar,16,Kazooie,7493,34,64.7,2026-10-07T16:57:44
Veigar,17,BAXO,7375,48,58.3,2026-10-07T16:57:54
Veigar,18,Only Supps,7509,77,44.2,2026-10-07T16:58:06
Veigar,19,Duong hiu,7196,78,62.8,2026-10-07T16:58:18
Veigar,20,OsK L B,7303,52,63.5,2026-10-07T16:58:44
Veigar,21,Kodowany,7521,58,53.4,2026-10-07T16:59:39
Veigar,22,Kaan,7117,51,64.7,2026-10-07T17:00:21
Veigar,23,guf228,7352,79,59.5,2026-10-07T17:00:54
Veigar,24,ExecAlfer,7166,56,62.5,2026-10-07T17:01:40
Veigar,25,Supreme,7012,28,75.0,2026-10-07T17:01:50
Veigar,27,Bellucci,7048,54,51.9,2026-10-07T17:03:45
Veigar,28,VISA FAZA,6958,43,51.2,2026-10-07T17:03:53
Veigar,29,mAldiToVG,7089,64,60.9,2026-10-07T17:04:04
Veigar,30,Wardun,6901,46,52.2,2026-10-07T17:04:12
Vel'Koz,1,Shankss,9130,114,50.0,2026-10-07T17:49:53
Vel'Koz,2,Jackal Onlyfans,9887,96,46.9,2026-10-07T17:50:05
Vel'Koz,3,LonelySoul,9002,75,53.3,2026-10-07T17:50:18
Vel'Koz,4,CoLaThailande,8721,62,58.1,2026-10-07T17:50:35
Vel'Koz,5,Akali맨위,8803,79,53.2,2026-10-07T17:50:54
Vel'Koz,6,,8186,25,72.0,2026-10-07T17:51:11
Vel'Koz,7,Vel kozTheCigan,8097,41,53.7,2026-10-07T17:51:29
Vel'Koz,8,FactionTheRiways,8092,40,57.5,2026-10-07T17:51:48
Vel'Koz,9,Powpowpow,8063,68,60.3,2026-10-07T17:52:10
Vel'Koz,10,Senpai Notice Me,8260,80,55.0,2026-10-07T17:52:28
Vel'Koz,11,uCardoso,8322,156,50.6,2026-10-07T17:52:48
Vel'Koz,12,LeBonBavon,8087,122,58.2,2026-10-07T17:53:01
Vel'Koz,13,Big Brother,7480,42,64.3,2026-10-07T17:53:15
Vel'Koz,14,Boudbeuh,7737,22,68.2,2026-10-07T17:53:25
Vel'Koz,15,BroyeurdASM,7538,46,60.9,2026-10-07T17:53:37
Vel'Koz,16,Nerowist,7510,97,47.4,2026-10-07T17:53:48
Vel'Koz,17,CVS Lawyer,4631,11,54.5,2026-10-07T17:54:02
Vel'Koz,18,tillty pleasure,7412,96,43.8,2026-10-07T17:54:14
Vel'Koz,19,ivankkjojojo,7279,48,60.4,2026-10-07T17:54:26
Vel'Koz,20,jeffreyEfan,7337,32,75.0,2026-10-07T17:54:38
Vel'Koz,21,Batueke,7121,78,64.1,2026-10-07T17:54:52
Vel'Koz,22,EKk0Maniac,7206,23,69.6,2026-10-07T17:55:02
Vel'Koz,23,Kees Kroket,7108,10,50.0,2026-10-07T17:55:16
Vel'Koz,24,OskarliNE,7149,117,47.0,2026-10-07T17:55:34
Vel'Koz,25,teemoplayer,7004,60,50.0,2026-10-07T17:55:52
Vel'Koz,26,Ekkology,7039,35,62.9,2026-10-07T17:56:08
Vel'Koz,27,Fugiso,6982,23,73.9,2026-10-07T17:56:23
Vel'Koz,28,CroDugi,7196,101,57.4,2026-10-07T17:56:36
Vel'Koz,29,adamlardoqkanka,7385,62,59.7,2026-10-07T17:56:46
Vel'Koz,30,proFe1Anivia,6847,31,64.5,2026-10-07T17:56:56
Vex,1,theBrokenGuy,10528,165,49.7,2026-10-07T21:38:48
Vex,2,TGR Boo,10205,151,48.3,2026-10-07T21:39:00
Vex,4,1 miss my vEx,9528,43,51.2,2026-10-07T21:40:31
Vex,5,OWL,8785,19,78.9,2026-10-07T21:40:48
Vex,6,Xeme,8658,14,64.3,2026-10-07T21:41:08
Vex,7,Vex Bot,8554,105,47.6,2026-10-07T21:41:18
Vex,8,Aysunuanlamak,8483,22,59.1,2026-10-07T21:41:28
Vex,9,Laners,8424,24,54.2,2026-10-07T21:41:38
Vex,10,Abo Jaafar,8150,37,62.2,2026-10-07T21:41:49
Vex,11,SSS Deceiver,8154,55,49.1,2026-10-07T21:42:00
Vex,12,EternalHate,8266,57,54.4,2026-10-07T21:42:08
Vex,13,HZ Vex,7834,45,57.8,2026-10-07T21:42:21
Vex,14,Kzz支,7907,19,63.2,2026-10-07T21:42:32
Vex,15,掌握Kassem,7565,32,71.9,2026-10-07T21:42:41
Vex,16,JesusChrist,7515,46,63.0,2026-10-07T21:42:52
Vex,17,Vinn44,7409,67,55.2,2026-10-07T21:43:01
Vex,18,H4rry,7475,36,63.9,2026-10-07T21:43:12
Vex,19,ASRET2002,7372,58,65.5,2026-10-07T21:43:23
Vex,20,zyLtEU,7473,94,51.1,2026-10-07T21:43:32
Vex,21,LegionX,7352,86,55.8,2026-10-07T21:43:46
Vex,22,Binks77,7834,140,52.9,2026-10-07T21:44:01
Vex,23,MGVVV,7695,48,64.6,2026-10-07T21:44:12
Vex,24,tired of life,7324,33,69.7,2026-10-07T21:44:23
Vex,25,faking ICE,7303,68,57.4,2026-10-07T21:44:33
Vex,26,Vexenizm,7196,58,60.3,2026-10-07T21:44:45
Vex,27,AvatarWF,7174,28,67.9,2026-10-07T21:44:56
Vex,28,7ense,3074,8,62.5,2026-10-07T21:45:06
Vex,29,UnPredictable,7110,22,63.6,2026-10-07T21:45:21
Vex,30,Arlecchino,7094,34,61.8,2026-10-07T21:45:30
Vi,1,Hai Duong Dang,10078,74,64.9,2026-10-07T21:57:59
Vi,2,kirm to aria,10031,47,72.3,2026-10-07T21:58:09
Vi,3,#禾吞,9737,33,54.5,2026-10-07T21:59:05
Vi,4,bómàyradi,9605,45,62.2,2026-10-07T21:59:15
Vi,5,Genos,9502,54,53.7,2026-10-07T21:59:27
Vi,6,DonJuan,9351,98,59.2,2026-10-07T21:59:37
Vi,8,I Hate Myself,9304,52,61.5,2026-10-07T22:00:01
Vi,9,Proxy123,9088,50,58.0,2026-10-07T22:00:10
Vi,10,Lui,9006,21,71.4,2026-10-07T22:00:21
Vi,11,Anima,9005,59,57.6,2026-10-07T22:00:40
Vi,12,LR portakal,8809,43,55.8,2026-10-07T22:00:58
Vi,13,Ren Tao,8785,41,53.7,2026-10-07T22:01:21
Vi,14,Zom6ie,8785,45,60.0,2026-10-07T22:01:40
Vi,15,IG TheShy,8863,30,50.0,2026-10-07T22:02:05
Vi,16,Bacardi Shawty,8747,21,71.4,2026-10-07T22:02:20
Vi,17,Achillevs13,8785,34,64.7,2026-10-07T22:02:29
Vi,18,bobeic,8645,16,75.0,2026-10-07T22:02:42
Vi,19,OverSleyk,8700,123,55.3,2026-10-07T22:02:50
Vi,20,OT Hawk,8482,22,63.6,2026-10-07T22:03:01
Vi,21,gaucho,8446,17,82.4,2026-10-07T22:03:12
Vi,22,Ls2prince,8785,23,69.6,2026-10-07T22:03:20
Vi,23,Pignouf,8426,18,66.7,2026-10-07T22:03:35
Vi,24,鹿大大,8393,18,88.9,2026-10-07T22:03:44
Vi,25,Gzuzz,8520,41,63.4,2026-10-07T22:03:53
Vi,26,your motherFaker,8309,36,61.1,2026-10-07T22:04:03
Vi,27,KADD4F1,8333,25,60.0,2026-10-07T22:04:19
Vi,28,Afrez,8091,23,52.2,2026-10-07T22:04:35
Vi,29,暴風雪SNOW STORM,8094,23,52.2,2026-10-07T22:04:50
Vi,30,STL fox,7953,22,59.1,2026-10-07T22:05:12
Viego,1,Vinewood Hills,10271,20,85.0,2026-10-07T07:14:27
Viego,2,Maracanã,10035,55,56.4,2026-10-07T07:14:36
Viego,3,Arşimist,9950,49,63.3,2026-10-07T07:14:44
Viego,4,QuarisWR JG,9362,39,56.4,2026-10-07T07:14:54
Viego,5,Maybe Us,9770,60,53.3,2026-10-07T07:15:06
Viego,6,Chrollo Lucilfer,9637,84,58.3,2026-10-07T07:15:14
Viego,7,888,9247,39,51.3,2026-10-07T07:15:25
Viego,8,BABAVOSS,8785,46,63.0,2026-10-07T07:15:34
Viego,9,DerBoyDerG,8680,28,50.0,2026-10-07T07:15:42
Viego,10,jotaro,8876,155,49.7,2026-10-07T07:15:52
Viego,11,Jovio WR,8549,36,63.9,2026-10-07T07:16:04
Viego,12,El Pacino,8327,55,56.4,2026-10-07T07:16:16
Viego,13,Vlyxes,8480,96,50.0,2026-10-07T07:16:31
Viego,14,Die For You,8268,29,55.2,2026-10-07T07:16:42
Viego,15,ILoveSnow,8154,64,53.1,2026-10-07T07:16:56
Viego,16,I Hate Myself,8130,18,55.6,2026-10-07T07:17:08
Viego,17,Demon Yone,8208,16,56.2,2026-10-07T07:17:16
Viego,18,T1 Night Wolf,8260,70,60.0,2026-10-07T07:17:26
Viego,19,夜未央,8232,127,50.4,2026-10-07T07:17:33
Viego,20,GiveMe yourSoul,8132,26,73.1,2026-10-07T07:17:45
Viego,21,Filip car grr,8071,26,53.8,2026-10-07T07:17:53
Viego,22,On Zed英,7948,21,66.7,2026-10-07T07:18:01
Viego,23,Anything for her,1814,1,100.0,2026-10-07T07:18:12
Viego,24,discord kiryu156,7860,9,77.8,2026-10-07T07:18:22
Viego,25,Ary Minh,7834,49,59.2,2026-10-07T07:18:30
Viego,26,≡capybara,7928,54,50.0,2026-10-07T07:18:40
Viego,27,Leywin再覚醒,7740,29,41.4,2026-10-07T07:18:49
Viego,28,QwQ,7599,110,48.2,2026-10-07T07:18:58
Viego,29,I need a nerf,7777,24,62.5,2026-10-07T07:19:09
Viego,30,II DEADZONE II,7567,13,84.6,2026-10-07T07:19:19
Viktor,1,PコSに,9327,64,54.7,2026-10-07T19:19:56
Viktor,2,Raccoon farmer,8357,19,73.7,2026-10-07T19:20:09
Viktor,3,AVBED1T,8242,81,56.8,2026-10-07T19:20:26
Viktor,4,WoL Al3xanBob3r,7959,20,70.0,2026-10-07T19:20:41
Viktor,5,iBag,8260,90,58.9,2026-10-07T19:20:54
Viktor,6,Ønyx,7994,35,48.6,2026-10-07T19:21:05
Viktor,7,Zeppelin,7750,17,64.7,2026-10-07T19:21:18
Viktor,8,Recan,7605,39,59.0,2026-10-07T19:21:30
Viktor,9,TvozK,7622,90,57.8,2026-10-07T19:21:40
Viktor,10,ST DiamondBright,7524,56,55.4,2026-10-07T19:21:52
Viktor,11,AdiCiagleCpa,7352,55,67.3,2026-10-07T19:22:04
Viktor,12,Zacarry,7391,36,61.1,2026-10-07T19:22:14
Viktor,13,余时不侯,3445,10,80.0,2026-10-07T19:22:26
Viktor,14,Pentarez,7272,38,47.4,2026-10-07T19:22:40
Viktor,15,Enejgb,7186,64,60.9,2026-10-07T19:22:57
Viktor,16,MiroGStar,7303,88,60.2,2026-10-07T19:23:11
Viktor,17,DaMoon,7645,73,54.8,2026-10-07T19:23:25
Viktor,18,petaa77,7074,92,58.7,2026-10-07T19:23:40
Viktor,19,LaMásJugosa,7365,45,48.9,2026-10-07T19:23:52
Viktor,20,WheresMyHextech,1888,11,54.5,2026-10-07T19:24:10
Viktor,21,XOX,6925,27,74.1,2026-10-07T19:24:27
Viktor,22,M0nkeyR,7109,45,57.8,2026-10-07T19:24:38
Viktor,23,Skyzar0,6799,34,55.9,2026-10-07T19:24:53
Viktor,24,BIZIGGS TEWOX,,,53.8,2026-10-07T19:25:11
Viktor,25,Mute all,6746,26,57.7,2026-10-07T19:25:25
Viktor,26,MRãkøbeß,6739,33,63.6,2026-10-07T19:25:45
Viktor,27,Xyevuy karat,6727,30,60.0,2026-10-07T19:26:01
Viktor,28,alfre74,7178,253,50.2,2026-10-07T19:26:19
Viktor,29,hopppalq,6758,43,67.4,2026-10-07T19:26:28
Viktor,30,Agur,6650,38,55.3,2026-10-07T19:26:38
Vladimir,1,Ti Sao Bé 0 lc,10429,33,66.7,2026-10-07T12:28:24
Vladimir,2,ELITE500,9856,42,81.0,2026-10-07T12:28:36
Vladimir,3,US ICE Officer,9551,35,62.9,2026-10-07T12:28:47
Vladimir,4,BIZIGGS TEWOX,9378,24,58.3,2026-10-07T12:28:59
Vladimir,5,mxilzzz,9237,65,55.4,2026-10-07T12:29:14
Vladimir,6,124448474884,9278,34,55.9,2026-10-07T12:29:25
Vladimir,7,TheLiloO,9136,37,51.4,2026-10-07T12:29:50
Vladimir,8,Eer0,4404,9,55.6,2026-10-07T12:30:01
Vladimir,9,Lyas,8939,14,92.9,2026-10-07T12:30:22
Vladimir,10,Zed The Ripper,9024,20,60.0,2026-10-07T12:30:34
Vladimir,11,BC None,8926,36,72.2,2026-10-07T12:30:44
Vladimir,12,1v9 Machine,8787,78,71.8,2026-10-07T12:30:58
Vladimir,13,Bigman538,8783,22,81.8,2026-10-07T12:31:10
Vladimir,14,VET PiuPiu,8732,78,69.2,2026-10-07T12:31:20
Vladimir,15,iliasAMG,8570,44,59.1,2026-10-07T12:31:47
Vladimir,16,Sour,8563,25,72.0,2026-10-07T12:32:11
Vladimir,17,BOTOliver,8614,76,68.4,2026-10-07T12:32:26
Vladimir,18,Kiraz,8463,38,68.4,2026-10-07T12:32:37
Vladimir,19,LyMaAa,8435,67,61.2,2026-10-07T12:32:48
Vladimir,20,进裤子掏出又大又硬又烫的手,8441,18,66.7,2026-10-07T12:33:01
Vladimir,21,宝贝Xu Cà Na,8469,36,69.4,2026-10-07T12:33:14
Vladimir,22,vRynorah,8355,54,55.6,2026-10-07T12:33:24
Vladimir,23,Car,8260,48,68.8,2026-10-07T12:33:35
Vladimir,24,ZedPaisa,8109,42,59.5,2026-10-07T12:33:48
Vladimir,25,Masakado,8089,18,66.7,2026-10-07T12:33:57
Vladimir,26,Vladimir Bloody,8110,105,61.9,2026-10-07T12:34:09
Vladimir,27,TpaHAMacTep \u,8264,48,50.0,2026-10-07T12:34:18
Vladimir,28,VET LIDER,8198,63,68.3,2026-10-07T12:34:30
Vladimir,29,TG Tun Thái,8027,55,61.8,2026-10-07T12:34:41
Vladimir,30,SnoopDogsnr1fan,7856,77,59.7,2026-10-07T12:34:51
Volibear,1,沃洛佳,10321,47,57.4,2026-10-07T07:19:43
Volibear,2,I Must Break You,10271,49,51.0,2026-10-07T07:19:55
Volibear,3,Joelz,10190,33,60.6,2026-10-07T07:20:08
Volibear,4,teikannn,9796,50,56.0,2026-10-07T07:20:20
Volibear,5,弗雷尔卓德的半神,10271,159,51.6,2026-10-07T07:20:35
Volibear,6,FlameT,9536,56,69.6,2026-10-07T07:20:46
Volibear,7,ANDREW TERROR,9621,38,52.6,2026-10-07T07:20:57
Volibear,8,HUNCHO GATH,9407,46,65.2,2026-10-07T07:21:07
Volibear,9,倪莫寻,9544,56,57.1,2026-10-07T07:21:15
Volibear,10,Kung Lao,9549,74,45.9,2026-10-07T07:21:25
Volibear,11,Yasuo,9323,34,64.7,2026-10-07T07:21:34
Volibear,12,AshTheGlory,9181,43,48.8,2026-10-07T07:21:43
Volibear,13,AliceInPiggyland,8990,33,48.5,2026-10-07T07:21:52
Volibear,14,SSS SoloBolo,8872,30,73.3,2026-10-07T07:22:03
Volibear,15,琴酒剑心,8785,28,60.7,2026-10-07T07:22:17
Volibear,16,慢羊羊,8700,17,100.0,2026-10-07T07:22:31
Volibear,17,インフィニティinfitit,9109,42,45.2,2026-10-07T07:22:42
Volibear,18,最美不过锐雯笑,8579,35,68.6,2026-10-07T07:22:56
Volibear,19,An1F1rst,8569,28,50.0,2026-10-07T07:23:06
Volibear,20,CONTÜS,8747,44,61.4,2026-10-07T07:23:14
Volibear,21,KEYAsnpen,8550,17,76.5,2026-10-07T07:23:24
Volibear,22,volibaba,1951,2,50.0,2026-10-07T07:23:33
Volibear,23,LR portakal,8412,54,48.1,2026-10-07T07:23:42
Volibear,24,OG COde,8749,30,66.7,2026-10-07T07:23:52
Volibear,25,Halpuc,8435,23,65.2,2026-10-07T07:24:01
Volibear,26,Chapa,8285,15,73.3,2026-10-07T07:24:10
Volibear,27,xBearWulfx,8200,65,58.5,2026-10-07T07:24:19
Volibear,28,StrongMan,8178,112,54.5,2026-10-07T07:24:29
Volibear,29,JOGGERNAUT,8204,22,63.6,2026-10-07T07:24:38
Volibear,30,MATRIX,8102,20,55.0,2026-10-07T07:24:46
Warwick,1,Sesto Elemento,10480,41,63.4,2026-10-07T18:04:41
Warwick,2,22cm,10591,67,62.7,2026-10-07T18:04:52
Warwick,3,MG Thành Văn,10271,73,61.6,2026-10-07T18:05:03
Warwick,4,KingPunisher,9354,113,51.3,2026-10-07T18:05:57
Warwick,5,FILIPEK,9319,29,51.7,2026-10-07T18:06:11
Warwick,6,暴風雪SNOW STORM,9050,38,52.6,2026-10-07T18:06:21
Warwick,7,SkillByPill,8785,26,69.2,2026-10-07T18:06:33
Warwick,8,semysensei,9132,144,53.5,2026-10-07T18:06:44
Warwick,9,savas kurdu,8831,130,47.7,2026-10-07T18:06:53
Warwick,10,NhânTrungPhúChó,8785,34,76.5,2026-10-07T18:07:03
Warwick,11,60000000000,8569,18,77.8,2026-10-07T18:07:14
Warwick,12,Leon Kennedy,8621,16,87.5,2026-10-07T18:07:23
Warwick,13,Dawwe,8597,109,54.1,2026-10-07T18:07:39
Warwick,14,DRIIGEERSK,8785,94,51.1,2026-10-07T18:08:01
Warwick,15,Hexar,8343,31,58.1,2026-10-07T18:08:17
Warwick,16,Tr1Hard傳奇,8114,19,73.7,2026-10-07T18:08:36
Warwick,17,Mia Khalifa,8260,53,64.2,2026-10-07T18:08:50
Warwick,18,maAnycMy,8090,54,53.7,2026-10-07T18:09:02
Warwick,19,Nikozavro,1796,1,100.0,2026-10-07T18:09:13
Warwick,20,zbakany,9037,336,51.8,2026-10-07T18:09:22
Warwick,21,DarkLegenD,8246,175,50.3,2026-10-07T18:09:33
Warwick,22,HcCôngT,7849,99,60.6,2026-10-07T18:09:41
Warwick,23,MKOKUSUALMIŞWW,7884,61,57.4,2026-10-07T18:09:52
Warwick,24,Xm WaKaShy,8148,44,47.7,2026-10-07T18:10:03
Warwick,26,Ebe×ThowThui,7679,23,60.9,2026-10-07T18:10:25
Warwick,27,yeseyeseeyou,7671,20,65.0,2026-10-07T18:10:39
Warwick,28,浮生醉酒,7676,25,64.0,2026-10-07T18:10:48
Warwick,29,IIZETORII,7638,38,68.4,2026-10-07T18:10:59
Warwick,30,dannoww,7659,45,53.3,2026-10-07T18:11:07
Wukong,1,UNDxRGRxUND,9742,35,57.1,2026-10-06T22:53:08
Wukong,2,将不臣,9879,81,56.8,2026-10-06T22:53:17
Wukong,3,GANGSTER WUKONG,9160,53,67.9,2026-10-06T22:53:27
Wukong,4,sleeper,9180,37,64.9,2026-10-06T22:53:38
Wukong,5,JG GAP ERKOO,9113,36,55.6,2026-10-06T22:53:51
Wukong,6,bómàyradi,9163,85,54.1,2026-10-06T22:54:00
Wukong,7,DSL Tintin,8735,38,65.8,2026-10-06T22:54:11
Wukong,8,biubiu,8735,61,67.2,2026-10-06T22:54:22
Wukong,9,almaajk,8700,88,58.0,2026-10-06T22:54:31
Wukong,10,p0sypaka,8602,17,94.1,2026-10-06T22:54:42
Wukong,11,Wasted Talent,8632,44,65.9,2026-10-06T22:54:53
Wukong,12,ツBOT,8522,33,81.8,2026-10-06T22:55:02
Wukong,13,个FBI×,8416,57,59.6,2026-10-06T22:55:14
Wukong,14,Void Of Chaos,8324,16,75.0,2026-10-06T22:55:26
Wukong,15,Firestrom,8154,20,85.0,2026-10-06T22:55:40
Wukong,16,gaobabadeneiku,8107,53,62.3,2026-10-06T22:55:57
Wukong,17,Vô danh,8395,165,54.5,2026-10-06T22:56:11
Wukong,18,SantasE,7968,15,80.0,2026-10-06T22:56:27
Wukong,19,waffle,7951,36,52.8,2026-10-06T22:56:44
Wukong,20,Tbz,8154,75,61.3,2026-10-06T22:56:57
Wukong,21,MONKY 1V9,8260,79,55.7,2026-10-06T22:57:09
Wukong,22,Luciferr,7929,23,60.9,2026-10-06T22:57:17
Wukong,23,type shi,8140,49,69.4,2026-10-06T22:57:28
Wukong,24,YBD KRAKEN,7895,19,57.9,2026-10-06T22:57:39
Wukong,25,Eclipse,7834,63,54.0,2026-10-06T22:57:48
Wukong,26,TBaPb,7834,96,53.1,2026-10-06T22:57:59
Wukong,27,队友carry我sorry,7714,40,55.0,2026-10-06T22:58:10
Wukong,28,kalimero,1809,14,50.0,2026-10-06T22:58:19
Wukong,29,REi神の鞭Shunsui,7657,20,65.0,2026-10-06T22:58:30
Wukong,30,MobaGod,7643,32,46.9,2026-10-06T22:58:39
Xayah,1,Thua Tai Le,9404,20,65.0,2026-10-07T06:34:48
Xayah,2,Sharky,9305,24,66.7,2026-10-07T06:34:57
Xayah,3,Chenn,9160,39,66.7,2026-10-07T06:35:07
Xayah,4,李乐乐,9039,37,64.9,2026-10-07T06:35:17
Xayah,5,爱丁堡皇家AD六等星,8493,32,68.8,2026-10-07T06:35:29
Xayah,6,muye,8405,35,57.1,2026-10-07T06:35:39
Xayah,7,cerrahpaşalı,8326,27,48.1,2026-10-07T06:35:51
Xayah,8,Layre,8316,21,61.9,2026-10-07T06:36:01
Xayah,9,Siso666,8785,89,49.4,2026-10-07T06:36:10
Xayah,10,Shiroblank,8203,18,55.6,2026-10-07T06:36:21
Xayah,11,EXD PabloSfc,8579,148,48.0,2026-10-07T06:36:32
Xayah,12,Maze,8317,96,57.3,2026-10-07T06:36:40
Xayah,13,Pun1sher,7816,21,85.7,2026-10-07T06:36:52
Xayah,14,等月季开,7792,48,50.0,2026-10-07T06:37:04
Xayah,15,X7影,7834,38,63.2,2026-10-07T06:37:13
Xayah,16,KC Nistabel,7941,127,56.7,2026-10-07T06:37:25
Xayah,17,Honow,7682,24,37.5,2026-10-07T06:37:51
Xayah,18,Chinh zinh,7931,54,50.0,2026-10-07T06:38:15
Xayah,19,LeBraum James,7622,92,60.9,2026-10-07T06:38:40
Xayah,20,'EλαEδω,7523,38,47.4,2026-10-07T06:39:00
Xayah,21,WRath,7516,81,63.0,2026-10-07T06:39:27
Xayah,22,ゆうれい,7598,46,63.0,2026-10-07T06:39:35
Xayah,23,SADISTIC CUTIE,7666,60,60.0,2026-10-07T06:39:43
Xayah,24,sunshinee1,7412,7,71.4,2026-10-07T06:39:53
Xayah,25,Aydoux,7330,47,57.4,2026-10-07T06:40:03
Xayah,26,YouTube Xayahh,7352,60,80.0,2026-10-07T06:40:11
Xayah,27,埃米爾7,7702,31,64.5,2026-10-07T06:40:22
Xayah,28,daydreamin,7508,7,100.0,2026-10-07T06:40:33
Xayah,29,MASON GREENWOOD,7196,36,83.3,2026-10-07T06:40:41
Xayah,30,CinarU,7190,42,71.4,2026-10-07T06:40:52
Xin Zhao,1,embriONE,9680,24,62.5,2026-10-07T03:48:23
Xin Zhao,2,TruffleKid,9516,88,60.2,2026-10-07T03:48:32
Xin Zhao,3,EITi,9262,31,64.5,2026-10-07T03:48:41
Xin Zhao,4,Halkenburg,9120,54,40.7,2026-10-07T03:48:50
Xin Zhao,6,Mızrağım ve ben,8785,48,56.2,2026-10-07T03:49:11
Xin Zhao,7,retired jg,6328,14,42.9,2026-10-07T03:49:21
Xin Zhao,8,叢林 Daddy,8710,37,51.4,2026-10-07T03:49:31
Xin Zhao,9,Estée Lauder,8583,20,90.0,2026-10-07T03:49:39
Xin Zhao,10,BinhBitthôngdit,8785,102,56.9,2026-10-07T03:49:50
Xin Zhao,11,2BIG2TAKE,8366,51,66.7,2026-10-07T03:50:03
Xin Zhao,12,Robonyan2006,8154,49,63.3,2026-10-07T03:50:14
Xin Zhao,13,fanys,8283,67,55.2,2026-10-07T03:50:29
Xin Zhao,14,JERRY,8118,54,50.0,2026-10-07T03:50:39
Xin Zhao,15,R3AP3R,7995,31,61.3,2026-10-07T03:50:53
Xin Zhao,16,SILENT VOICES,7999,38,73.7,2026-10-07T03:51:06
Xin Zhao,17,SAYGISIZ,7990,24,66.7,2026-10-07T03:51:17
Xin Zhao,18,caiser,8069,49,61.2,2026-10-07T03:51:25
Xin Zhao,19,Tp Choi,7796,14,64.3,2026-10-07T03:51:35
Xin Zhao,20,RA1D Mr Pengu,7831,52,53.8,2026-10-07T03:51:44
Xin Zhao,21,Strwse3GRAMES,7770,95,58.9,2026-10-07T03:51:54
Xin Zhao,22,Hi im daario,8047,47,53.2,2026-10-07T03:52:03
Xin Zhao,23,GODZY,7744,43,60.5,2026-10-07T03:52:15
Xin Zhao,24,Baca,7665,29,58.6,2026-10-07T03:52:24
Xin Zhao,25,RED BUFF,7580,39,59.0,2026-10-07T03:52:33
Xin Zhao,26,Big Ace,7515,102,56.9,2026-10-07T03:52:44
Xin Zhao,27,REGY,7493,30,63.3,2026-10-07T03:52:54
Xin Zhao,28,Quliyevdi,7469,38,68.4,2026-10-07T03:53:06
Xin Zhao,29,ツDiceman,7424,10,90.0,2026-10-07T03:53:18
Xin Zhao,30,SPQR Romulus,7422,36,50.0,2026-10-07T03:53:28
Yasuo,1,MBHy,10954,58,56.9,2026-10-07T05:38:11
Yasuo,2,ARBN,10271,104,54.8,2026-10-07T05:38:20
Yasuo,3,KyBaaAa,10271,60,55.0,2026-10-07T05:38:30
Yasuo,4,Zayd99,10255,46,65.2,2026-10-07T05:38:42
Yasuo,5,ドミトリー,10047,60,56.7,2026-10-07T05:38:57
Yasuo,6,Masakado,9980,46,58.7,2026-10-07T05:39:07
Yasuo,7,DerBoyDerG,,,51.9,2026-10-07T05:39:21
Yasuo,8,AGRInsertCoin,9727,122,50.0,2026-10-07T05:39:33
Yasuo,9,自信人生二百年,9955,46,60.9,2026-10-07T05:39:45
Yasuo,10,保护我方小妈妈,9722,77,67.5,2026-10-07T05:40:02
Yasuo,11,aaa,9745,20,75.0,2026-10-07T05:40:16
Yasuo,12,Pz ZZang,9575,35,54.3,2026-10-07T05:40:24
Yasuo,13,skushhh,9699,66,51.5,2026-10-07T05:40:33
Yasuo,14,Wonka,9550,28,53.6,2026-10-07T05:40:42
Yasuo,15,Connor,9273,43,48.8,2026-10-07T05:40:52
Yasuo,16,XYasuo,9325,52,59.6,2026-10-07T05:41:01
Yasuo,17,yasuo diff,8946,49,53.1,2026-10-07T05:41:13
Yasuo,18,Ab3,8913,51,60.8,2026-10-07T05:41:27
Yasuo,19,Lisan al Gaib,8833,50,54.0,2026-10-07T05:41:38
Yasuo,20,NADO WR,8806,52,69.2,2026-10-07T05:41:57
Yasuo,21,岱培伽薇lolmeu,8785,23,91.3,2026-10-07T05:42:06
Yasuo,22,krolik,8700,75,53.3,2026-10-07T05:42:14
Yasuo,23,Peeled orange,8970,142,58.5,2026-10-07T05:42:24
Yasuo,24,Le Paradis Noir,8549,60,50.0,2026-10-07T05:42:34
Yasuo,25,SAYUOYT,8543,48,58.3,2026-10-07T05:42:42
Yasuo,26,文子Rata,1701,5,20.0,2026-10-07T05:42:52
Yasuo,27,風を歩む者,8684,48,50.0,2026-10-07T05:43:00
Yasuo,28,The Dayı,8404,114,46.5,2026-10-07T05:43:09
Yasuo,29,Son,8312,59,52.5,2026-10-07T05:43:19
Yasuo,30,IG TheShy,8187,17,70.6,2026-10-07T05:43:27
Yone,1,River,11441,65,67.7,2026-10-07T08:20:37
Yone,2,菜小莲,11229,83,59.0,2026-10-07T08:20:49
Yone,3,THEY CALLME WEZA,11198,63,66.7,2026-10-07T08:21:01
Yone,4,牛肉加辣,11085,35,77.1,2026-10-07T08:21:13
Yone,5,Lucyna Kushinada,10767,29,82.8,2026-10-07T08:21:34
Yone,6,meomituot,10271,65,67.7,2026-10-07T08:21:49
Yone,7,Kazuma Praim,10271,33,72.7,2026-10-07T08:21:57
Yone,8,林OK,10271,110,57.3,2026-10-07T08:22:07
Yone,9,DerBoyDerG,10244,79,48.1,2026-10-07T08:22:16
Yone,10,TheZone,10183,22,86.4,2026-10-07T08:22:26
Yone,11,Pz ZZang,10043,50,60.0,2026-10-07T08:22:36
Yone,12,Tuna,10001,30,73.3,2026-10-07T08:22:44
Yone,13,lekevin,10005,34,70.6,2026-10-07T08:22:55
Yone,14,Warrior of Night,9902,102,57.8,2026-10-07T08:23:04
Yone,15,我也不知道,10170,126,56.3,2026-10-07T08:23:14
Yone,16,Wonka,9599,19,68.4,2026-10-07T08:23:24
Yone,17,運命Desire,9575,24,75.0,2026-10-07T08:23:33
Yone,18,醒来就这样,9867,80,57.5,2026-10-07T08:23:43
Yone,19,自信人生二百年,9480,31,61.3,2026-10-07T08:23:53
Yone,20,MBHy,9668,30,56.7,2026-10-07T08:24:01
Yone,21,AAAyMH,9248,42,52.4,2026-10-07T08:24:11
Yone,22,Tsimpos21,9241,45,62.2,2026-10-07T08:24:20
Yone,23,my supp is cute,9487,22,81.8,2026-10-07T08:24:30
Yone,24,Maxthayne ZK,9228,23,73.9,2026-10-07T08:24:40
Yone,25,Megatron8,9044,30,60.0,2026-10-07T08:24:48
Yone,26,Flare,9056,24,58.3,2026-10-07T08:24:58
Yone,27,QEQ master,8984,121,57.0,2026-10-07T08:25:09
Yone,28,ANUEL AA,8907,50,64.0,2026-10-07T08:25:17
Yone,29,伊瓦尔IVAR,8871,34,70.6,2026-10-07T08:25:27
Yone,30,notokay,9470,91,61.5,2026-10-07T08:25:38
Yunara,1,vita扛把子,11144,59,67.8,2026-10-07T19:53:14
Yunara,2,东风吹人醒,11060,52,67.3,2026-10-07T19:53:23
Yunara,3,airbaander3,10948,87,60.9,2026-10-07T19:53:34
Yunara,4,Avenue 9,10752,52,67.3,2026-10-07T19:53:55
Yunara,5,Iluha prime,10598,51,68.6,2026-10-07T19:54:08
Yunara,6,Chatarina,10508,57,75.4,2026-10-07T19:54:17
Yunara,7,Pain7,10540,52,63.5,2026-10-07T19:54:29
Yunara,8,Xen,10271,36,75.0,2026-10-07T19:54:39
Yunara,9,这个游戏是为了哄糕糕开心,10769,48,66.7,2026-10-07T19:54:47
Yunara,10,The Cutest,10271,44,70.5,2026-10-07T19:54:59
Yunara,11,BadJGLyouLose,10271,96,57.3,2026-10-07T19:55:09
Yunara,12,keep it Real,10271,26,76.9,2026-10-07T19:55:17
Yunara,13,Trn Nam Anh,10231,137,57.7,2026-10-07T19:55:27
Yunara,14,BØPE Legendary,10271,53,54.7,2026-10-07T19:55:36
Yunara,15,HerMoon,10657,35,65.7,2026-10-07T19:55:46
Yunara,16,King Amir,10123,62,62.9,2026-10-07T19:55:56
Yunara,17,是阿德里安呀,10271,41,65.9,2026-10-07T19:56:05
Yunara,18,Warea,10031,68,66.2,2026-10-07T19:56:16
Yunara,19,love is enough,10031,35,62.9,2026-10-07T19:56:27
Yunara,20,yancavuz,10024,23,65.2,2026-10-07T19:56:38
Yunara,21,Shecuki,9859,61,50.8,2026-10-07T19:56:55
Yunara,22,Weakside refugee,10031,91,61.5,2026-10-07T19:57:08
Yunara,23,Criminal,9761,29,69.0,2026-10-07T19:57:25
Yunara,24,LâmTLinh,9721,88,55.7,2026-10-07T19:57:42
Yunara,25,a2ce,9707,43,58.1,2026-10-07T19:57:56
Yunara,26,Minh boom,9912,65,60.0,2026-10-07T19:58:07
Yunara,27,乡SKY乡,9777,79,53.2,2026-10-07T19:58:15
Yunara,28,Hope そ,9939,44,56.8,2026-10-07T19:58:26
Yunara,29,Yusuke,9568,53,71.7,2026-10-07T19:58:36
Yunara,30,AETHER,9542,79,50.6,2026-10-07T19:58:45
Yuumi,1,Levi,10271,68,64.7,2026-10-07T04:10:23
Yuumi,2,心系小鱼,10031,31,77.4,2026-10-07T04:10:34
Yuumi,3,i11,9927,31,77.4,2026-10-07T04:10:44
Yuumi,4,墨菲璐,9604,27,77.8,2026-10-07T04:10:52
Yuumi,5,ジ九川,4760,18,27.8,2026-10-07T04:11:09
Yuumi,6,a90,9316,102,55.9,2026-10-07T04:11:18
Yuumi,7,,9258,72,68.1,2026-10-07T04:11:28
Yuumi,8,Lexx,9160,66,60.6,2026-10-07T04:11:38
Yuumi,9,Mina Hoàng,9423,51,60.8,2026-10-07T04:11:46
Yuumi,10,Luna,9042,21,81.0,2026-10-07T04:11:56
Yuumi,11,小蛋糕,9160,77,61.0,2026-10-07T04:12:08
Yuumi,12,paulina又,9001,44,61.4,2026-10-07T04:12:17
Yuumi,13,DetectiveDonna,9072,31,58.1,2026-10-07T04:12:30
Yuumi,14,Krony 将軍,8931,30,73.3,2026-10-07T04:12:42
Yuumi,15,paws at him,8785,18,83.3,2026-10-07T04:12:55
Yuumi,16,Enchantress,8572,25,68.0,2026-10-07T04:13:08
Yuumi,17,zia,8469,54,66.7,2026-10-07T04:13:17
Yuumi,18,Neuyan,8568,93,57.0,2026-10-07T04:13:28
Yuumi,19,因你声我黑梦中苏醒,8549,54,61.1,2026-10-07T04:13:38
Yuumi,20,Karums,8813,159,56.0,2026-10-07T04:13:46
Yuumi,21,disney,8166,70,52.9,2026-10-07T04:13:56
Yuumi,22,你自己就是个混蛋,8154,54,53.7,2026-10-07T04:14:04
Yuumi,23,NÄTI242ロッ二,8086,119,57.1,2026-10-07T04:14:15
Yuumi,24,mimixink,7901,36,69.4,2026-10-07T04:14:26
Yuumi,25,ADC HOPLATAN,8273,237,51.1,2026-10-07T04:14:34
Yuumi,26,dammit,7927,194,47.4,2026-10-07T04:14:44
Yuumi,27,aisu,7801,40,70.0,2026-10-07T04:14:52
Yuumi,28,KATON|斑|豪火滅却,7915,34,64.7,2026-10-07T04:15:02
Yuumi,29,Parry3539,8178,128,50.0,2026-10-07T04:15:12
Yuumi,30,Nastyak,8260,128,57.0,2026-10-07T04:15:20
Zed,1,Ewaai,12341,67,64.2,2026-10-07T21:30:54
Zed,2,ZaWarudo,10828,93,64.5,2026-10-07T21:31:04
Zed,3,kato,10561,64,56.2,2026-10-07T21:31:15
Zed,4,Zenri,10386,50,68.0,2026-10-07T21:31:28
Zed,5,smite,10297,36,80.6,2026-10-07T21:31:41
Zed,6,Zed The Ripper,10271,48,64.6,2026-10-07T21:31:51
Zed,7,Rs7,10005,35,65.7,2026-10-07T21:32:06
Zed,8,888,9817,20,80.0,2026-10-07T21:32:22
Zed,9,運命Desire,9704,41,65.9,2026-10-07T21:32:41
Zed,10,Slayp,9656,39,59.0,2026-10-07T21:33:11
Zed,11,Sonounabimba,9750,72,58.3,2026-10-07T21:33:32
Zed,12,COco,9576,46,71.7,2026-10-07T21:33:45
Zed,14,blaze,9494,82,53.7,2026-10-07T21:34:06
Zed,15,MuQ,9264,34,64.7,2026-10-07T21:34:17
Zed,16,Onzed,9200,41,61.0,2026-10-07T21:34:31
Zed,17,風を歩む者,,,55.6,2026-10-07T21:34:39
Zed,18,Risk,9160,70,51.4,2026-10-07T21:34:51
Zed,19,zLuaSP,9355,154,58.4,2026-10-07T21:35:00
Zed,20,1OP | Hellish,9125,33,66.7,2026-10-07T21:35:10
Zed,21,芜湖湖,9123,39,64.1,2026-10-07T21:35:21
Zed,22,Qksymbe,9349,65,58.5,2026-10-07T21:35:30
Zed,23,Garuo,9150,56,66.1,2026-10-07T21:35:41
Zed,24,Tekko,9254,24,75.0,2026-10-07T21:35:51
Zed,25,UNFORGIVEN BLADE,8888,34,67.6,2026-10-07T21:36:00
Zed,26,,8785,24,75.0,2026-10-07T21:36:11
Zed,27,OnlyZed,8785,23,87.0,2026-10-07T21:36:21
Zed,28,SHADOWH890666,8860,98,58.2,2026-10-07T21:36:31
Zed,29,CLEAN KILL,8735,40,65.0,2026-10-07T21:36:44
Zed,30,Mahan,8747,40,67.5,2026-10-07T21:36:55
Zeri,1,arachnophobia,10893,49,73.5,2026-10-07T08:09:00
Zeri,2,Dodgeツ,9799,57,61.4,2026-10-07T08:09:09
Zeri,3,Lethe,9857,59,55.9,2026-10-07T08:09:19
Zeri,5,LGR Prodigy,9177,119,63.0,2026-10-07T08:09:43
Zeri,6,AshTheGlory,8877,31,67.7,2026-10-07T08:09:55
Zeri,7,Kobra,8681,40,67.5,2026-10-07T08:10:09
Zeri,8,冷魔Back,8576,25,56.0,2026-10-07T08:10:20
Zeri,9,HAALAND,8467,82,58.5,2026-10-07T08:10:31
Zeri,10,V0 Higan,8317,17,70.6,2026-10-07T08:10:44
Zeri,11,Discord dabito0,8295,18,55.6,2026-10-07T08:10:57
Zeri,12,NUUSKAMUIKKUNEN,8363,54,61.1,2026-10-07T08:11:08
Zeri,13,Hasu,8097,24,54.2,2026-10-07T08:11:20
Zeri,14,Noblessee,8547,33,60.6,2026-10-07T08:11:29
Zeri,15,RaYzE,8087,48,62.5,2026-10-07T08:11:38
Zeri,16,fafnyr,8203,28,57.1,2026-10-07T08:11:48
Zeri,17,lord troll,8269,25,72.0,2026-10-07T08:11:56
Zeri,18,Kekvin,7992,27,51.9,2026-10-07T08:12:08
Zeri,19,Arxses,7939,77,62.3,2026-10-07T08:12:20
Zeri,20,cookie,7882,26,73.1,2026-10-07T08:12:34
Zeri,21,不败666,7821,28,57.1,2026-10-07T08:12:48
Zeri,22,ChiCho,8024,48,60.4,2026-10-07T08:12:59
Zeri,23,Sart barbapapo,7855,25,72.0,2026-10-07T08:13:38
Zeri,24,Hanuari,7834,35,65.7,2026-10-07T08:13:49
Zeri,25,神之火花,7614,18,66.7,2026-10-07T08:13:57
Zeri,26,KOI Pardo,7766,34,70.6,2026-10-07T08:14:06
Zeri,27,sponge然,7648,20,65.0,2026-10-07T08:14:14
Zeri,28,VanDerMoro,7657,91,58.2,2026-10-07T08:14:24
Zeri,29,IQWERDES,7515,69,65.2,2026-10-07T08:14:34
Zeri,30,の名前はUnarmed神1対1,7884,43,62.8,2026-10-07T08:14:43
Ziggs,1,Wellbrock,9974,49,57.1,2026-10-07T11:58:57
Ziggs,2,GKing,9839,50,60.0,2026-10-07T11:59:19
Ziggs,3,VALOR1X,8973,77,61.0,2026-10-07T11:59:44
Ziggs,4,夜间消音器我很倾斜兄弟,8334,20,65.0,2026-10-07T11:59:57
Ziggs,5,Rexmexx,8014,116,55.2,2026-10-07T12:00:16
Ziggs,6,Trn Hà Linh,8062,54,48.1,2026-10-07T12:00:31
Ziggs,7,Hey Yunah,8260,33,63.6,2026-10-07T12:00:46
Ziggs,8,EGPudding,7990,80,60.0,2026-10-07T12:01:00
Ziggs,9,CatchMyBalls,7834,47,59.6,2026-10-07T12:01:09
Ziggs,10,VusLat,7740,41,53.7,2026-10-07T12:01:23
Ziggs,11,PコSに,7655,23,34.8,2026-10-07T12:01:36
Ziggs,12,WaskevaS,7575,27,70.4,2026-10-07T12:01:48
Ziggs,18,FROST,7458,114,47.4,2026-10-07T12:09:47
Ziggs,19,R1N,7147,59,49.2,2026-10-07T12:09:57
Ziggs,20,KOCA AYI,7235,104,45.2,2026-10-07T12:10:09
Ziggs,21,19fearlles03,7066,61,55.7,2026-10-07T12:10:19
Ziggs,22,DemisSionMacron,7022,26,50.0,2026-10-07T12:10:32
Ziggs,23,1 miss my vEx,7181,20,45.0,2026-10-07T12:10:45
Ziggs,24,poitz,7595,125,48.0,2026-10-07T12:10:54
Ziggs,25,Saphy,6770,31,51.6,2026-10-07T12:11:07
Ziggs,26,tepo,7156,69,52.2,2026-10-07T12:11:16
Ziggs,27,UtiPuti,6720,45,55.6,2026-10-07T12:11:28
Ziggs,28,Bloom,7133,61,57.4,2026-10-07T12:11:40
Ziggs,29,Bacaaa,6870,95,50.5,2026-10-07T12:11:50
Ziggs,30,Bacaaa,3334,5,60.0,2026-10-07T12:13:21
Zilean,1,8Mile,10271,69,71.0,2026-10-07T09:34:09
Zilean,2,JamesBomb,9387,34,55.9,2026-10-07T09:34:22
Zilean,3,Limbo,8555,20,65.0,2026-10-07T09:34:41
Zilean,4,E3S All4U,8785,72,58.3,2026-10-07T09:34:56
Zilean,5,3ABOA4AHMH,8307,38,57.9,2026-10-07T09:35:31
Zilean,6,Shqipe,8196,50,56.0,2026-10-07T09:35:48
Zilean,7,Zilean Faresi,8111,147,52.4,2026-10-07T09:36:03
Zilean,8,Cioran,7884,28,71.4,2026-10-07T09:36:15
Zilean,9,Toxic Jeager,7742,20,60.0,2026-10-07T09:36:27
Zilean,10,Mr Benito,7704,56,48.2,2026-10-07T09:36:52
Zilean,11,Socute,7622,73,64.4,2026-10-07T09:37:39
Zilean,12,56 acJ,7409,45,62.2,2026-10-07T09:37:50
Zilean,13,TRZマTAIKØ,7303,105,59.0,2026-10-07T09:38:02
Zilean,14,Q chokona1,7492,19,63.2,2026-10-07T09:38:17
Zilean,15,TekLavaş Tantuni,7575,51,60.8,2026-10-07T09:38:31
Zilean,16,JinLeveling,7325,48,64.6,2026-10-07T09:38:49
Zilean,18,ajde dodji,7284,40,52.5,2026-10-07T09:39:13
Zilean,19,Kevin de bruyne,7194,35,65.7,2026-10-07T09:39:23
Zilean,20,First1st,7160,45,62.2,2026-10-07T09:39:34
Zilean,21,z3d,7122,96,57.3,2026-10-07T09:39:47
Zilean,22,无话可说,7335,68,48.5,2026-10-07T09:39:58
Zilean,23,Asther775,7208,59,52.5,2026-10-07T09:40:27
Zilean,24,One Speedy Boi,7064,42,50.0,2026-10-07T09:40:42
Zilean,25,AAK 4epTn,7063,24,75.0,2026-10-07T09:40:52
Zilean,26,TLOP Blub,7051,37,45.9,2026-10-07T09:41:05
Zilean,27,BijnaBobaJoba,7422,62,51.6,2026-10-07T09:41:19
Zilean,28,IridescentPoro,7099,80,55.0,2026-10-07T09:41:34
Zilean,29,AriLife,7303,78,55.1,2026-10-07T09:41:45
Zilean,30,Dette,6799,59,66.1,2026-10-07T09:41:53
Zoe,1,mokocchi,10271,45,82.2,2026-10-07T01:03:00
Zoe,2,leowcwa,10271,99,58.6,2026-10-07T01:03:15
Zoe,3,Let TheAxe Shine,9486,83,54.2,2026-10-07T01:03:30
Zoe,4,M1SAK1,9534,77,61.0,2026-10-07T01:03:57
Zoe,5,CONNOR,9263,25,52.0,2026-10-07T01:04:42
Zoe,6,神様746,8865,37,48.6,2026-10-07T01:05:02
Zoe,7,III Kakashi III,8579,78,53.8,2026-10-07T01:05:13
Zoe,8,Dinozor,8568,79,63.3,2026-10-07T01:05:26
Zoe,9,素HATE,8290,67,64.2,2026-10-07T01:05:37
Zoe,10,PROSTITUTE,8186,16,81.2,2026-10-07T01:05:48
Zoe,11,Luré,8149,88,56.8,2026-10-07T01:06:04
Zoe,12,YessYess,7894,42,59.5,2026-10-07T01:06:17
Zoe,13,CatchMyBalls,8568,198,53.0,2026-10-07T01:06:34
Zoe,14,SlayQueenPeriod,8534,139,56.8,2026-10-07T01:06:51
Zoe,15,step by step,8004,57,47.4,2026-10-07T01:07:01
Zoe,16,XITP,7453,37,67.6,2026-10-07T01:07:13
Zoe,17,Twitch sSing1e,7857,57,50.9,2026-10-07T01:07:30
Zoe,18,RONEREO,7303,52,57.7,2026-10-07T01:07:48
Zoe,19,Yamato,7259,44,61.4,2026-10-07T01:08:16
Zoe,20,Yazhion,7229,36,58.3,2026-10-07T01:08:48
Zoe,21,BlueberryJam,7616,43,62.8,2026-10-07T01:09:24
Zoe,23,spellTHief,7105,115,55.7,2026-10-07T01:10:22
Zoe,24,aNUBis7Star,7006,87,49.4,2026-10-07T01:10:40
Zoe,25,LAPARCA,7411,35,42.9,2026-10-07T01:10:55
Zoe,26,ilovethisgame,6849,39,71.8,2026-10-07T01:11:21
Zoe,27,SSS Do Bronx,6807,39,53.8,2026-10-07T01:12:12
Zoe,28,Scrow,6836,11,45.5,2026-10-07T01:12:29
Zoe,29,S1 LOL SMURF,6707,36,50.0,2026-10-07T01:12:59
Zoe,30,spicy,6790,78,52.6,2026-10-07T01:13:25
Zyra,1,Wellbrock,9698,48,66.7,2026-10-07T07:47:09
Zyra,2,WhyYaSouBad,9258,43,58.1,2026-10-07T07:47:19
Zyra,3,PrafNL,9098,200,57.5,2026-10-07T07:47:29
Zyra,4,Perry Hotter,8474,25,72.0,2026-10-07T07:47:40
Zyra,5,青涩小妈,8414,58,81.0,2026-10-07T07:47:58
Zyra,6,JOSEスタイルがある,,,0.0,2026-10-07T07:48:10
Zyra,7,Deadman,7945,73,60.3,2026-10-07T07:48:23
Zyra,8,Eul 々 Liric,7895,24,70.8,2026-10-07T07:48:35
Zyra,9,Vat of Fake Acid,8404,84,50.0,2026-10-07T07:48:45
Zyra,10,RfX,7795,44,50.0,2026-10-07T07:48:59
Zyra,11,Ahmed Hesham,7893,73,49.3,2026-10-07T07:49:08
Zyra,12,momoka,7552,41,70.7,2026-10-07T07:49:19
Zyra,13,Valaisanne,7661,59,55.9,2026-10-07T07:49:29
Zyra,14,Voidos,7543,84,54.8,2026-10-07T07:49:38
Zyra,15,miilhane,7409,41,65.9,2026-10-07T07:49:48
Zyra,16,Freddoo,7338,77,57.1,2026-10-07T07:49:57
Zyra,17,Nealtruist,7546,60,53.3,2026-10-07T07:50:07
Zyra,18,BlackyROUX,7397,51,45.1,2026-10-07T07:50:24
Zyra,19,mia,7128,29,69.0,2026-10-07T07:50:35
Zyra,20,Torben Banje,7128,47,68.1,2026-10-07T07:50:49
Zyra,21,Neskoo,7057,39,59.0,2026-10-07T07:51:03
Zyra,22,Ayro,6940,24,66.7,2026-10-07T07:51:11
Zyra,23,알바스위트,6932,30,73.3,2026-10-07T07:51:21
Zyra,24,The Pervert Monk,7024,27,63.0,2026-10-07T07:51:32
Zyra,25,STEGOLS,6921,92,50.0,2026-10-07T07:51:40
Zyra,26,IlepHMK,6914,62,50.0,2026-10-07T07:51:50
Zyra,27,MyIQis1,6868,43,53.5,2026-10-07T07:51:58
Zyra,28,Iza,7196,101,58.4,2026-10-07T07:52:08
Zyra,29,JohnStnr2,6992,121,56.2,2026-10-07T07:52:19
Zyra,30,Jöker Acès,6839,31,58.1,2026-10-07T07:52:27
